patientId,firstName,middleName,lastName,dateOfBirth,email,phone,address
786579303,David,,Peretz,1986-07-25,david.peretz@gmail.com,052-2719583,Eilat
193349856,Kobi,Ben,Lazar,1988-12-01,kobi.lazar@gmail.com,058-1445199,Eilat
313500298,Sapir,,Koren,1970-11-24,sapir.koren@gmail.com,057-5667265,Tel Aviv - Yafo
914763202,Eitan,,Yarkoni,1983-08-09,eitan.yarkoni@gmail.com,053-6647119,Beer-Sheva
199585092,Neta,,Yosef,1977-09-04,neta.yosef@hotmail.com,054-1728977,Ashdod
675770529,Itai,Michael,Berger,1952-02-19,itai.berger@hotmail.com,055-4226067,Beer-Sheva
149203558,Limor,, Dayan,2001-05-17,limor. dayan@checkpoints.com,053-2694522,Rehovot
398471886,Shani,,Gur,1993-12-10,shani.gur@gmail.com,055-4514944,Petah-Tikva
853573823,Dorit,Leah,Porat,1993-03-07,dorit.porat@hotmail.com,053-3741438,Ashdod
507437181,Tamar,,Gur,1988-10-30,tamar.gur@teva.com,055-1938483,Jerusalem
982403818,Yitzhak,,Melamed,2002-08-06,yitzhak.melamed@gmail.com,059-6279418,Jerusalem
803771909,Nir,,Zilber,1950-11-11,nir.zilber@walla.co.il,052-5443951,Haifa
364814270,Kim,,Shani,1941-07-07,kim.shani@hotmail.com,056-7700828,Herzeliya
335493870,Ariel,,Bar-On,1940-09-23,ariel.bar-on@gmail.com,051-3564251,Haifa
950488739,Dorit,,Lazar,1974-01-05,dorit.lazar@walla.co.il,059-8852574,Eilat
369953851,Gadi,,Levi,1998-04-04,gadi.levi@teva.com,058-5476583,Herzeliya
219778234,Shira,,Spector,2008-03-29,shira.spector@teva.com,054-9398441,Haifa
645119047,Ori,,Yadin,1951-03-18,ori.yadin@hotmail.com,059-4337174,Haifa
501486939,May,,Shapira,1938-09-05,may.shapira@hotmail.com,050-6438436,Ashdod
120912992,David,,Feldman,1980-12-11,david.feldman@gmail.com,050-5041154,Nahariya
184564737,Daniel,,Shamir,2002-04-29,daniel.shamir@checkpoints.com,058-3109911,Haifa
808402051,Ron,,Tamir,1961-03-12,ron.tamir@checkpoints.com,059-8099076,Jerusalem
679064766,Coral,,Shamir,1944-07-28,coral.shamir@gmail.com,056-7264956,Ashdod
655742829,Rotem,,Ohayon,2002-10-15,rotem.ohayon@gmail.com,050-4860684,Nahariya
336456621,Avraham,,Malka,2003-04-02,avraham.malka@gmail.com,051-1527021,Herzeliya
176082500,Eyal,,Eitan,1964-12-25,eyal.eitan@gmail.com,058-3219824,Nahariya
718702544,Ron,,Saban,1972-01-06,ron.saban@gmail.com,051-2626229,Rehovot
480424119,Gal,,Hoffman,1943-02-15,gal.hoffman@gmail.com,051-2016911,Rehovot
881913386,Roni,,David,1991-06-21,roni.david@hotmail.com,057-3351868,Rehovot
297018781,Maya,,Heller,2001-10-08,maya.heller@walla.co.il,058-2642635,Tel Aviv - Yafo
800235246,Lior,,Levi,1940-12-05,lior.levi@checkpoints.com,053-3790237,Rehovot
621453189,Ben,,Barkat,2003-04-10,ben.barkat@gmail.com,056-1036161,Rehovot
384759615,Shani,,Asulin,1942-12-30,shani.asulin@checkpoints.com,058-9164991,Haifa
303901283,Shira,,Barkat,1956-07-28,shira.barkat@teva.com,058-2022698,Herzeliya
161380746,Israel,,Sela,1960-11-19,israel.sela@gmail.com,050-9519948,Beer-Sheva
299528037,Chaim,,Gal,1987-06-07,chaim.gal@walla.co.il,051-5130808,Nahariya
738360085,Yaakov,Leah,Oz,1956-03-03,yaakov.oz@hotmail.com,058-6307805,Petah-Tikva
319321646,Osnat,,Ben-Gurion,1984-09-14,osnat.ben-gurion@walla.co.il,052-6033115,Ashdod
439492674,Coral,Sarah,Malka,1958-01-09,coral.malka@gmail.com,051-4576135,Eilat
384756779,Yosef,,Goldberg,1986-08-14,yosef.goldberg@gmail.com,054-3646552,Ashdod
995226828,Lior,,Eshkol,1949-11-11,lior.eshkol@hotmail.com,050-6022741,Beer-Sheva
244193987,Leah,,Omer,1941-12-05,leah.omer@hotmail.com,052-5569244,Petah-Tikva
749431082,Roy,,Ben-Gurion,1946-11-09,roy.ben-gurion@teva.com,054-9479356,Ashdod
369639388,Israel,,Azoulay,1983-09-17,israel.azoulay@gmail.com,050-6596150,Haifa
784095277,Leah,,Shapira,1959-01-15,leah.shapira@teva.com,056-1162230,Beer-Sheva
180792472,Meital,,Levine,1975-05-30,meital.levine@hotmail.com,058-3484601,Rehovot
236843584,Yaakov,,Aharon,1937-02-09,yaakov.aharon@checkpoints.com,050-7003042,Jerusalem
832363533,Rachel,,Livne,1958-04-21,rachel.livne@checkpoints.com,056-3592974,Jerusalem
274484941,Idan,Leah,Hoffman,1978-09-24,idan.hoffman@checkpoints.com,056-5163555,Petah-Tikva
270937380,Sivan,,David,2005-01-22,sivan.david@checkpoints.com,057-4731818,Jerusalem
976803188,Shani,,Goldberg,1937-03-07,shani.goldberg@checkpoints.com,053-4740036,Tel Aviv - Yafo
808705238,Alon,,Green,2002-04-22,alon.green@checkpoints.com,054-6891254,Eilat
529151399,Iris,,Dotan,2006-01-21,iris.dotan@gmail.com,054-3995870,Nahariya
385042337,Yitzhak,,David,1977-07-09,yitzhak.david@teva.com,055-8321474,Nahariya
649136331,David,,Altman,1991-06-25,david.altman@gmail.com,050-8315831,Tel Aviv - Yafo
658260221,Shahar,,Nir,1941-12-20,shahar.nir@teva.com,053-7110622,Rehovot
175133802,Osnat,,Weiss,1949-01-07,osnat.weiss@checkpoints.com,051-6038571,Eilat
432091877,Osnat,,Hoffman,1945-12-25,osnat.hoffman@gmail.com,058-3135534,Jerusalem
551450815,Osnat,,Berger,1992-12-02,osnat.berger@hotmail.com,059-6049101,Rehovot
688343096,Avraham,,Elbaz,1969-12-19,avraham.elbaz@checkpoints.com,059-6406444,Ashdod
574364121,Hadar,,Bareket,1966-01-30,hadar.bareket@checkpoints.com,052-2422633,Petah-Tikva
653462378,Limor,,Gur,2000-02-26,limor.gur@checkpoints.com,053-6207974,Jerusalem
966040317,Guy,Bat,Klein,1965-11-27,guy.klein@hotmail.com,051-8640615,Rehovot
776205431,Yaron,,Ronen,1974-01-31,yaron.ronen@walla.co.il,056-5093379,Haifa
804436922,Meital,,Cohen,1939-06-14,meital.cohen@gmail.com,056-4671545,Haifa
963406382,Sivan,,Navon,1958-07-11,sivan.navon@gmail.com,051-8658158,Haifa
960514523,Stav,,Livne,1958-05-23,stav.livne@hotmail.com,055-8425149,Nahariya
975106572,Eden,,Arad,1959-05-20,eden.arad@walla.co.il,052-8963715,Ashdod
378304807,Coral,,Saban,1983-08-28,coral.saban@checkpoints.com,058-9130188,Jerusalem
394846763,Hadar,,Malka,1987-07-01,hadar.malka@gmail.com,055-6363836,Eilat
186519602,Ariel,,Levine,1946-04-11,ariel.levine@gmail.com,053-2077581,Rehovot
537656494,Anat,,Lavi,2002-12-12,anat.lavi@gmail.com,056-7534336,Nahariya
846812123,Yosef,,Olmert,1965-09-28,yosef.olmert@gmail.com,055-6009888,Rehovot
997356828,Dor,,Dotan,1959-07-16,dor.dotan@checkpoints.com,059-4700025,Ashdod
335602191,Tamar,,Spector,1973-08-24,tamar.spector@gmail.com,056-3768991,Ashdod
237039296,Eli,Yosef,Dotan,1955-06-07,eli.dotan@hotmail.com,050-2408404,Rehovot
245706210,Stav,Yosef,Zamir,1979-03-02,stav.zamir@gmail.com,057-6483562,Herzeliya
917364173,Neta,,Vaknin,1970-09-18,neta.vaknin@gmail.com,051-8890439,Tel Aviv - Yafo
904258674,Lior,,Avraham,1977-02-19,lior.avraham@gmail.com,051-1675419,Tel Aviv - Yafo
365518424,Guy,,Mizrachi,1987-02-18,guy.mizrachi@gmail.com,057-2919136,Nahariya
334037646,Stav,,Yarkoni,1975-06-10,stav.yarkoni@gmail.com,059-2921542,Haifa
433975497,Ori,Michael,Sela,1956-11-16,ori.sela@teva.com,056-7654757,Jerusalem
181600593,Kobi,,Tal,1986-09-30,kobi.tal@gmail.com,054-3030966,Nahariya
940348305,Yaakov,,Goldberg,1949-03-09,yaakov.goldberg@gmail.com,051-9488613,Herzeliya
113585139,Dor,Michael,Shaham,1951-07-07,dor.shaham@checkpoints.com,057-3566765,Rehovot
289125618,Agam,,Navon,1984-04-20,agam.navon@hotmail.com,058-9111742,Ashdod
567694547,Agam,,Peled,1986-07-05,agam.peled@checkpoints.com,051-5679639,Ashdod
361846370,Coral,,Heller,1948-08-02,coral.heller@walla.co.il,055-1481506,Ashdod
448981305,Amit,,Shaham,1936-12-15,amit.shaham@gmail.com,055-5691890,Nahariya
852890318,Maya,Bat,Shani,2000-11-07,maya.shani@gmail.com,056-9196976,Eilat
914073098,Sarah,,Tal,1944-09-02,sarah.tal@walla.co.il,057-1289293,Beer-Sheva
415933049,Ofek,,Green,1981-01-23,ofek.green@teva.com,059-7191135,Ashdod
694287057,Zohar,,Goldberg,1941-08-12,zohar.goldberg@hotmail.com,055-6902401,Ashdod
390894296,Avigail,,Turgeman,1943-10-28,avigail.turgeman@gmail.com,055-3005795,Eilat
918394863,Meital,,Zamir,1942-04-09,meital.zamir@walla.co.il,054-9801946,Nahariya
403867539,Noam,,Ronen,1976-02-27,noam.ronen@gmail.com,054-1237370,Eilat
235917419,Maya,,Dahan,1958-11-21,maya.dahan@gmail.com,052-9235577,Beer-Sheva
113169872,Yaron,,Asulin,1969-01-06,yaron.asulin@gmail.com,052-1861958,Petah-Tikva
612957813,David,,Agbaria,2001-11-20,david.agbaria@hotmail.com,050-3545556,Haifa
970957171,Ilan,Bat,Elbaz,1997-11-27,ilan.elbaz@hotmail.com,056-4786401,Eilat
508427798,Rotem,,Guttman,1955-09-26,rotem.guttman@walla.co.il,054-2010496,Nahariya
894664845,Noam,,Olmert,1989-08-08,noam.olmert@gmail.com,051-3634980,Jerusalem
286630878,Gadi,,Malka,1971-11-19,gadi.malka@walla.co.il,059-8883823,Petah-Tikva
135046782,Gil,,Asulin,1945-06-19,gil.asulin@checkpoints.com,057-2194198,Jerusalem
384063364,Tali,,Peled,1990-10-14,tali.peled@walla.co.il,051-4771676,Haifa
385220694,Omer,,Malka,1980-12-08,omer.malka@hotmail.com,059-5842082,Ashdod
233523720,Stav,,Tal,1972-06-03,stav.tal@gmail.com,058-9284509,Ashdod
186373782,Dudi,,Dahan,1942-08-20,dudi.dahan@gmail.com,059-5200476,Tel Aviv - Yafo
198061499,Gil,,Bareket,1956-12-05,gil.bareket@hotmail.com,050-5521644,Nahariya
143198431,May,,Sharon,1961-12-22,may.sharon@teva.com,057-5666692,Haifa
728492896,Mor,,Gur,2000-05-07,mor.gur@walla.co.il,055-7850944,Herzeliya
444733679,Osnat,,David,1978-12-11,osnat.david@walla.co.il,057-5835492,Rehovot
973559879,May,Ben,Tamir,1980-04-25,may.tamir@gmail.com,055-2944841,Rehovot
652543518,Avraham,,Tzur,1967-02-01,avraham.tzur@walla.co.il,050-4147112,Eilat
488457631,Eli,,Sharon,1968-11-16,eli.sharon@checkpoints.com,050-4415140,Petah-Tikva
689720101,Yosef,,Asulin,1945-11-21,yosef.asulin@walla.co.il,051-1484348,Nahariya
958256589,Sarah,,Eshkol,1959-02-12,sarah.eshkol@gmail.com,058-7844947,Beer-Sheva
341270488,David,,Heller,1950-06-04,david.heller@checkpoints.com,052-9361353,Petah-Tikva
646397165,Shir,,Gabay,1965-03-31,shir.gabay@walla.co.il,053-8663605,Eilat
255308128,Lihi,,Ronen,1962-12-08,lihi.ronen@teva.com,052-2171218,Petah-Tikva
929653607,Dor,,Schwartz,1962-12-25,dor.schwartz@gmail.com,050-5745250,Petah-Tikva
999232921,Kobi,,Sela,1964-08-09,kobi.sela@checkpoints.com,052-8491822,Eilat
620057604,Tal,,Weiss,1959-10-12,tal.weiss@walla.co.il,057-6398528,Jerusalem
848933239,Sarah,,Geva,1938-12-15,sarah.geva@walla.co.il,050-6338112,Ashdod
857232668,Neta,,Altman,1937-06-11,neta.altman@checkpoints.com,052-9310235,Tel Aviv - Yafo
235555899,Asaf,,Peled,1999-07-13,asaf.peled@checkpoints.com,057-2672884,Eilat
590622789,Moshe,,Begin,1949-10-16,moshe.begin@gmail.com,051-8876745,Petah-Tikva
463527356,Eli,,Tal,2001-04-30,eli.tal@checkpoints.com,055-9952696,Rehovot
440012324,Tali,,Ben-Gurion,1964-10-03,tali.ben-gurion@checkpoints.com,058-1602286,Nahariya
173466219,Sarah,,Yadin,1982-10-02,sarah.yadin@gmail.com,051-8280833,Beer-Sheva
916440738,Orly,,Eshkol,1968-09-23,orly.eshkol@gmail.com,054-1485654,Tel Aviv - Yafo
448294647,Shalom,,Marciano,1969-11-23,shalom.marciano@gmail.com,053-9911492,Rehovot
707660630,Dorit,,Zamir,2001-06-13,dorit.zamir@hotmail.com,056-5040453,Ashdod
726160204,Omer,, Dayan,1985-09-30,omer. dayan@walla.co.il,054-1157662,Ashdod
408842146,Iris,,Lavi,1968-11-26,iris.lavi@gmail.com,059-6018975,Rehovot
841218491,Rivka,,Blau,1990-08-30,rivka.blau@walla.co.il,057-2789344,Jerusalem
509486794,Yaron,,Silberman,1945-10-19,yaron.silberman@gmail.com,050-7640518,Petah-Tikva
108695125,Ilan,,Nir,2004-02-18,ilan.nir@hotmail.com,057-5801541,Jerusalem
751831074,Hila,,Ben-David,1952-10-30,hila.ben-david@gmail.com,052-2630140,Tel Aviv - Yafo
431714152,Hadar,,Biton,1942-10-31,hadar.biton@gmail.com,051-5951131,Herzeliya
902601465,Dor,,Golan,1937-12-21,dor.golan@hotmail.com,055-9906224,Eilat
392624015,Tomers,,Turgeman,1965-04-21,tomers.turgeman@checkpoints.com,054-6682698,Beer-Sheva
602866993,Shlomo,,Klein,1988-04-17,shlomo.klein@checkpoints.com,056-7136687,Beer-Sheva
948988297,Erez,,Levi,1997-06-12,erez.levi@walla.co.il,055-5398338,Nahariya
509123009,Orly,Bat,Deutsch,1966-03-27,orly.deutsch@gmail.com,059-6503032,Nahariya
337691219,Ronit,,Agbaria,1966-11-18,ronit.agbaria@teva.com,054-7850067,Beer-Sheva
250084428,Yaakov,,Biton,1964-05-03,yaakov.biton@gmail.com,051-4939290,Eilat
245668163,Lihi,,Blau,1941-11-11,lihi.blau@teva.com,058-8031780,Nahariya
897005281,Agam,,Levine,1949-10-11,agam.levine@gmail.com,057-7847048,Petah-Tikva
135128844,Meital,,Deutsch,1968-08-21,meital.deutsch@gmail.com,055-2666893,Herzeliya
684615760,Ronit,Michael,Silberman,1991-07-04,ronit.silberman@gmail.com,057-2538024,Jerusalem
789024924,Orly,,Gal,2003-12-30,orly.gal@checkpoints.com,055-5086407,Haifa
945011302,Ilan,,Liberman,1958-10-24,ilan.liberman@gmail.com,059-4623062,Jerusalem
452788129,Roni,,Klein,1955-01-24,roni.klein@gmail.com,054-3427461,Haifa
680051935,Rivka,,Golan,2006-03-22,rivka.golan@gmail.com,050-7010308,Jerusalem
732276010,Michal,,Mizrachi,2003-10-31,michal.mizrachi@gmail.com,056-9826250,Beer-Sheva
900651998,Chaim,,Frank,1976-01-20,chaim.frank@hotmail.com,059-2829622,Ashdod
640992677,Ofek,,Ben-Ari,1949-06-03,ofek.ben-ari@hotmail.com,054-8684678,Tel Aviv - Yafo
165310776,Ben,,Green,1998-11-06,ben.green@walla.co.il,057-2232969,Beer-Sheva
445864933,Roni,Michael,Klein,1952-07-10,roni.klein@teva.com,059-6455706,Rehovot
741444618,Zohar,,Marciano,1954-03-21,zohar.marciano@walla.co.il,051-2919549,Eilat
873995963,Niv,,Spector,1988-01-13,niv.spector@walla.co.il,055-8608449,Rehovot
546665485,Agam,,Yosef,1980-06-30,agam.yosef@teva.com,054-7279729,Haifa
837468465,Ron,Ben,Agbaria,2000-03-03,ron.agbaria@walla.co.il,051-7251976,Haifa
697398528,Shalom,,Peled,1958-02-21,shalom.peled@gmail.com,051-7892225,Herzeliya
814403943,Coral,,Lazar,1943-11-05,coral.lazar@gmail.com,054-6242022,Herzeliya
211240259,Yaron,,Arad,1949-08-13,yaron.arad@walla.co.il,053-2815603,Herzeliya
697285504,Dana,,Omer,1957-01-10,dana.omer@gmail.com,056-1440466,Nahariya
806340901,Meital,Michael,Gabay,1945-06-28,meital.gabay@checkpoints.com,054-6701311,Herzeliya
106556040,Amit,,Klein,1972-07-30,amit.klein@gmail.com,052-1514340,Beer-Sheva
901131404,Zohar,,Barkat,1967-11-01,zohar.barkat@gmail.com,052-7208460,Petah-Tikva
874807770,Michal,,Lapid,1955-01-16,michal.lapid@gmail.com,050-3610197,Haifa
910069356,Eli,,Avraham,1984-02-14,eli.avraham@walla.co.il,056-9148051,Nahariya
574641329,Dor,,Gabay,1962-07-27,dor.gabay@gmail.com,055-8212753,Beer-Sheva
404133583,Iris,,Bareket,1961-04-05,iris.bareket@teva.com,054-1761976,Jerusalem
524410834,Dudi,Michael,Friedman,1989-08-01,dudi.friedman@checkpoints.com,052-5286905,Petah-Tikva
452318696,Itai,,Cohen,1969-11-24,itai.cohen@gmail.com,052-7378822,Eilat
855561271,Gil,,Arad,1948-08-07,gil.arad@checkpoints.com,055-2209226,Rehovot
896760809,Yaakov,Ben,Spector,1980-06-12,yaakov.spector@hotmail.com,056-7785090,Rehovot
410864588,David,Michael,Green,1993-02-11,david.green@checkpoints.com,059-8719145,Herzeliya
194628740,Mor,,David,1955-09-14,mor.david@walla.co.il,058-2319479,Rehovot
433154770,Kim,,Schwartz,1938-08-20,kim.schwartz@gmail.com,051-9564488,Beer-Sheva
669732591,Eyal,,Ronen,1977-03-10,eyal.ronen@gmail.com,052-4963933,Beer-Sheva
257243284,Rivka,,Stern,1994-10-26,rivka.stern@checkpoints.com,051-3972018,Ashdod
598165815,Coral,,Ramon,1968-04-05,coral.ramon@teva.com,059-6422534,Herzeliya
262089272,Hadar,,Agbaria,1951-11-21,hadar.agbaria@gmail.com,054-1942411,Herzeliya
644748834,Shlomo,,Aharon,2005-02-27,shlomo.aharon@gmail.com,055-5816353,Beer-Sheva
792205349,Michael,,Ben-Ari,1974-01-15,michael.ben-ari@walla.co.il,059-1688246,Ashdod
969533218,Yaron,,Koren,1954-04-04,yaron.koren@walla.co.il,058-3531028,Tel Aviv - Yafo
583745511,Ori,,Schwartz,2000-12-19,ori.schwartz@hotmail.com,052-1656695,Jerusalem
859803019,Hadar,,Guttman,1953-10-28,hadar.guttman@gmail.com,055-7255418,Petah-Tikva
515985367,Bar,,Lapid,1954-11-23,bar.lapid@gmail.com,055-2105817,Herzeliya
201474984,Rami,,Bareket,1985-12-04,rami.bareket@teva.com,059-3522845,Herzeliya
187512088,Motti,Michael,Tzur,1980-09-13,motti.tzur@teva.com,056-3163449,Nahariya
861104727,Daniel,,Aharon,1950-10-21,daniel.aharon@checkpoints.com,055-3144023,Eilat
200344359,Ronit,,Livne,1976-01-27,ronit.livne@gmail.com,055-6181912,Haifa
329987621,Roni,,Netanyahu,1988-03-17,roni.netanyahu@gmail.com,052-2294615,Petah-Tikva
946237594,Noam,,Arad,1942-04-08,noam.arad@hotmail.com,050-6649968,Nahariya
240712839,Dudi,,Berger,1992-04-23,dudi.berger@checkpoints.com,059-3777286,Ashdod
146914391,Bar,,Feldman,1987-03-23,bar.feldman@walla.co.il,059-5780297,Ashdod
351258749,Shahar,,Eitan,1938-03-01,shahar.eitan@walla.co.il,053-7171347,Nahariya
573087862,Stav,,Netanyahu,1974-04-10,stav.netanyahu@hotmail.com,058-8023963,Haifa
977130288,Guy,Michael,Harel,2003-11-08,guy.harel@teva.com,057-7227905,Eilat
210154881,Sapir,,Navon,1982-12-17,sapir.navon@gmail.com,052-5576678,Ashdod
651208305,Omer,Bat,Spector,1968-01-23,omer.spector@gmail.com,050-7960815,Tel Aviv - Yafo
525689202,Asaf,,Deutsch,2001-03-18,asaf.deutsch@gmail.com,053-1472908,Herzeliya
256819248,Ariel,,Biton,1966-02-23,ariel.biton@teva.com,052-8870361,Ashdod
760725160,Avraham,Bat,Katz,1995-02-13,avraham.katz@hotmail.com,059-9854536,Rehovot
219385981,Roni,,Asulin,1997-08-08,roni.asulin@gmail.com,053-8043503,Nahariya
590822013,Chaim,,Omer,1963-09-10,chaim.omer@hotmail.com,058-1275739,Eilat
717452511,Sarah,Yosef,Ben-Gurion,2008-05-23,sarah.ben-gurion@hotmail.com,055-5035998,Nahariya
547286055,Amit,,Livne,1961-07-27,amit.livne@gmail.com,051-9825812,Eilat
644738967,Asaf,,Tamir,1966-05-10,asaf.tamir@gmail.com,056-7262974,Petah-Tikva
902425085,Yosef,,Silberman,1977-08-07,yosef.silberman@gmail.com,051-6578736,Haifa
147605080,Hila,,Lavi,1950-11-12,hila.lavi@gmail.com,057-9028420,Haifa
971339002,Ariel,,Agbaria,1967-06-22,ariel.agbaria@gmail.com,054-4382135,Tel Aviv - Yafo
949447049,Guy,,Dahan,1980-09-18,guy.dahan@hotmail.com,056-8942330,Petah-Tikva
139321248,Coral,,Porat,1976-07-04,coral.porat@checkpoints.com,050-6568772,Petah-Tikva
233654018,Dana,,Spector,1941-11-06,dana.spector@walla.co.il,056-6688090,Haifa
632794158,Meital,,Harari,1937-01-02,meital.harari@hotmail.com,054-2385991,Rehovot
184747224,Mor,,Harel,1992-05-05,mor.harel@hotmail.com,054-6389033,Beer-Sheva
185973340,Michal,,Tzur,1968-07-12,michal.tzur@hotmail.com,056-3795835,Ashdod
477470703,Rotem,,Dahan,1976-11-26,rotem.dahan@hotmail.com,056-5606274,Tel Aviv - Yafo
180574838,Osnat,,Gur,1962-07-03,osnat.gur@checkpoints.com,052-1522452,Haifa
752376434,Iris,Ben,Guttman,1987-05-12,iris.guttman@checkpoints.com,055-7075878,Rehovot
709074302,Yitzhak,,Harel,1968-03-02,yitzhak.harel@gmail.com,055-8448065,Beer-Sheva
716243819,Ariel,,Peles,1980-04-30,ariel.peles@teva.com,054-5187788,Beer-Sheva
127824235,Linoy,,Zamir,1973-10-25,linoy.zamir@hotmail.com,051-5391883,Petah-Tikva
855954847,Rotem,,Barkat,1982-11-30,rotem.barkat@teva.com,057-4358435,Beer-Sheva
245737277,Shlomo,,fuchs,1944-07-14,shlomo.fuchs@walla.co.il,051-6361793,Herzeliya
861863296,Chaim,,Tamir,1981-08-16,chaim.tamir@checkpoints.com,052-3920762,Herzeliya
646272321,Ofek,,Ohayon,1937-06-22,ofek.ohayon@gmail.com,053-9288312,Tel Aviv - Yafo
487509692,Gadi,,Geva,1959-01-16,gadi.geva@gmail.com,059-2446455,Beer-Sheva
432098383,Erez,,Ben-Gurion,1961-05-16,erez.ben-gurion@walla.co.il,056-2237331,Haifa
440405868,Ronit,,Malka,1947-07-09,ronit.malka@hotmail.com,055-3153097,Eilat
786973497,Kobi,,Zamir,1996-12-15,kobi.zamir@walla.co.il,058-1929673,Beer-Sheva
656307931,Adam,,Elbaz,1979-08-03,adam.elbaz@teva.com,053-6805303,Eilat
404994549,Daniel,,Turgeman,1959-02-12,daniel.turgeman@gmail.com,052-6080553,Nahariya
672817675,Michael,,Arad,1955-06-10,michael.arad@hotmail.com,052-3872269,Nahariya
873773537,Roni,,Schwartz,1957-12-20,roni.schwartz@gmail.com,050-2362693,Tel Aviv - Yafo
788755699,Noga,,Geva,1989-08-15,noga.geva@checkpoints.com,059-7989166,Nahariya
786111573,David,,Harari,1959-08-03,david.harari@gmail.com,054-9102469,Jerusalem
964027324,Dorit,,Green,2001-12-26,dorit.green@teva.com,050-3652149,Ashdod
546270451,Ben,,Heller,1954-02-08,ben.heller@gmail.com,055-6357240,Herzeliya
703068400,Ori,,Melamed,1997-07-17,ori.melamed@gmail.com,057-5159388,Haifa
203950725,Israel,,Marciano,1953-04-29,israel.marciano@walla.co.il,053-3679315,Herzeliya
720286733,Eden,,Melamed,1994-03-28,eden.melamed@walla.co.il,058-8831858,Ashdod
431292818,Nir,Yosef,Mizrachi,1963-03-10,nir.mizrachi@walla.co.il,053-4609524,Nahariya
478918222,Israel,,Avraham,1954-12-05,israel.avraham@checkpoints.com,057-5794062,Eilat
108780419,Ori,Michael,Spector,1943-04-08,ori.spector@gmail.com,056-7139410,Tel Aviv - Yafo
530121245,Israel,,Ramon,1976-01-04,israel.ramon@hotmail.com,054-2233658,Rehovot
641440255,Rotem,,Olmert,1952-08-14,rotem.olmert@teva.com,059-2993318,Haifa
203810954,Erez,,Deutsch,1978-02-10,erez.deutsch@hotmail.com,055-3420404,Jerusalem
746889670,Eyal,,Green,2004-06-20,eyal.green@gmail.com,052-6587495,Ashdod
657629251,Shani,,Levine,1962-04-14,shani.levine@gmail.com,055-6344047,Haifa
521931770,Avi,,Rabin,1955-04-08,avi.rabin@gmail.com,058-9551583,Eilat
625968839,Shir,,Ramon,2007-01-15,shir.ramon@gmail.com,055-2838859,Rehovot
726745401,Avigail,,Begin,1952-01-30,avigail.begin@gmail.com,059-8962302,Petah-Tikva
803935444,Roni,,Sela,1943-10-25,roni.sela@gmail.com,059-9060593,Haifa
662890182,Tali,,Begin,1974-06-04,tali.begin@gmail.com,053-1529665,Nahariya
852178601,David,Michael,Ronen,1970-12-18,david.ronen@gmail.com,056-4420734,Rehovot
638824588,Roni,,Ben-Ari,1942-07-09,roni.ben-ari@teva.com,050-3316639,Eilat
322631460,Rami,,Rubin,1965-08-13,rami.rubin@hotmail.com,056-6263895,Haifa
593559955,Shahar,,Schwartz,1947-11-25,shahar.schwartz@checkpoints.com,054-9123194,Jerusalem
364697908,Maya,,Shani,1981-10-31,maya.shani@checkpoints.com,054-4477544,Ashdod
440419907,Ben,,Goldberg,1937-03-05,ben.goldberg@teva.com,054-5828304,Beer-Sheva
523625992,Tal,,Netanyahu,1982-06-23,tal.netanyahu@gmail.com,054-2325893,Herzeliya
574997731,Sigal,,Turgeman,1989-05-03,sigal.turgeman@gmail.com,058-5548852,Eilat
847508242,Tamar,Leah,Grosman,1955-11-20,tamar.grosman@gmail.com,053-1851702,Eilat
342313086,Orly,Yosef, Dayan,1978-11-25,orly. dayan@teva.com,057-2686863,Haifa
105563528,Gadi,,Shapira,1965-11-09,gadi.shapira@walla.co.il,053-5819172,Herzeliya
406462391,Ronit,,Friedman,2000-07-04,ronit.friedman@teva.com,059-4896008,Eilat
893158610,Eden,,Biton,1992-10-29,eden.biton@walla.co.il,052-1609681,Rehovot
946066287,Nir,,Zamir,1982-07-25,nir.zamir@gmail.com,050-6006190,Nahariya
747233283,Ori,,Weiss,1950-12-31,ori.weiss@hotmail.com,058-9286475,Haifa
641394238,Stav,,Gabay,1998-06-05,stav.gabay@gmail.com,052-8699307,Petah-Tikva
871588919,Amit,,Levi,1937-08-04,amit.levi@gmail.com,059-4240708,Haifa
756007396,Orly,,Green,1962-04-22,orly.green@gmail.com,051-7724865,Beer-Sheva
298407302,Ariel,,Kramer,1986-04-12,ariel.kramer@gmail.com,054-7435310,Jerusalem
579678614,Coral,,Gabay,1981-06-11,coral.gabay@hotmail.com,059-1191859,Petah-Tikva
801887172,Inbal,,Tal,1948-08-15,inbal.tal@gmail.com,057-6147356,Haifa
535312769,Dorit,,Arad,1945-05-31,dorit.arad@checkpoints.com,054-2969909,Petah-Tikva
494647257,Avi,,Ben-David,1996-07-20,avi.ben-david@walla.co.il,052-8633275,Nahariya
501176618,Dor,,Yarkoni,1966-04-17,dor.yarkoni@checkpoints.com,058-4664338,Jerusalem
830511568,Coral,,Gal,2001-03-10,coral.gal@hotmail.com,057-9861274,Herzeliya
183862154,Ilan,Sarah,Omer,1963-03-09,ilan.omer@gmail.com,059-3514105,Haifa
452313624,Oren,Bat,Guttman,1944-03-20,oren.guttman@hotmail.com,057-2525747,Eilat
578333394,Shalom,Yosef,Blau,1967-07-21,shalom.blau@hotmail.com,050-8757420,Petah-Tikva
876616079,Yosef,,Zilber,2008-04-06,yosef.zilber@teva.com,053-2225232,Tel Aviv - Yafo
554941605,Tal,Ben,Yarkoni,2002-05-05,tal.yarkoni@walla.co.il,050-5816582,Rehovot
293253475,Noga,,Grosman,1943-02-08,noga.grosman@teva.com,056-7282411,Rehovot
581613078,Neta,Leah,Berger,1960-02-25,neta.berger@gmail.com,055-2990334,Haifa
676876906,Erez,Bat,Peles,2008-03-22,erez.peles@checkpoints.com,050-6005700,Ashdod
823164961,Eden,,Lavi,1974-07-04,eden.lavi@checkpoints.com,053-5152562,Ashdod
471686188,Adam,,Vaknin,1943-06-28,adam.vaknin@checkpoints.com,051-1540516,Rehovot
760268760,Noga,,Mizrachi,2002-07-01,noga.mizrachi@gmail.com,059-1563316,Ashdod
741866641,Iris,,Eshkol,1986-07-30,iris.eshkol@teva.com,050-7748892,Ashdod
351619881,Lior,,Barkat,1938-11-28,lior.barkat@gmail.com,052-9453969,Petah-Tikva
351429015,Agam,,Geva,1954-11-22,agam.geva@checkpoints.com,055-4974590,Petah-Tikva
253824712,Limor,,Navon,1981-07-29,limor.navon@gmail.com,050-3938247,Rehovot
696840109,Nir,,Avraham,1950-10-26,nir.avraham@teva.com,056-9799030,Herzeliya
847655456,Dor,Yosef,Hoffman,1992-01-14,dor.hoffman@checkpoints.com,058-8944327,Jerusalem
341961866,Yael,Yosef,Eshkol,2003-05-13,yael.eshkol@hotmail.com,056-7987842,Eilat
669074377,Ariel,,Altman,1990-04-17,ariel.altman@gmail.com,051-8546170,Herzeliya
199282456,Shahar,,Begin,2003-11-29,shahar.begin@gmail.com,056-1663497,Beer-Sheva
302038796,May,,Peled,1958-05-25,may.peled@gmail.com,057-4504577,Herzeliya
425545658,Moshe,,Barkat,1942-01-05,moshe.barkat@gmail.com,057-5070038,Nahariya
855665764,Roy,,Zilber,1959-01-02,roy.zilber@gmail.com,054-7386444,Ashdod
673002461,Sigal,,Silberman,1976-04-08,sigal.silberman@hotmail.com,057-8818250,Beer-Sheva
962017778,Eden,,Frank,1979-10-21,eden.frank@gmail.com,055-6249960,Rehovot
149086585,Ilan,,Ben-David,2007-01-29,ilan.ben-david@gmail.com,058-8005797,Petah-Tikva
263650505,Guy,,Weiss,1957-06-01,guy.weiss@checkpoints.com,053-9376888,Eilat
802879944,Dorit,,Schwartz,1964-09-11,dorit.schwartz@teva.com,057-8731427,Haifa
886808192,Hila,Sarah,Segal,1964-09-21,hila.segal@gmail.com,058-1985360,Eilat
136317983,Shlomo,Ben,Livne,1971-07-15,shlomo.livne@gmail.com,053-2140312,Haifa
109815572,Niv,,Arad,2003-02-10,niv.arad@hotmail.com,059-9106820,Ashdod
116891857,Avraham,,Dotan,2007-06-21,avraham.dotan@gmail.com,058-5609384,Eilat
407829477,Yosef,,Arad,1948-01-24,yosef.arad@walla.co.il,052-2795437,Beer-Sheva
663054538,Adam,,Eitan,1961-04-21,adam.eitan@gmail.com,055-5484964,Rehovot
184846271,Dana,,Green,1986-09-18,dana.green@teva.com,053-6032739,Beer-Sheva
801943382,Sigal,Yosef,Olmert,1974-07-05,sigal.olmert@walla.co.il,058-8986040,Tel Aviv - Yafo
783703040,Moshe,,Yarkoni,1963-09-09,moshe.yarkoni@checkpoints.com,056-6557798,Nahariya
202393989,Zohar,,Dahan,1946-06-05,zohar.dahan@hotmail.com,057-5548220,Tel Aviv - Yafo
179830621,Dorit,,Vaknin,1957-12-23,dorit.vaknin@teva.com,050-4009069,Herzeliya
116812751,Roy,,Peled,1944-08-04,roy.peled@checkpoints.com,056-2290796,Petah-Tikva
274429624,Ilan,,Eitan,1973-08-15,ilan.eitan@teva.com,058-6565503,Rehovot
911329267,Linoy,,Grosman,1946-09-10,linoy.grosman@teva.com,051-9401909,Herzeliya
157656107,Noam,,Spector,2001-09-18,noam.spector@gmail.com,059-7655572,Herzeliya
131810311,Orly,,Gabay,1968-02-11,orly.gabay@walla.co.il,053-6969521,Eilat
503111666,Mor,,Zamir,1949-04-06,mor.zamir@walla.co.il,051-5955645,Jerusalem
865694462,Shlomo,,Katz,1974-06-11,shlomo.katz@teva.com,052-7536772,Herzeliya
487298927,Ori,Michael,Azoulay,1968-08-19,ori.azoulay@gmail.com,054-2715158,Haifa
193734690,Amit,,Spector,1958-10-07,amit.spector@hotmail.com,056-2732967,Tel Aviv - Yafo
196227496,Hila,Sarah,Tamir,1938-02-27,hila.tamir@gmail.com,056-1207041,Petah-Tikva
544325176,Lihi,Sarah,Lapid,1986-10-03,lihi.lapid@hotmail.com,058-3845129,Rehovot
282001119,Ariel,,Gabay,1964-04-17,ariel.gabay@gmail.com,051-3805274,Rehovot
396311802,Dor,,Elbaz,2001-08-19,dor.elbaz@gmail.com,054-5137094,Ashdod
737594763,Avi,,Stern,1996-05-18,avi.stern@gmail.com,050-7638609,Herzeliya
765926290,Neta,,Weiss,1969-11-25,neta.weiss@checkpoints.com,059-3283789,Petah-Tikva
444311586,Roni,,Tal,1980-05-06,roni.tal@gmail.com,056-6354241,Petah-Tikva
889065340,Meital,,Gur,1956-11-13,meital.gur@checkpoints.com,053-6467463,Rehovot
400969989,Erez,Sarah,Feldman,1990-08-10,erez.feldman@hotmail.com,058-4018677,Eilat
128900946,Agam,,Heller,1989-09-22,agam.heller@walla.co.il,054-2160289,Rehovot
822604249,Nir,,Grosman,1986-10-27,nir.grosman@gmail.com,052-8098909,Rehovot
179419456,Rotem,,Gal,1972-07-29,rotem.gal@hotmail.com,058-8017921,Eilat
139476288,Inbal,,Yarkoni,1960-05-13,inbal.yarkoni@hotmail.com,051-2834914,Jerusalem
806094391,Osnat,,Silberman,1953-07-26,osnat.silberman@gmail.com,059-7704473,Herzeliya
954946593,Mor,Michael,David,1988-08-13,mor.david@hotmail.com,058-4708297,Ashdod
501707828,Erez,,Heller,1955-09-24,erez.heller@teva.com,058-3529080,Herzeliya
126373949,Ben,,David,2000-10-30,ben.david@gmail.com,052-6843985,Petah-Tikva
468365044,Shani,,Liberman,1977-04-14,shani.liberman@walla.co.il,051-8351204,Ashdod
442426442,Chaim,Leah,Elbaz,1998-03-17,chaim.elbaz@gmail.com,055-2834801,Haifa
895094534,Rachel,,Navon,1994-03-02,rachel.navon@gmail.com,058-8153291,Ashdod
348952994,Yuval,,Yadin,1951-01-27,yuval.yadin@teva.com,056-7636771,Tel Aviv - Yafo
561228852,Lihi,,Cohen,1990-01-26,lihi.cohen@gmail.com,051-2707116,Eilat
300746596,Inbal,,Rubin,1998-04-23,inbal.rubin@gmail.com,057-9853588,Herzeliya
740992546,Lihi,,Ben-Ari,1998-04-14,lihi.ben-ari@gmail.com,055-8681625,Nahariya
759797724,Kobi,,Katz,1980-06-08,kobi.katz@gmail.com,053-6123426,Beer-Sheva
296542559,Dana,Yosef,Tal,1971-01-05,dana.tal@hotmail.com,052-7437584,Rehovot
299451515,Dan,,Gur,1950-08-24,dan.gur@gmail.com,058-3799538,Ashdod
410133983,Ariel,,Zamir,1968-01-27,ariel.zamir@hotmail.com,050-7023677,Tel Aviv - Yafo
620344871,Ariel,,Ronen,1958-02-25,ariel.ronen@hotmail.com,057-7864135,Ashdod
546279777,Shir,,Guttman,2001-02-12,shir.guttman@hotmail.com,050-4699871,Petah-Tikva
135106082,Maya,,Ben-David,1993-06-11,maya.ben-david@checkpoints.com,057-9309978,Eilat
648473746,David,,Geva,1959-10-23,david.geva@checkpoints.com,055-1698108,Ashdod
686642360,Niv,,Lazar,1949-11-21,niv.lazar@checkpoints.com,053-5994727,Tel Aviv - Yafo
582896428,Leah,,Goldberg,2000-09-23,leah.goldberg@walla.co.il,051-4975295,Jerusalem
970485411,Linoy,,Peled,1944-10-08,linoy.peled@hotmail.com,056-3784709,Nahariya
249502403,Roy,,Liberman,1957-05-22,roy.liberman@gmail.com,058-5715824,Nahariya
678498324,Tomers,,Rubin,1982-04-12,tomers.rubin@gmail.com,059-5485272,Eilat
829392084,Noam,,Grosman,1938-01-17,noam.grosman@walla.co.il,050-5652716,Haifa
853150998,Yosef,Michael,Saban,1986-04-29,yosef.saban@checkpoints.com,056-9211754,Haifa
720005941,Tali,,Gabay,1974-11-16,tali.gabay@walla.co.il,051-2561871,Rehovot
653635749,Kim,,Vaknin,1975-06-04,kim.vaknin@walla.co.il,057-6491002,Nahariya
102655449,Roni,Yosef,Shamir,1951-07-31,roni.shamir@teva.com,055-2062512,Eilat
631196129,Tamar,,Rubin,1978-03-26,tamar.rubin@hotmail.com,059-3191007,Nahariya
621127607,Roni,,Nir,2004-05-30,roni.nir@gmail.com,057-1273155,Beer-Sheva
269633510,Hadar,Yosef,Blau,1990-05-20,hadar.blau@teva.com,052-6064462,Haifa
394226159,Michael,,Koren,2001-02-20,michael.koren@gmail.com,052-1868846,Rehovot
351410032,Gal,Ben,Koren,2008-06-08,gal.koren@gmail.com,057-2307594,Haifa
737458510,Ofek,,Navon,2007-09-13,ofek.navon@gmail.com,055-3023227,Rehovot
845210115,Yosef,Yosef,Kramer,2000-07-08,yosef.kramer@teva.com,051-2731434,Herzeliya
494666352,Yael,,Grosman,1940-12-18,yael.grosman@checkpoints.com,052-3396676,Beer-Sheva
669628927,Ilan,,Levi,1993-10-23,ilan.levi@walla.co.il,055-4574477,Haifa
542070132,Avi,,Nir,1989-01-16,avi.nir@gmail.com,051-3349030,Beer-Sheva
733050169,Agam,,Altman,1970-01-04,agam.altman@gmail.com,052-5157165,Petah-Tikva
792156071,Daniel,,Saban,1954-09-14,daniel.saban@teva.com,059-5780177,Tel Aviv - Yafo
806957378,Yael,,Liberman,1962-10-27,yael.liberman@gmail.com,056-5958372,Tel Aviv - Yafo
941600554,Sarah,,Harari,1986-11-27,sarah.harari@walla.co.il,059-2191383,Eilat
112956853,Inbal,,Melamed,1957-07-17,inbal.melamed@walla.co.il,055-3898604,Ashdod
927175323,Shlomo,,Mizrachi,2007-04-19,shlomo.mizrachi@gmail.com,053-1668183,Tel Aviv - Yafo
947493681,Erez,,Arad,1944-08-07,erez.arad@hotmail.com,056-8106413,Rehovot
188506190,Orly,,Dotan,1994-11-01,orly.dotan@gmail.com,051-6199374,Beer-Sheva
649009234,Roy,,Levine,1973-06-24,roy.levine@hotmail.com,051-6203780,Rehovot
883786839,Sarah,,Friedman,1969-07-21,sarah.friedman@gmail.com,057-1923227,Petah-Tikva
815197502,Linoy,,Tzur,1997-10-26,linoy.tzur@gmail.com,052-1190431,Haifa
633019326,Tal,,Navon,1943-11-14,tal.navon@gmail.com,052-7238933,Haifa
905066256,Roni,,Gabay,1997-12-10,roni.gabay@checkpoints.com,050-6620552,Rehovot
392036942,Zohar,,Agbaria,1956-10-19,zohar.agbaria@teva.com,051-9323974,Ashdod
648447868,Inbal,,Friedman,1957-09-04,inbal.friedman@gmail.com,055-3639223,Petah-Tikva
930355646,Ori,,Geva,1998-03-09,ori.geva@gmail.com,058-1043092,Tel Aviv - Yafo
113194223,Rachel,,Dahan,1974-03-05,rachel.dahan@gmail.com,052-1593302,Eilat
962338680,Sapir,,Rabin,1988-05-23,sapir.rabin@gmail.com,053-7983626,Herzeliya
391261014,Shlomo,,Geva,1963-06-30,shlomo.geva@teva.com,050-4008898,Jerusalem
963651372,Oren,,Dahan,2002-05-08,oren.dahan@walla.co.il,054-6212643,Herzeliya
192755745,Gadi,Bat,Blau,1982-05-17,gadi.blau@hotmail.com,054-5069884,Ashdod
495430792,Kobi,,Harari,1938-12-04,kobi.harari@gmail.com,058-5112546,Haifa
106848195,Bar,,Peretz,1977-06-15,bar.peretz@teva.com,050-6620658,Tel Aviv - Yafo
914893975,Limor,,Berger,1943-04-17,limor.berger@gmail.com,051-4442590,Eilat
355730504,Dor,,Shaham,1995-10-05,dor.shaham@teva.com,054-2560728,Tel Aviv - Yafo
348541776,Oren,,Hoffman,1975-02-12,oren.hoffman@walla.co.il,051-2603516,Eilat
243359401,Orly,Sarah,Zilber,2002-12-12,orly.zilber@walla.co.il,052-4972370,Petah-Tikva
380236885,Adi,,Zilber,1942-07-24,adi.zilber@gmail.com,055-8596016,Petah-Tikva
350838144,Shlomo,,Stern,1956-01-29,shlomo.stern@gmail.com,052-2772642,Haifa
582718617,Stav,,Melamed,1960-06-14,stav.melamed@gmail.com,053-8581910,Petah-Tikva
597514616,Leah,,Ohayon,1946-12-26,leah.ohayon@gmail.com,059-1676621,Jerusalem
997567367,Michal,Bat,Klein,1976-08-14,michal.klein@walla.co.il,058-1821255,Petah-Tikva
379351967,Idan,,Peretz,1967-12-19,idan.peretz@hotmail.com,058-5191831,Beer-Sheva
596115163,Ori,Ben,Grosman,1938-06-21,ori.grosman@gmail.com,052-4324120,Rehovot
499689381,Dorit,,Yadin,2000-12-29,dorit.yadin@hotmail.com,059-5342289,Beer-Sheva
123407763,Chaim,,Stern,1968-10-01,chaim.stern@checkpoints.com,052-2543145,Herzeliya
231563076,Yaakov,Sarah,Heller,1969-09-03,yaakov.heller@checkpoints.com,056-9323619,Tel Aviv - Yafo
330549659,Amit,,Vaknin,1995-03-14,amit.vaknin@gmail.com,059-5123584,Petah-Tikva
635680789,Bar,,Tamir,2000-08-30,bar.tamir@gmail.com,056-3302438,Rehovot
314166184,Ronit,,Peles,1959-10-05,ronit.peles@checkpoints.com,050-7417252,Herzeliya
615057244,Lior,,Shaham,1957-10-14,lior.shaham@hotmail.com,055-7515956,Petah-Tikva
293075824,David,,Melamed,2005-11-26,david.melamed@checkpoints.com,054-1982997,Ashdod
668473595,Hila,,Netanyahu,1987-08-26,hila.netanyahu@gmail.com,051-5158351,Jerusalem
386181187,Shahar,Bat,Rabin,1956-11-19,shahar.rabin@checkpoints.com,056-6952633,Haifa
289086333,Sarah,,Peled,1942-04-25,sarah.peled@teva.com,055-1473227,Herzeliya
709511014,Ilan,,Klein,1991-08-24,ilan.klein@checkpoints.com,057-6185050,Haifa
626602103,Yitzhak,Sarah,Azoulay,1988-11-26,yitzhak.azoulay@gmail.com,058-9019324,Tel Aviv - Yafo
465887237,Sapir,,Golan,1979-07-03,sapir.golan@gmail.com,050-3478196,Nahariya
856661933,Omer,Sarah,Lapid,1975-10-19,omer.lapid@gmail.com,055-7636992,Nahariya
208482467,Roni,,Elbaz,1994-05-27,roni.elbaz@teva.com,056-9173859,Herzeliya
287048690,Shir,,Shani,1953-06-22,shir.shani@checkpoints.com,055-4745298,Nahariya
974513582,Idan,,Berger,1946-10-07,idan.berger@gmail.com,052-3981450,Tel Aviv - Yafo
853775825,Yaron,,Zilber,1939-05-19,yaron.zilber@hotmail.com,050-4054824,Nahariya
211787506,Nir,,Klein,2001-07-21,nir.klein@gmail.com,055-6360633,Haifa
783100341,Michael,,Eshkol,1943-02-08,michael.eshkol@gmail.com,057-1191186,Petah-Tikva
325146786,Rachel,Michael,Tal,1937-12-04,rachel.tal@gmail.com,050-1807780,Rehovot
570535289,Agam,,Kraus,1971-05-23,agam.kraus@walla.co.il,056-6892681,Eilat
503026384,Noam,,Kramer,1956-09-03,noam.kramer@teva.com,053-3728923,Ashdod
179144854,Yitzhak,Michael,Marciano,1999-02-20,yitzhak.marciano@gmail.com,055-3853891,Rehovot
272769884,Agam,,Malka,2000-03-07,agam.malka@gmail.com,059-9098979,Tel Aviv - Yafo
563129902,Sigal,,Segal,1969-07-31,sigal.segal@gmail.com,050-2698824,Herzeliya
320708138,Alon,,Hoffman,1943-10-04,alon.hoffman@teva.com,058-5450404,Petah-Tikva
419331516,Sarah,Sarah,Yosef,1959-03-22,sarah.yosef@checkpoints.com,057-3576811,Tel Aviv - Yafo
487437109,Avraham,,Lazar,1949-02-20,avraham.lazar@teva.com,059-9058573,Jerusalem
204138894,David,,Liberman,1982-05-09,david.liberman@gmail.com,057-2937918,Petah-Tikva
942754807,Erez,,Frank,1949-03-25,erez.frank@gmail.com,051-7501626,Haifa
498380251,Neta,,Deutsch,2004-07-12,neta.deutsch@gmail.com,057-8802377,Petah-Tikva
342925794,Tamar,,Ramon,1946-01-19,tamar.ramon@teva.com,051-2437930,Herzeliya
967776836,Lior,,Hoffman,1955-08-17,lior.hoffman@gmail.com,058-2023137,Rehovot
978755907,Oren,,Kraus,1946-11-23,oren.kraus@checkpoints.com,057-4953417,Ashdod
420890008,Daniel,,Zilber,1944-06-13,daniel.zilber@gmail.com,058-9670757,Nahariya
827497537,Eli,,Klein,1968-03-31,eli.klein@gmail.com,052-4554926,Jerusalem
235491190,Yaakov,Leah,Lazar,1969-06-22,yaakov.lazar@gmail.com,052-5326615,Herzeliya
880720904,Chaim,,Azoulay,1972-11-19,chaim.azoulay@hotmail.com,055-5633880,Eilat
661096687,Dor,,Omer,1995-03-28,dor.omer@hotmail.com,059-2681144,Beer-Sheva
704177085,Roni,,Yosef,1960-06-24,roni.yosef@gmail.com,056-5431477,Rehovot
803072911,Dan,,Geva,2005-03-04,dan.geva@gmail.com,054-7760781,Haifa
141642429,Erez,,Weiss,2004-02-10,erez.weiss@teva.com,057-5506097,Herzeliya
627872109,Sivan,,Nir,1988-01-31,sivan.nir@gmail.com,054-8434162,Herzeliya
195871030,Alon,,Guttman,1972-01-02,alon.guttman@teva.com,057-9665455,Herzeliya
981560713,Shalom,,Bar-On,2002-08-24,shalom.bar-on@gmail.com,058-7767679,Haifa
938073130,Zohar,Bat,Ramon,1990-07-11,zohar.ramon@checkpoints.com,050-5185752,Tel Aviv - Yafo
590108029,Israel,,Feldman,1983-12-15,israel.feldman@gmail.com,057-9474614,Rehovot
782266083,Itai,Michael,Nir,1964-09-06,itai.nir@hotmail.com,057-3979359,Ashdod
730157871,Gadi,,Goldberg,1985-04-30,gadi.goldberg@teva.com,051-5782670,Tel Aviv - Yafo
515071728,Israel,,Shapira,1938-07-28,israel.shapira@gmail.com,053-4776753,Jerusalem
388926290,Sigal,,Hoffman,1938-07-13,sigal.hoffman@checkpoints.com,050-8954031,Haifa
795109916,Idan,,Gal,1988-06-16,idan.gal@gmail.com,059-6124763,Petah-Tikva
555059083,Neta,,Goldberg,1988-12-15,neta.goldberg@walla.co.il,054-9734854,Nahariya
526439295,Motti,Leah,David,1974-12-17,motti.david@hotmail.com,059-5742531,Petah-Tikva
834883010,Ori,Michael,Kramer,1951-01-23,ori.kramer@gmail.com,054-5381318,Petah-Tikva
302250101,Adam,,Navon,2003-06-10,adam.navon@checkpoints.com,059-7779646,Herzeliya
830955923,Ariel,Yosef,Begin,1982-01-05,ariel.begin@gmail.com,056-7788043,Rehovot
891060070,Yitzhak,,Sela,1957-03-19,yitzhak.sela@checkpoints.com,053-6757387,Jerusalem
836928463,Shahar,,Gur,1948-04-04,shahar.gur@gmail.com,058-6036433,Haifa
806108387,Rami,,Zamir,1966-04-19,rami.zamir@gmail.com,054-4071377,Herzeliya
802693852,Michael,,Ben-David,1941-10-07,michael.ben-david@checkpoints.com,054-8054359,Herzeliya
499090969,Leah,,Sela,1997-12-19,leah.sela@walla.co.il,050-2194801,Ashdod
308889819,Asaf,,Ohayon,1974-04-17,asaf.ohayon@hotmail.com,054-7930789,Tel Aviv - Yafo
261897130,Ariel,,Stern,1957-06-13,ariel.stern@walla.co.il,052-6308033,Haifa
936381727,Daniel,,Shaham,1992-09-01,daniel.shaham@gmail.com,050-1079079,Ashdod
393698307,Roy,,Olmert,1956-10-31,roy.olmert@checkpoints.com,052-9213740,Beer-Sheva
238948590,Avi,,Spector,1972-05-05,avi.spector@walla.co.il,057-7430982,Tel Aviv - Yafo
140507249,Shahar,,Stern,2007-04-09,shahar.stern@gmail.com,058-4197346,Tel Aviv - Yafo
826652789,Avraham,,Yadin,1988-03-26,avraham.yadin@teva.com,055-6236039,Haifa
210282113,Lihi,,Arad,1993-07-20,lihi.arad@gmail.com,050-6003003,Petah-Tikva
462747729,Mor,,Nir,1977-10-14,mor.nir@walla.co.il,055-4161264,Haifa
971887294,Yuval,,Mizrachi,1943-04-19,yuval.mizrachi@gmail.com,053-1367643,Nahariya
641846158,Tomers,,Ohayon,1950-03-04,tomers.ohayon@checkpoints.com,050-7294684,Petah-Tikva
928123020,Shahar,Ben,Oz,1949-02-22,shahar.oz@gmail.com,050-1809249,Beer-Sheva
547509357,Hadar,Michael,Berger,1965-12-21,hadar.berger@teva.com,052-4447632,Tel Aviv - Yafo
423321334,Dor,Sarah,Tzur,1984-04-24,dor.tzur@hotmail.com,059-3301222,Rehovot
991906567,Ori,,Bar-On,1997-12-21,ori.bar-on@gmail.com,051-2782809,Ashdod
313295228,Roni,,Stern,1961-08-07,roni.stern@gmail.com,055-7874568,Petah-Tikva
272199842,Yaakov,,Tamir,1989-11-25,yaakov.tamir@teva.com,057-6546608,Jerusalem
102939907,Moshe,Ben,Livne,1957-01-09,moshe.livne@teva.com,057-3502229,Beer-Sheva
937009907,Eyal,,Malka,1999-06-12,eyal.malka@gmail.com,053-8663014,Petah-Tikva
383602087,Stav,Bat,Avraham,2004-12-29,stav.avraham@checkpoints.com,054-7043399,Herzeliya
557408869,Linoy,,Omer,2004-06-01,linoy.omer@gmail.com,052-3860721,Herzeliya
483892122,Hadar,,Oz,1942-10-07,hadar.oz@gmail.com,055-6749933,Haifa
222226183,Yuval,,Green,1984-02-23,yuval.green@checkpoints.com,056-9023619,Rehovot
796693603,Tomers,Leah,Omer,2003-04-10,tomers.omer@checkpoints.com,052-2740017,Rehovot
734313309,Ben,,Ramon,1992-04-09,ben.ramon@hotmail.com,056-7016291,Nahariya
130941191,Dorit,,Shamir,1996-10-23,dorit.shamir@walla.co.il,057-2894776,Rehovot
573185010,Yaakov,,Agbaria,1980-05-05,yaakov.agbaria@gmail.com,058-4757843,Herzeliya
657379037,Oren,,Tal,1999-12-28,oren.tal@walla.co.il,053-9085438,Herzeliya
812653878,Iris,,Porat,1958-06-11,iris.porat@hotmail.com,050-1195368,Haifa
642849045,Ron,,Harari,2001-10-25,ron.harari@checkpoints.com,057-6379342,Jerusalem
455295629,Maya,,Avraham,1959-02-23,maya.avraham@teva.com,056-7765865,Jerusalem
184643708,Shani,,Guttman,1968-05-01,shani.guttman@gmail.com,057-8500558,Herzeliya
227460504,Nir,,Peres,1999-04-29,nir.peres@walla.co.il,056-1601160,Eilat
689590340,Avraham,,Azoulay,1952-12-29,avraham.azoulay@teva.com,054-9528492,Eilat
322104833,Sigal,,Livne,1977-12-14,sigal.livne@gmail.com,050-4739945,Ashdod
456452891,Rami,,Netanyahu,1966-02-01,rami.netanyahu@teva.com,055-8592234,Beer-Sheva
204622201,May,,Tzur,1977-11-28,may.tzur@gmail.com,054-9757456,Herzeliya
853869899,Ori,,Dahan,1964-05-10,ori.dahan@gmail.com,056-2794516,Petah-Tikva
755897094,Guy,,Ronen,1973-04-14,guy.ronen@gmail.com,057-4197381,Herzeliya
215712585,Coral,Leah,Kraus,1948-03-26,coral.kraus@hotmail.com,051-8558212,Ashdod
807012492,Kobi,Yosef,Arad,2008-02-22,kobi.arad@hotmail.com,050-8261353,Nahariya
618544245,Eyal,,Lapid,1992-08-20,eyal.lapid@teva.com,059-3913368,Haifa
211190223,Lihi,,Tzur,1979-08-29,lihi.tzur@hotmail.com,056-8024028,Nahariya
843582889,May,,Saban,1977-10-10,may.saban@gmail.com,057-3237608,Haifa
543182078,Roni,,Yarkoni,1962-07-29,roni.yarkoni@gmail.com,058-6266549,Eilat
779231134,Niv,,Stern,1944-06-11,niv.stern@gmail.com,055-3225862,Haifa
641051458,Lior,,Tal,1944-10-21,lior.tal@gmail.com,055-9059269,Nahariya
712718094,Osnat,,Eshkol,1941-06-09,osnat.eshkol@checkpoints.com,058-5797075,Rehovot
967910655,Moshe,Yosef,Navon,1995-06-30,moshe.navon@gmail.com,050-4353806,Petah-Tikva
905505027,Eitan,,Asulin,1995-05-25,eitan.asulin@checkpoints.com,050-5951637,Jerusalem
909165341,Lior,,Biton,1967-12-06,lior.biton@gmail.com,059-4763253,Eilat
517563874,Sarah,,Bar-On,1936-11-13,sarah.bar-on@teva.com,054-1788191,Rehovot
516133637,Dor,,Nir,1958-12-31,dor.nir@gmail.com,050-5216804,Jerusalem
766323040,Roni,,Guttman,1951-09-04,roni.guttman@teva.com,055-4296204,Jerusalem
415870923,Rotem,,Golan,2001-11-07,rotem.golan@gmail.com,052-9620919,Beer-Sheva
505013519,Yaakov,,Lazar,1984-10-29,yaakov.lazar1@gmail.com,052-5278461,Tel Aviv - Yafo
454939091,Stav,,Eshkol,2004-12-13,stav.eshkol@gmail.com,055-1853212,Nahariya
810699207,Yael,,Shaham,1959-03-06,yael.shaham@gmail.com,051-6332789,Eilat
336182414,Amit,Sarah,Navon,1994-03-27,amit.navon@walla.co.il,058-7768215,Beer-Sheva
475168561,Ofek,,Barkat,1978-10-31,ofek.barkat@gmail.com,054-4664903,Nahariya
669618855,Ron,,Shani,1950-04-13,ron.shani@gmail.com,051-6805039,Ashdod
358071565,Ronit,,Ben-Ari,1986-08-29,ronit.ben-ari@gmail.com,055-7398370,Beer-Sheva
514331133,Rivka,,Lavi,2006-04-26,rivka.lavi@hotmail.com,055-9628674,Eilat
578413078,Dan,,Dahan,1950-01-30,dan.dahan@gmail.com,055-9621722,Beer-Sheva
203032434,Tomers,,Netanyahu,2007-11-16,tomers.netanyahu@teva.com,051-4536326,Jerusalem
835948208,Gal,,David,1945-06-27,gal.david@teva.com,056-2209981,Haifa
125504528,Shani,,Ben-Gurion,2000-09-06,shani.ben-gurion@gmail.com,050-3986212,Petah-Tikva
377721135,Bar,,Altman,1972-04-01,bar.altman@walla.co.il,055-1283383,Rehovot
822949013,Itai,Leah,Dotan,1953-01-21,itai.dotan@gmail.com,059-1763646,Beer-Sheva
484077593,Asaf,,David,1947-01-01,asaf.david@gmail.com,059-2451316,Petah-Tikva
921706952,Hadar,,Berger,1949-04-04,hadar.berger@gmail.com,057-3622672,Eilat
336079027,Ariel,,Peres,1936-12-27,ariel.peres@checkpoints.com,058-5948917,Haifa
420035728,Iris,,Shamir,2007-07-14,iris.shamir@hotmail.com,058-3371859,Beer-Sheva
144853569,Avraham,,Geva,1960-05-05,avraham.geva@hotmail.com,051-6111869,Jerusalem
903477338,Linoy,,Begin,1971-07-07,linoy.begin@teva.com,058-3390000,Haifa
308656189,David,,Zamir,1957-08-21,david.zamir@checkpoints.com,050-8738745,Eilat
178538388,Shira,Ben,Livne,1990-10-28,shira.livne@teva.com,059-9173698,Herzeliya
483474399,Yosef,,Livne,1999-07-23,yosef.livne@gmail.com,059-2171198,Jerusalem
441220048,Dan,,fuchs,1949-05-17,dan.fuchs@gmail.com,059-3556763,Nahariya
281075299,Avraham,,Melamed,1988-08-29,avraham.melamed@teva.com,056-5641917,Herzeliya
615346649,Stav,,fuchs,1981-02-16,stav.fuchs@walla.co.il,058-2825908,Haifa
793155758,Roni,,Katz,1995-12-22,roni.katz@hotmail.com,053-5416344,Beer-Sheva
778203785,David,,Sela,1939-07-11,david.sela@hotmail.com,053-1614990,Eilat
379834642,Lior,,Lavi,1938-12-27,lior.lavi@gmail.com,055-7585029,Jerusalem
929084214,Kobi,,Shamir,1996-07-09,kobi.shamir@walla.co.il,058-9563292,Beer-Sheva
526044822,Inbal,Bat,Arad,1953-06-12,inbal.arad@teva.com,052-9625782,Haifa
579125557,Eitan,,Golan,1957-10-09,eitan.golan@teva.com,052-9111841,Herzeliya
143400463,Ofek,,Olmert,2002-11-23,ofek.olmert@gmail.com,055-4926181,Tel Aviv - Yafo
817888322,Roy,,Navon,1976-02-15,roy.navon@walla.co.il,057-8627651,Tel Aviv - Yafo
142847338,Sigal,Sarah,Rubin,1951-09-11,sigal.rubin@checkpoints.com,054-5417710,Nahariya
684491424,Ilan,,Golan,1974-07-29,ilan.golan@gmail.com,059-2305896,Eilat
370138852,Neta,,Ben-David,1976-11-15,neta.ben-david@checkpoints.com,055-9168181,Ashdod
748766605,Avraham,,Arad,1969-01-25,avraham.arad@gmail.com,053-2293325,Eilat
790928175,Maya,,Barkat,1994-06-01,maya.barkat@gmail.com,059-2985251,Jerusalem
545188049,Anat,Leah,Begin,1965-07-30,anat.begin@walla.co.il,053-3705263,Rehovot
124101254,Rachel,Sarah,Dahan,1994-01-29,rachel.dahan1@gmail.com,058-1657513,Nahariya
257695200,Shalom,,Segal,1992-05-19,shalom.segal@hotmail.com,056-1312392,Petah-Tikva
192071758,Niv,,fuchs,1966-03-29,niv.fuchs@checkpoints.com,057-3861635,Jerusalem
991596102,Bar,Sarah,Gal,1939-09-05,bar.gal@gmail.com,059-9569884,Petah-Tikva
280089806,Eden,,Nir,1967-11-07,eden.nir@hotmail.com,059-2154992,Jerusalem
506101350,Lihi,Bat,Hadad,1961-08-21,lihi.hadad@checkpoints.com,058-8042991,Haifa
750162509,Noam,,Golan,1953-05-19,noam.golan@hotmail.com,050-9915915,Eilat
907865263,Itai,,Azoulay,1996-11-03,itai.azoulay@hotmail.com,058-1020136,Rehovot
660540722,Dor,,Deutsch,1945-12-11,dor.deutsch@hotmail.com,056-4850140,Ashdod
947778851,Noga,,Berger,1942-01-08,noga.berger@checkpoints.com,059-2639417,Rehovot
243755891,Rivka,,Kramer,2001-01-05,rivka.kramer@gmail.com,059-7855954,Petah-Tikva
302959775,Avraham,,Eshkol,2007-11-23,avraham.eshkol@hotmail.com,058-2976835,Eilat
107724556,Neta,,Koren,1980-03-11,neta.koren@walla.co.il,055-2788169,Haifa
557490881,Sigal,,Sela,1960-06-08,sigal.sela@walla.co.il,059-7134489,Nahariya
395880875,Dorit,,Zilber,1971-06-18,dorit.zilber@hotmail.com,058-9094465,Haifa
497513146,Rami,,Shani,1981-01-08,rami.shani@hotmail.com,055-7679508,Haifa
807899575,Itai,,Peres,1938-04-12,itai.peres@teva.com,052-2682396,Jerusalem
645829727,Yuval,,Schwartz,1953-06-12,yuval.schwartz@teva.com,050-3696736,Rehovot
606450366,Dudi,Michael,Spector,1988-08-21,dudi.spector@gmail.com,051-1633429,Rehovot
530189140,Avi,,Koren,1944-09-10,avi.koren@hotmail.com,050-3940561,Ashdod
571342650,Moshe,,Stern,1962-01-18,moshe.stern@gmail.com,053-1563871,Nahariya
648196577,Oren,,Yarkoni,1993-04-30,oren.yarkoni@teva.com,050-7035435,Jerusalem
803321425,Avraham,Michael,Shapira,1938-08-02,avraham.shapira@walla.co.il,055-7629401,Rehovot
729298787,Guy,Leah,Navon,2002-05-18,guy.navon@gmail.com,058-5773013,Eilat
725918919,Tal,,Goldberg,1983-09-23,tal.goldberg@gmail.com,059-4263591,Ashdod
533744956,Yaron,,Cohen,1972-01-04,yaron.cohen@hotmail.com,051-2214435,Eilat
415950492,Roni,,Omer,1985-05-31,roni.omer@hotmail.com,059-5196677,Ashdod
504886868,Ilan,,Kramer,1940-07-30,ilan.kramer@gmail.com,057-8729606,Nahariya
129367590,Ben,,Omer,1974-03-15,ben.omer@teva.com,053-4857587,Herzeliya
542839009,Hila,,Navon,1945-08-29,hila.navon@checkpoints.com,054-5165071,Petah-Tikva
199868119,Yuval,,Bareket,1977-11-07,yuval.bareket@gmail.com,058-3994493,Ashdod
437018334,Hila,,Barkat,1984-05-23,hila.barkat@gmail.com,053-9371819,Jerusalem
352180476,Linoy,,Eitan,1989-12-25,linoy.eitan@gmail.com,053-5189194,Nahariya
482281482,Adam,Ben,Lapid,1947-11-26,adam.lapid@teva.com,057-1111126,Eilat
145379683,Ben,,Deutsch,1964-05-12,ben.deutsch@hotmail.com,054-9234347,Haifa
920620417,Eyal,,Vaknin,1941-03-26,eyal.vaknin@hotmail.com,052-1908455,Eilat
958209543,Gal,,Kramer,2005-08-11,gal.kramer@hotmail.com,055-7605473,Haifa
590910502,Itai,,Yarkoni,1980-03-19,itai.yarkoni@teva.com,050-1198306,Jerusalem
507407714,Motti,,Yosef,1953-07-23,motti.yosef@checkpoints.com,054-4139896,Eilat
382232003,Sarah,,Gabay,1953-07-13,sarah.gabay@gmail.com,055-4085559,Ashdod
555205201,Roy,,Kraus,1975-02-18,roy.kraus@gmail.com,056-5691405,Ashdod
293154584,Yaron,,Hadad,1946-12-27,yaron.hadad@gmail.com,051-5528994,Jerusalem
696291839,Mor,,Berger,1936-10-04,mor.berger@teva.com,052-8935405,Tel Aviv - Yafo
289630619,Dor,,Harari,1951-12-15,dor.harari@hotmail.com,058-6297024,Ashdod
422159250,Rivka,,Shani,2004-04-02,rivka.shani@walla.co.il,051-3740422,Tel Aviv - Yafo
331356272,Rivka,,Frank,1999-11-23,rivka.frank@walla.co.il,055-5358202,Herzeliya
376719186,Tal,,Mizrachi,1977-01-13,tal.mizrachi@checkpoints.com,059-4337963,Nahariya
718361962,Sigal,,Koren,1938-07-12,sigal.koren@gmail.com,055-6454109,Eilat
623442423,Roni,,Rabin,2001-07-01,roni.rabin@walla.co.il,059-5807067,Ashdod
778295798,Omer,,Segal,1978-04-07,omer.segal@walla.co.il,059-7790959,Beer-Sheva
184945787,Eitan,,Schwartz,1980-02-08,eitan.schwartz@teva.com,054-5487442,Nahariya
792181541,Erez,,Gabay,1938-06-21,erez.gabay@checkpoints.com,055-9739850,Ashdod
544517369,Tomers,,Zamir,1997-04-25,tomers.zamir@teva.com,053-5221936,Beer-Sheva
326099417,Tomers,Ben,Zilber,1966-01-30,tomers.zilber@hotmail.com,050-1442329,Rehovot
662622237,May,Sarah,Katz,1994-08-08,may.katz@gmail.com,056-6190378,Jerusalem
365639987,Linoy,,Asulin,1997-03-11,linoy.asulin@gmail.com,058-3862327,Tel Aviv - Yafo
137747372,Limor,,Silberman,1979-05-11,limor.silberman@checkpoints.com,057-8838205,Eilat
392502766,Gadi,Leah,Guttman,1960-02-25,gadi.guttman@gmail.com,059-8659527,Nahariya
567053396,Zohar,,Gur,1980-10-02,zohar.gur@gmail.com,057-4810582,Beer-Sheva
574443895,Avigail,,Feldman,1994-07-25,avigail.feldman@gmail.com,050-1001549,Eilat
975507381,May,,Grosman,1966-06-10,may.grosman@hotmail.com,050-9253243,Ashdod
421704344,Moshe,,Netanyahu,1982-04-03,moshe.netanyahu@hotmail.com,053-1121097,Eilat
569339388,Erez,,Saban,1942-05-28,erez.saban@teva.com,056-7347794,Jerusalem
382372922,Daniel,,Lazar,1962-03-09,daniel.lazar@checkpoints.com,059-5561139,Petah-Tikva
796275440,Kim,,Dotan,1971-06-28,kim.dotan@gmail.com,051-4060284,Haifa
410950586,David,,Gur,1967-11-30,david.gur@gmail.com,059-9254323,Jerusalem
444288576,Yosef,Sarah,Levine,2006-07-19,yosef.levine@gmail.com,051-5733096,Petah-Tikva
234259822,Sapir,,Guttman,1987-08-25,sapir.guttman@gmail.com,052-1247041,Ashdod
333203933,Roni,,Kraus,1936-10-23,roni.kraus@walla.co.il,055-8779334,Tel Aviv - Yafo
454601784,Daniel,,Sharon,2003-07-04,daniel.sharon@gmail.com,056-2197636,Eilat
604816257,Amit,,Ronen,1986-02-05,amit.ronen@checkpoints.com,056-1211652,Beer-Sheva
924790131,Sapir,,Saban,1968-10-17,sapir.saban@gmail.com,050-4341683,Ashdod
889546822,Noga,,Yosef,1989-10-31,noga.yosef@walla.co.il,056-6236326,Herzeliya
270307732,Tali,Sarah,Shamir,1961-10-19,tali.shamir@gmail.com,054-9073692,Petah-Tikva
313377873,Inbal,,Avraham,1988-12-29,inbal.avraham@gmail.com,053-8284023,Herzeliya
116178827,Tomers,,Vaknin,1973-01-09,tomers.vaknin@checkpoints.com,053-1149818,Tel Aviv - Yafo
723926702,Meital,,Frank,1994-08-18,meital.frank@gmail.com,051-5172867,Haifa
636784164,Michael,,Nir,1940-05-22,michael.nir@teva.com,050-2002860,Herzeliya
792107026,Adam,,Yarkoni,1998-11-24,adam.yarkoni@gmail.com,057-4903632,Herzeliya
699524216,Ronit,,Sharon,1969-03-05,ronit.sharon@teva.com,053-1358241,Rehovot
484579421,Eden,,Grosman,2004-12-28,eden.grosman@walla.co.il,057-5944490,Eilat
848438614,Dan,,Ronen,1959-10-06,dan.ronen@gmail.com,055-8858359,Petah-Tikva
992654825,Dudi,,Tamir,1960-11-18,dudi.tamir@gmail.com,057-5960564,Petah-Tikva
681544961,Inbal,Leah,Blau,1963-02-21,inbal.blau@walla.co.il,052-1314067,Nahariya
490922764,Roni,,Oz,1943-11-07,roni.oz@gmail.com,058-7501017,Jerusalem
662715631,Dorit,,Harari,1994-09-15,dorit.harari@hotmail.com,054-6412330,Rehovot
788165352,Michal,Leah,Omer,2002-07-21,michal.omer@gmail.com,052-3997061,Tel Aviv - Yafo
316980704,Ori,,Shaham,2005-09-05,ori.shaham@hotmail.com,056-9219319,Eilat
769983207,Sivan,,Peled,1975-09-01,sivan.peled@gmail.com,059-2189067,Tel Aviv - Yafo
324130818,Sigal,,Shaham,2001-05-11,sigal.shaham@walla.co.il,050-7055334,Eilat
162599172,Avi,,Gabay,1942-08-28,avi.gabay@gmail.com,054-2307538,Jerusalem
657793068,Noam,,Yosef,1960-11-01,noam.yosef@walla.co.il,053-4240006,Eilat
805315791,Rachel,,Ramon,1992-06-25,rachel.ramon@hotmail.com,058-7965641,Beer-Sheva
922790554,Orly,,Geva,1967-05-19,orly.geva@teva.com,056-2746548,Haifa
950899166,Amit,,Tamir,1978-04-03,amit.tamir@teva.com,052-9957363,Nahariya
575680693,Hila,,Melamed,1979-05-29,hila.melamed@checkpoints.com,055-7917972,Rehovot
987077148,Eden,,Rubin,1958-01-04,eden.rubin@hotmail.com,053-7292514,Eilat
899484915,Rivka,,Feldman,1968-05-21,rivka.feldman@walla.co.il,050-1581546,Petah-Tikva
739695468,Yosef,Michael,Navon,2007-12-11,yosef.navon@gmail.com,053-4604128,Herzeliya
123301671,Noga,,Tal,1958-11-11,noga.tal@hotmail.com,058-3595683,Beer-Sheva
140519046,Shani,,Silberman,1984-10-04,shani.silberman@gmail.com,059-5191903,Jerusalem
375139723,Yael,,Azoulay,1957-06-24,yael.azoulay@gmail.com,051-6447428,Ashdod
285652633,Dan,,Tal,1999-12-24,dan.tal@hotmail.com,054-1626991,Nahariya
509682018,Daniel,,Lapid,1978-07-14,daniel.lapid@gmail.com,056-7988074,Beer-Sheva
927200028,Gil,,Peres,1954-07-01,gil.peres@gmail.com,056-1908116,Petah-Tikva
663052341,Yaakov,,Melamed,1995-02-11,yaakov.melamed@gmail.com,058-4704361,Haifa
196725836,Ofek,,Spector,1973-02-26,ofek.spector@gmail.com,052-6639966,Beer-Sheva
610945043,Yaron,Yosef,Peres,1984-12-23,yaron.peres@gmail.com,056-9419194,Rehovot
930888412,Sivan,,Hadad,1965-05-22,sivan.hadad@hotmail.com,053-9184951,Rehovot
800346424,Yaron,,Stern,1942-07-14,yaron.stern@hotmail.com,053-5065372,Beer-Sheva
385891368,Roni,,Spector,1956-11-09,roni.spector@gmail.com,051-7938755,Rehovot
492203150,Tal,,Ronen,1955-04-03,tal.ronen@teva.com,050-6114011,Haifa
475505122,Avi,,Guttman,1969-01-06,avi.guttman@gmail.com,053-4350161,Herzeliya
220658235,Linoy,,Avraham,1952-10-26,linoy.avraham@gmail.com,054-1230406,Herzeliya
844956951,David,,Aharon,2006-06-29,david.aharon@gmail.com,053-4554677,Jerusalem
686718533,Oren,,Sharon,1965-03-14,oren.sharon@hotmail.com,052-1308508,Rehovot
725996789,Limor,Bat,Peles,2003-02-21,limor.peles@gmail.com,053-5551347,Tel Aviv - Yafo
599247875,Sigal,Leah,Levi,1984-03-11,sigal.levi@teva.com,055-2810117,Tel Aviv - Yafo
414064734,Sigal,,Altman,1974-05-19,sigal.altman@hotmail.com,051-6292472,Ashdod
741138124,Shahar,,Azoulay,1963-08-14,shahar.azoulay@walla.co.il,058-1360516,Tel Aviv - Yafo
365635280,Zohar,,Aharon,1973-03-29,zohar.aharon@teva.com,052-1308234,Herzeliya
834773724,Hila,,Silberman,1987-05-06,hila.silberman@hotmail.com,054-2040350,Petah-Tikva
515721250,David,,Shani,1988-04-18,david.shani@gmail.com,055-7590872,Haifa
194269176,Agam,,Berger,1947-09-16,agam.berger@hotmail.com,053-8001691,Jerusalem
715145139,Adam,,Lazar,1954-03-23,adam.lazar@gmail.com,057-3210769,Jerusalem
800587168,Ariel,,Sela,1936-10-02,ariel.sela@gmail.com,052-6184132,Eilat
245226262,Mor,Sarah,Netanyahu,1994-05-10,mor.netanyahu@gmail.com,051-9941610,Beer-Sheva
297713683,Adi,,Klein,1939-11-12,adi.klein@gmail.com,056-7899659,Petah-Tikva
575672443,Kim,,Gur,1983-12-21,kim.gur@gmail.com,053-2791327,Haifa
298370042,David,,Olmert,1953-03-08,david.olmert@gmail.com,059-4874049,Nahariya
349304100,Gil,Ben,Nir,1946-10-18,gil.nir@checkpoints.com,057-3249600,Eilat
749304307,Ron,,Ben-Gurion,1992-01-11,ron.ben-gurion@checkpoints.com,056-9245088,Ashdod
247653166,Eitan,,Ronen,1971-11-17,eitan.ronen@checkpoints.com,050-5527477,Rehovot
338965760,Kim,,Livne,1940-07-20,kim.livne@gmail.com,051-3970879,Ashdod
591285126,Rachel,,Lazar,2004-10-12,rachel.lazar@hotmail.com,056-6249548,Rehovot
756598356,Kim,,Geva,1961-05-31,kim.geva@teva.com,050-9735042,Beer-Sheva
584912105,Shani,,Dahan,1986-06-28,shani.dahan@hotmail.com,058-7637254,Tel Aviv - Yafo
698826833,Lihi,,Navon,2004-02-10,lihi.navon@gmail.com,054-8374490,Rehovot
553615317,Shira,,Ben-Ari,1946-08-20,shira.ben-ari@hotmail.com,052-8777564,Ashdod
728619698,Sivan,Yosef,Lavi,1979-07-07,sivan.lavi@walla.co.il,050-4001084,Ashdod
733846414,Sapir,,Stern,2000-06-10,sapir.stern@gmail.com,055-3751363,Beer-Sheva
197915848,David,,Eshkol,1975-12-22,david.eshkol@gmail.com,058-7443916,Eilat
757207875,Eitan,,Berger,2004-08-05,eitan.berger@checkpoints.com,052-6623607,Nahariya
808165309,Adam,,Shapira,1992-06-26,adam.shapira@checkpoints.com,050-8039412,Petah-Tikva
432342748,Agam,,Netanyahu,1982-08-17,agam.netanyahu@teva.com,052-2972228,Haifa
317810361,Avraham,,Oz,2007-06-09,avraham.oz@walla.co.il,057-9365828,Eilat
966997739,Avraham,,Harel,1987-03-12,avraham.harel@gmail.com,059-8981122,Ashdod
540396677,Hadar,,Katz,2007-12-11,hadar.katz@gmail.com,058-5665960,Nahariya
774992147,Rami,Bat,Liberman,2003-08-05,rami.liberman@teva.com,055-1616077,Haifa
134823688,Osnat,,Geva,1981-10-04,osnat.geva@gmail.com,051-1822609,Beer-Sheva
547704086,Idan,,Shapira,1953-09-16,idan.shapira@teva.com,059-3976601,Ashdod
904592121,Motti,,Feldman,2000-03-06,motti.feldman@checkpoints.com,054-6416051,Herzeliya
506883029,Chaim,,Olmert,1959-02-24,chaim.olmert@gmail.com,054-8898995,Haifa
231021447,Meital,,Vaknin,1971-05-31,meital.vaknin@hotmail.com,053-4507293,Nahariya
775360627,Zohar,,Azoulay,1946-10-02,zohar.azoulay@hotmail.com,054-8164770,Nahariya
439827006,Leah,,Peles,1952-08-14,leah.peles@gmail.com,052-9328158,Eilat
882956156,Tali,,Harari,1992-05-23,tali.harari@hotmail.com,053-5873580,Jerusalem
101697496,Itai,,Peretz,1937-01-20,itai.peretz@gmail.com,053-7956372,Rehovot
148846868,Anat,,Goldberg,1951-05-05,anat.goldberg@gmail.com,050-4375360,Petah-Tikva
373178728,Chaim,,Aharon,1959-03-11,chaim.aharon@gmail.com,050-2909863,Herzeliya
466534208,Erez,,Begin,2005-12-02,erez.begin@checkpoints.com,052-4255041,Herzeliya
995313101,Roni,,Bareket,1965-12-18,roni.bareket@checkpoints.com,050-3277572,Ashdod
266844758,Tali,,Blau,1960-05-11,tali.blau@gmail.com,057-7944979,Tel Aviv - Yafo
996687959,Oren,,Elbaz,1947-09-09,oren.elbaz@gmail.com,058-9990666,Tel Aviv - Yafo
323620127,Yaron,,Nir,1937-02-20,yaron.nir@gmail.com,051-3504920,Petah-Tikva
133471933,Roni,,Berger,1993-08-23,roni.berger@hotmail.com,059-7535837,Haifa
739082402,David,,Sharon,1980-04-26,david.sharon@teva.com,050-5554970,Rehovot
193198413,Nir,,Eitan,1981-05-20,nir.eitan@gmail.com,058-6072059,Haifa
220507410,Dana,,Biton,2000-03-23,dana.biton@walla.co.il,058-1418336,Ashdod
636929225,Adam,,Ronen,1965-02-27,adam.ronen@teva.com,058-6206955,Herzeliya
654208214,Iris,,Hadad,2005-04-03,iris.hadad@walla.co.il,056-9763492,Beer-Sheva
104412943,Avigail,,Dahan,1955-03-21,avigail.dahan@checkpoints.com,051-6591674,Ashdod
149542207,Ori,,Navon,1941-08-24,ori.navon@gmail.com,050-6236888,Jerusalem
671526798,Adi,,Netanyahu,1997-12-23,adi.netanyahu@gmail.com,052-3642344,Petah-Tikva
222900917,Moshe,,Oz,1999-05-08,moshe.oz@gmail.com,058-6877363,Eilat
441970569,Tamar,,Klein,1983-02-13,tamar.klein@hotmail.com,053-3873517,Beer-Sheva
434339109,Avi,,Schwartz,2003-12-25,avi.schwartz@gmail.com,050-8897632,Tel Aviv - Yafo
213738160,Lihi,Yosef,Avraham,1992-06-23,lihi.avraham@teva.com,059-8479891,Nahariya
481848698,Avigail,,Weiss,1944-07-29,avigail.weiss@checkpoints.com,058-2317776,Ashdod
709659120,Yosef,,Azoulay,1945-11-10,yosef.azoulay@walla.co.il,051-8643434,Petah-Tikva
834952627,Ronit,,Eshkol,1966-04-27,ronit.eshkol@gmail.com,053-3411249,Nahariya
377082043,Inbal,,Zilber,1948-11-09,inbal.zilber@gmail.com,055-8604827,Ashdod
132495867,Chaim,Yosef,Frank,1967-02-26,chaim.frank@checkpoints.com,052-5735492,Herzeliya
535602000,Sapir,,David,1950-04-08,sapir.david@gmail.com,054-9937987,Ashdod
530373413,Kobi,,Hoffman,1986-09-02,kobi.hoffman@hotmail.com,052-9092903,Rehovot
170931315,Roni,,Liberman,1955-07-08,roni.liberman@walla.co.il,056-6741177,Eilat
845319806,Sarah,,Golan,2001-07-18,sarah.golan@teva.com,059-9164301,Beer-Sheva
735830320,Dudi,,Heller,1999-10-10,dudi.heller@checkpoints.com,057-3955709,Petah-Tikva
792551787,Limor,,Friedman,1996-01-26,limor.friedman@hotmail.com,050-3461642,Haifa
586377578,Shahar,,Marciano,1956-09-07,shahar.marciano@walla.co.il,053-4450430,Herzeliya
421838360,Ilan,,Bareket,1969-07-13,ilan.bareket@teva.com,055-2497994,Nahariya
108717978,Avi,,Bar-On,1997-02-02,avi.bar-on@checkpoints.com,054-2047075,Herzeliya
689360922,Israel,,Cohen,1976-04-21,israel.cohen@gmail.com,054-1523193,Jerusalem
441586594,Sapir,,Berger,1969-06-28,sapir.berger@hotmail.com,053-3909338,Ashdod
249324059,Alon,,Shani,1976-03-18,alon.shani@checkpoints.com,056-3588175,Petah-Tikva
819477978,Yosef,Leah,Grosman,2007-02-15,yosef.grosman@gmail.com,057-8327199,Haifa
190906681,Ariel,,Porat,1967-08-15,ariel.porat@checkpoints.com,059-8142130,Nahariya
293055963,Shani,,Bar-On,1968-02-27,shani.bar-on@walla.co.il,055-4787304,Haifa
556095308,Roni,,Cohen,1942-12-17,roni.cohen@gmail.com,058-5517272,Rehovot
686441554,Yaron,Ben,Feldman,1957-07-24,yaron.feldman@walla.co.il,055-2898583,Nahariya
617042023,Meital,Leah,Katz,1961-04-22,meital.katz@checkpoints.com,054-8800337,Eilat
184003766,Oren,Yosef,Ben-Ari,1951-12-15,oren.ben-ari@teva.com,051-6242875,Nahariya
156665940,Roni,,Dotan,1966-06-21,roni.dotan@walla.co.il,058-8872413,Nahariya
887927373,Anat,,Kraus,1936-12-02,anat.kraus@gmail.com,054-3810320,Tel Aviv - Yafo
846305497,Dudi,,Peres,1938-02-08,dudi.peres@hotmail.com,054-2030419,Ashdod
720774271,Tomers,Michael,Geva,1942-05-19,tomers.geva@hotmail.com,050-5811968,Ashdod
398337874,Rivka,,Hadad,1983-11-04,rivka.hadad@checkpoints.com,054-1238286,Beer-Sheva
748348443,Idan,,Peled,1949-05-25,idan.peled@walla.co.il,055-3942713,Petah-Tikva
940232725,Sivan,,Eitan,1936-10-26,sivan.eitan@hotmail.com,050-6752034,Beer-Sheva
255767997,Dudi,,Levine,1940-12-31,dudi.levine@walla.co.il,056-4992095,Ashdod
879535586,Orly,,Segal,1942-08-26,orly.segal@checkpoints.com,055-1911435,Petah-Tikva
911194689,David,,Avraham,1972-10-04,david.avraham@walla.co.il,054-8990421,Eilat
350891920,Neta,,Nir,1965-12-15,neta.nir@gmail.com,052-9899342,Rehovot
112737840,Noa,,fuchs,1980-03-18,noa.fuchs@hotmail.com,050-2633502,Eilat
784428973,Hila,,Spector,1950-01-13,hila.spector@checkpoints.com,054-6619820,Petah-Tikva
386783352,Noam,,Turgeman,1973-06-10,noam.turgeman@walla.co.il,053-4270310,Eilat
462287576,Iris,,Tal,1980-06-05,iris.tal@hotmail.com,050-1142206,Beer-Sheva
112843471,Bar,,Yosef,1947-01-13,bar.yosef@walla.co.il,055-4681195,Petah-Tikva
370471388,Alon,Ben,Biton,2003-06-07,alon.biton@hotmail.com,053-3043299,Beer-Sheva
192756659,Roni,,Hadad,1940-01-02,roni.hadad@teva.com,059-4099902,Beer-Sheva
846952406,Amit,,Turgeman,1949-04-12,amit.turgeman@gmail.com,057-5636946,Rehovot
843267161,Osnat,,Netanyahu,1985-06-12,osnat.netanyahu@gmail.com,051-5652111,Tel Aviv - Yafo
511027302,Lihi,,Weiss,1985-05-14,lihi.weiss@checkpoints.com,054-3985161,Ashdod
174516050,Dan,,Stern,1992-07-10,dan.stern@teva.com,057-2819161,Haifa
680499353,Noga,,Spector,1950-10-26,noga.spector@gmail.com,057-5345236,Beer-Sheva
137431602,Shlomo,,Malka,1986-01-19,shlomo.malka@checkpoints.com,057-1314820,Ashdod
259831058,Sigal,Ben,Gur,1948-11-28,sigal.gur@walla.co.il,054-3543551,Herzeliya
927844881,Dan,,Kramer,1943-03-30,dan.kramer@checkpoints.com,051-4789081,Tel Aviv - Yafo
512771985,Meital,,Lapid,1957-08-23,meital.lapid@hotmail.com,055-6594190,Petah-Tikva
530156867,Shalom,,Yadin,1950-06-25,shalom.yadin@gmail.com,055-9969540,Herzeliya
186389815,Shani,,Olmert,1950-06-02,shani.olmert@gmail.com,052-1659867,Rehovot
809457825,Alon,,Elbaz,1998-12-15,alon.elbaz@teva.com,055-9162175,Beer-Sheva
779454449,Hadar,,Rabin,2005-05-01,hadar.rabin@gmail.com,050-5001116,Ashdod
517435960,Chaim,,Lavi,1963-09-15,chaim.lavi@hotmail.com,057-1275453,Tel Aviv - Yafo
464304610,Shalom,,Schwartz,2004-09-10,shalom.schwartz@walla.co.il,051-4551370,Eilat
592171427,Iris,Sarah,Dotan,1987-08-19,iris.dotan1@gmail.com,050-3375493,Ashdod
802046257,Yosef,,Frank,1953-01-21,yosef.frank@gmail.com,053-3190059,Tel Aviv - Yafo
284950962,Tali,,Avraham,1937-04-30,tali.avraham@gmail.com,057-3863692,Nahariya
168673962,Ori,,Omer,1936-11-01,ori.omer@hotmail.com,053-2058811,Jerusalem
448144622,Itai,,Nir,1996-03-18,itai.nir@gmail.com,053-1764815,Nahariya
286237999,Anat,Bat,Agbaria,1940-07-27,anat.agbaria@walla.co.il,052-7206350,Eilat
277173978,Hadar,,Saban,2004-11-18,hadar.saban@gmail.com,051-7310431,Haifa
116782928,Dan,Bat,Katz,2000-07-15,dan.katz@teva.com,059-5760225,Rehovot
844643743,Noga,,Frank,1990-01-14,noga.frank@gmail.com,054-9775941,Ashdod
140395469,Dudi,,Zamir,1953-08-16,dudi.zamir@gmail.com,054-6836014,Rehovot
104907047,Rami,,Eitan,1960-12-19,rami.eitan@gmail.com,059-7071696,Eilat
644967737,Ofek,,Heller,1949-05-20,ofek.heller@gmail.com,054-1890350,Jerusalem
220988280,Adam,,Nir,1965-12-21,adam.nir@walla.co.il,052-3680321,Tel Aviv - Yafo
158011705,Ronit,,Feldman,1969-07-15,ronit.feldman@gmail.com,055-8602555,Tel Aviv - Yafo
288857880,Eitan,,Peretz,1998-02-13,eitan.peretz@gmail.com,053-8462856,Nahariya
722514464,Michal,,Kraus,1947-10-23,michal.kraus@gmail.com,053-2847722,Herzeliya
344579129,Noam,,Eitan,1990-08-05,noam.eitan@walla.co.il,053-2233623,Ashdod
728238027,Dan,,Avraham,1995-07-13,dan.avraham@gmail.com,059-8633480,Haifa
515892751,Dana,,Grosman,1991-02-11,dana.grosman@teva.com,055-5524723,Jerusalem
460660580,Yosef,,Biton,2003-03-08,yosef.biton@gmail.com,052-2864104,Ashdod
592395371,Dor,,Segal,1988-10-22,dor.segal@gmail.com,059-3630468,Nahariya
282466834,Yaron,,Tamir,2000-10-10,yaron.tamir@walla.co.il,058-9207638,Jerusalem
735205122,Ron,,Heller,1943-01-15,ron.heller@walla.co.il,053-5157921,Herzeliya
566271010,Motti,,Ben-David,1955-06-11,motti.ben-david@gmail.com,059-1085187,Rehovot
147485372,Yaakov,,Frank,1963-04-19,yaakov.frank@gmail.com,056-9910743,Rehovot
614611532,Sivan,,Yosef,1986-12-15,sivan.yosef@gmail.com,058-1208423,Rehovot
795398363,Michael,,Mizrachi,1981-03-09,michael.mizrachi@gmail.com,057-1409590,Ashdod
535252390,Amit,,Deutsch,1945-05-20,amit.deutsch@teva.com,050-2186125,Rehovot
841687850,Anat,Yosef,Peles,1940-12-27,anat.peles@gmail.com,059-4475340,Beer-Sheva
766208705,Anat,,Rabin,1962-05-10,anat.rabin@teva.com,055-1865076,Beer-Sheva
511194794,Inbal,,Heller,1975-09-26,inbal.heller@gmail.com,052-2124172,Eilat
861644944,Roni,Michael,Liberman,1987-02-15,roni.liberman@hotmail.com,051-9027788,Nahariya
854672588,Roy,,Sharon,1988-04-22,roy.sharon@gmail.com,055-5485520,Eilat
830387900,Gal,Michael,Vaknin,1977-07-24,gal.vaknin@walla.co.il,057-9412936,Eilat
990733087,Itai,,Frank,1947-09-06,itai.frank@checkpoints.com,058-5903382,Ashdod
766741351,Dana,,Bareket,2002-08-24,dana.bareket@gmail.com,057-2464797,Beer-Sheva
519492143,Idan,,Asulin,2001-08-18,idan.asulin@gmail.com,052-5629550,Beer-Sheva
848486223,Omer,,Harari,1990-03-17,omer.harari@hotmail.com,050-5918567,Rehovot
832725044,Lior,,Hadad,1970-11-04,lior.hadad@walla.co.il,050-5890840,Jerusalem
167591527,Yosef,, Dayan,1961-12-01,yosef. dayan@teva.com,055-7907041,Nahariya
468070623,Sigal,,Porat,1964-12-01,sigal.porat@hotmail.com,058-8470161,Ashdod
426505925,Ilan,,Hadad,1981-01-13,ilan.hadad@gmail.com,054-4804769,Ashdod
499327067,Noa,,Netanyahu,1995-03-24,noa.netanyahu@gmail.com,054-8649177,Haifa
764249151,Eitan,,Ben-Gurion,1992-03-07,eitan.ben-gurion@gmail.com,052-3705405,Jerusalem
573400575,Leah,,Deutsch,1958-01-26,leah.deutsch@teva.com,050-6317433,Herzeliya
258853889,Dana,,fuchs,1993-12-12,dana.fuchs@hotmail.com,054-3038264,Tel Aviv - Yafo
534395495,Nir,Yosef,Netanyahu,1979-10-22,nir.netanyahu@gmail.com,050-9512910,Herzeliya
794972902,Shir,,Marciano,1982-07-13,shir.marciano@checkpoints.com,059-3467651,Nahariya
882267928,Hadar,,Schwartz,1942-11-23,hadar.schwartz@walla.co.il,050-3339134,Eilat
225494759,Avigail,,Peretz,1988-10-06,avigail.peretz@walla.co.il,055-2551575,Herzeliya
159091919,Roni,,Porat,1961-04-21,roni.porat@gmail.com,054-4283564,Tel Aviv - Yafo
189753594,Shahar,,fuchs,2000-09-10,shahar.fuchs@hotmail.com,056-4262330,Ashdod
441189853,Roni,,Harel,2003-07-04,roni.harel@teva.com,055-7669916,Haifa
868760242,Gal,,Deutsch,2007-06-10,gal.deutsch@gmail.com,055-6894759,Petah-Tikva
578433629,Rami,,Azoulay,1968-09-05,rami.azoulay@teva.com,056-8423991,Petah-Tikva
275868541,Agam,,Lazar,1971-05-17,agam.lazar@gmail.com,059-2444148,Haifa
323106146,Yael,,Frank,1961-05-28,yael.frank@gmail.com,051-7304414,Beer-Sheva
107106953,Bar,,Gur,1971-05-07,bar.gur@gmail.com,058-8753086,Nahariya
509921918,Shira,,Tamir,1981-06-10,shira.tamir@checkpoints.com,059-6098837,Ashdod
700523461,Linoy,,Heller,1937-07-20,linoy.heller@gmail.com,052-5406989,Petah-Tikva
787790914,Orly,Leah,Frank,1982-09-22,orly.frank@walla.co.il,052-9252486,Jerusalem
130539998,Itai,,Olmert,2002-07-19,itai.olmert@hotmail.com,055-9061215,Nahariya
568224996,Leah,,Yadin,1946-04-01,leah.yadin@checkpoints.com,051-7261294,Eilat
887006874,Yaron,,Mizrachi,1993-12-03,yaron.mizrachi@hotmail.com,050-3451774,Herzeliya
595042189,Meital,,Grosman,2003-10-15,meital.grosman@gmail.com,055-8038277,Herzeliya
152307230,Shira,,Marciano,2001-08-22,shira.marciano@hotmail.com,053-4074382,Beer-Sheva
742916320,Coral,,Segal,1980-03-01,coral.segal@checkpoints.com,054-5554325,Herzeliya
202900339,Shahar,,Sela,1995-08-22,shahar.sela@gmail.com,052-9693462,Petah-Tikva
500520940,Roni,,Shaham,1993-11-27,roni.shaham@gmail.com,053-3593001,Eilat
992726322,Zohar,,Dotan,1945-07-13,zohar.dotan@checkpoints.com,051-8001908,Ashdod
182034227,David,,Hadad,1965-07-07,david.hadad@gmail.com,054-7082891,Haifa
977288628,Hadar,,Gal,1977-11-05,hadar.gal@gmail.com,054-1482504,Beer-Sheva
338754922,Yosef,Bat,Tal,1980-12-14,yosef.tal@gmail.com,053-3184699,Beer-Sheva
556130975,Meital,,Olmert,2001-07-23,meital.olmert@gmail.com,057-8235132,Tel Aviv - Yafo
310830273,Ori,,Biton,1962-06-20,ori.biton@hotmail.com,050-8869895,Beer-Sheva
111029898,Coral,,Yosef,1954-07-18,coral.yosef@gmail.com,059-4355853,Haifa
820051966,Tal,,Peretz,1941-08-03,tal.peretz@gmail.com,059-6835728,Herzeliya
272397121,Asaf,,Lapid,1986-11-02,asaf.lapid@hotmail.com,059-2146505,Beer-Sheva
980024307,Motti,Bat,Olmert,1944-04-25,motti.olmert@gmail.com,054-3881880,Eilat
104648146,Eden,,Yosef,1963-04-20,eden.yosef@checkpoints.com,057-7148229,Nahariya
294184632,Hila,,Berger,1962-05-26,hila.berger@gmail.com,056-2893232,Herzeliya
232731028,Stav,,Omer,1964-01-20,stav.omer@checkpoints.com,055-5836389,Eilat
875388247,Yaakov,,Katz,1998-02-25,yaakov.katz@walla.co.il,054-8666277,Nahariya
890461268,Avigail,,Nir,1968-09-14,avigail.nir@gmail.com,058-7833061,Petah-Tikva
559520342,Alon,,Agbaria,1965-11-10,alon.agbaria@teva.com,055-4008109,Tel Aviv - Yafo
823872620,Dan,Yosef,Bareket,1961-08-23,dan.bareket@teva.com,051-3000143,Haifa
523925579,Yuval,,Tal,1999-05-29,yuval.tal@teva.com,052-2085660,Herzeliya
534102044,Itai,, Dayan,1943-06-22,itai. dayan@walla.co.il,054-5579723,Rehovot
482356574,Ron,,Livne,1972-04-01,ron.livne@walla.co.il,058-5679008,Haifa
924633240,Shani,Yosef,David,1963-12-03,shani.david@gmail.com,052-1498677,Beer-Sheva
892204952,Israel,,Agbaria,2006-02-18,israel.agbaria@gmail.com,056-6485409,Haifa
425078141,Eli,Ben,Oz,1949-03-23,eli.oz@checkpoints.com,058-9257536,Ashdod
316822569,Shira,,Tzur,1963-03-31,shira.tzur@gmail.com,058-6764913,Eilat
686928797,Yosef,Yosef,Olmert,1997-11-05,yosef.olmert@walla.co.il,057-6277427,Rehovot
575191040,Shani,Sarah,Biton,1949-05-17,shani.biton@checkpoints.com,054-3753883,Ashdod
562440328,Ariel,,Aharon,1964-10-20,ariel.aharon@checkpoints.com,051-9230125,Eilat
835914904,Lior,,Geva,1958-02-03,lior.geva@checkpoints.com,052-9500764,Tel Aviv - Yafo
520246255,Leah,,Harari,1974-08-22,leah.harari@hotmail.com,055-5772070,Herzeliya
165953495,David,,Peled,1975-08-30,david.peled@gmail.com,059-1451304,Herzeliya
508637554,Noam,,Lazar,1976-06-21,noam.lazar@walla.co.il,055-1947061,Jerusalem
365873433,Sarah,,Porat,2000-11-29,sarah.porat@teva.com,051-6115582,Beer-Sheva
462489075,Tomers,,Mizrachi,2005-03-07,tomers.mizrachi@walla.co.il,056-9636236,Rehovot
386279849,Yosef,,Yarkoni,2006-07-16,yosef.yarkoni@gmail.com,056-7548160,Herzeliya
714758692,Noam,Leah,Shaham,1990-01-22,noam.shaham@gmail.com,057-9435056,Herzeliya
278914614,Avi,,Elbaz,1969-06-02,avi.elbaz@gmail.com,057-2263679,Eilat
329866763,Noa,Sarah,Sarusi,1972-06-19,noa.sarusi@checkpoints.com,053-2542796,Nahariya
201719440,Kobi,,Schwartz,1957-09-19,kobi.schwartz@checkpoints.com,058-8973680,Rehovot
325205711,Tal,,Malka,1981-06-15,tal.malka@hotmail.com,054-8263032,Eilat
436460186,Guy,,Kraus,1952-06-19,guy.kraus@hotmail.com,057-4029979,Tel Aviv - Yafo
774142288,Shir,,Navon,1956-10-12,shir.navon@walla.co.il,053-8839914,Petah-Tikva
784968212,Shahar,,Ben-Ari,1969-08-15,shahar.ben-ari@hotmail.com,050-9762229,Jerusalem
491136945,Stav,,Klein,1941-07-26,stav.klein@teva.com,054-8304611,Rehovot
442151243,Chaim,,Gur,1971-07-14,chaim.gur@gmail.com,054-3694157,Petah-Tikva
837504834,Dudi,,Eitan,1998-05-06,dudi.eitan@gmail.com,053-1464798,Jerusalem
955820291,Avigail,,Heller,1969-05-28,avigail.heller@walla.co.il,050-4388838,Haifa
392822240,Ariel,,Peretz,1983-08-12,ariel.peretz@teva.com,058-3952542,Tel Aviv - Yafo
875750551,Dan,Ben,Mizrachi,1980-05-15,dan.mizrachi@hotmail.com,054-2066723,Rehovot
490234548,Osnat,,Tzur,1972-12-04,osnat.tzur@checkpoints.com,052-4960113,Beer-Sheva
713077996,Linoy,,Arad,1961-09-15,linoy.arad@teva.com,059-9812402,Petah-Tikva
633060309,Michael,,Eitan,1939-03-03,michael.eitan@checkpoints.com,055-6524500,Nahariya
891601510,Lihi,,Peres,1970-08-06,lihi.peres@gmail.com,052-2792041,Haifa
329897397,Maya,,Guttman,1955-08-25,maya.guttman@gmail.com,057-9950140,Herzeliya
609870729,Dorit,,Saban,1938-03-04,dorit.saban@gmail.com,055-8972898,Herzeliya
981934350,Avigail,,Mizrachi,1954-03-08,avigail.mizrachi@gmail.com,050-5021093,Petah-Tikva
693487068,Lihi,,Aharon,1945-09-05,lihi.aharon@gmail.com,051-9974312,Jerusalem
575026390,Lihi,,Levi,1973-04-11,lihi.levi@gmail.com,054-2514149,Jerusalem
419355409,Roy,,Shapira,1951-11-22,roy.shapira@gmail.com,056-1568440,Petah-Tikva
543413836,Anat,,Ben-Gurion,1999-07-12,anat.ben-gurion@checkpoints.com,052-5378351,Eilat
171261273,Hila,,Kraus,1959-05-25,hila.kraus@teva.com,055-8604470,Tel Aviv - Yafo
918164904,Israel,,Porat,1952-01-01,israel.porat@walla.co.il,052-1051603,Rehovot
314829236,Tali,,Aharon,2001-02-26,tali.aharon@gmail.com,052-5187652,Eilat
866183442,Noga,,Koren,1955-03-30,noga.koren@teva.com,056-6358628,Ashdod
838161934,Kobi,,Rubin,1990-09-17,kobi.rubin@gmail.com,056-7167297,Haifa
522511155,Neta,,Geva,2006-06-22,neta.geva@hotmail.com,059-4837070,Beer-Sheva
596524942,Guy,,Sarusi,1993-05-24,guy.sarusi@gmail.com,056-8195804,Nahariya
379342292,Adam,,Azoulay,1993-04-09,adam.azoulay@hotmail.com,051-1236808,Eilat
567248132,Noga,,Blau,1964-03-14,noga.blau@gmail.com,053-4408213,Jerusalem
973394943,Tamar,,Asulin,1974-04-04,tamar.asulin@gmail.com,056-4466272,Nahariya
331462865,Noa,,Shamir,1971-01-02,noa.shamir@gmail.com,056-3448514,Tel Aviv - Yafo
411592314,Leah,,Eitan,1986-04-04,leah.eitan@gmail.com,059-8686718,Beer-Sheva
111081272,Ron,,Grosman,1946-05-12,ron.grosman@walla.co.il,053-7433986,Rehovot
890385760,Dudi,Sarah,Turgeman,2003-04-06,dudi.turgeman@gmail.com,055-4939985,Ashdod
480428530,Roni,,Livne,1954-11-12,roni.livne@teva.com,050-1089942,Petah-Tikva
641747843,Eli,,Berger,1973-02-14,eli.berger@teva.com,055-3218589,Eilat
144157616,Motti,,Golan,1963-05-05,motti.golan@walla.co.il,055-8853160,Haifa
196258788,Adi,,Eshkol,1995-10-24,adi.eshkol@gmail.com,051-6255791,Tel Aviv - Yafo
237300968,Nir,,Vaknin,1969-12-12,nir.vaknin@gmail.com,054-5425123,Eilat
436092271,Mor,,Segal,1964-06-16,mor.segal@checkpoints.com,052-8381800,Tel Aviv - Yafo
302851261,Adam,,Avraham,2005-04-25,adam.avraham@walla.co.il,054-3743996,Ashdod
568613005,David,Michael,Harari,1944-12-03,david.harari@hotmail.com,057-8679933,Ashdod
220786160,Eden,Ben,Klein,1990-04-04,eden.klein@checkpoints.com,054-4030887,Haifa
905238350,Eyal,,Gabay,1949-01-15,eyal.gabay@hotmail.com,053-1069218,Eilat
923396372,Yaron,,Zamir,2001-08-22,yaron.zamir@gmail.com,057-2582179,Herzeliya
127876667,Noa,,Nir,1997-08-03,noa.nir@walla.co.il,055-2779557,Herzeliya
265115158,David,,Katz,1945-01-15,david.katz@teva.com,057-8617787,Petah-Tikva
738021964,Limor,,Cohen,2004-08-07,limor.cohen@teva.com,059-8601790,Herzeliya
885490692,Agam,,Ramon,2004-03-01,agam.ramon@checkpoints.com,054-6421907,Tel Aviv - Yafo
898649166,Shlomo,,Tamir,1974-04-26,shlomo.tamir@gmail.com,056-5280939,Haifa
357784072,Noga,,Green,1989-11-07,noga.green@gmail.com,056-7751088,Petah-Tikva
794891350,Coral,,Koren,1981-10-01,coral.koren@walla.co.il,056-6202636,Nahariya
240967986,Hila,Michael,Livne,1962-07-17,hila.livne@gmail.com,057-8473283,Rehovot
199801582,Yaakov,,Bar-On,1966-12-13,yaakov.bar-on@teva.com,053-3601637,Ashdod
666161206,Tali,,Porat,1982-06-15,tali.porat@walla.co.il,056-2328472,Ashdod
422544807,Adam,,Hadad,1981-08-01,adam.hadad@checkpoints.com,053-9776028,Rehovot
417270985,Ilan,,Avraham,2004-06-27,ilan.avraham@hotmail.com,051-9567311,Rehovot
543476209,Noam,,Heller,1957-07-14,noam.heller@checkpoints.com,054-6963589,Petah-Tikva
728748729,Daniel,,Netanyahu,1998-04-24,daniel.netanyahu@teva.com,057-4012385,Haifa
856320718,Yael,,Melamed,1967-09-18,yael.melamed@checkpoints.com,057-5447210,Herzeliya
969737332,Amit,,Barkat,1941-07-07,amit.barkat@hotmail.com,054-2783932,Rehovot
673781871,Yosef,,Cohen,2007-05-05,yosef.cohen@gmail.com,057-8720254,Rehovot
806218351,Kim,,Harel,1981-05-14,kim.harel@hotmail.com,059-7052024,Rehovot
963976413,Yael,Ben,Azoulay,1991-06-01,yael.azoulay1@gmail.com,050-4157826,Tel Aviv - Yafo
324658446,Ben,Bat,Koren,1969-06-09,ben.koren@checkpoints.com,058-4203013,Beer-Sheva
423108101,Noga,Yosef,Heller,2006-07-30,noga.heller@gmail.com,052-3557220,Ashdod
620815076,Ron,,Mizrachi,1956-01-12,ron.mizrachi@gmail.com,053-5946450,Nahariya
990615975,Erez,,Avraham,1999-04-28,erez.avraham@teva.com,056-7974052,Ashdod
891431808,Motti,,Gal,1982-06-12,motti.gal@gmail.com,057-7705523,Ashdod
651211504,Kobi,,Begin,1947-08-25,kobi.begin@checkpoints.com,057-4890733,Tel Aviv - Yafo
667267264,Yosef,,Lazar,1958-11-24,yosef.lazar@gmail.com,054-7998405,Ashdod
225564160,Nir,,Oz,1977-06-04,nir.oz@walla.co.il,056-1349082,Haifa
409249220,Eden,,Ronen,1969-03-24,eden.ronen@gmail.com,058-4685993,Nahariya
867939251,Limor,Michael,Heller,1943-09-02,limor.heller@teva.com,056-7993768,Herzeliya
954669136,Ron,,Shapira,1983-03-12,ron.shapira@teva.com,051-9101545,Haifa
286069909,Guy,,Shapira,1999-06-25,guy.shapira@checkpoints.com,056-9283332,Petah-Tikva
352027504,Roy,Ben,Shani,1976-05-06,roy.shani@gmail.com,055-3660958,Haifa
989003129,Asaf,,Biton,1978-03-27,asaf.biton@walla.co.il,051-4803231,Beer-Sheva
703422986,Ofek,,Shaham,1978-01-01,ofek.shaham@checkpoints.com,055-1783099,Eilat
387216523,Adam,,Tal,1954-04-27,adam.tal@teva.com,051-1845941,Ashdod
957905637,Shani,Ben,Sharon,1938-05-29,shani.sharon@hotmail.com,059-2709062,Eilat
226765260,Roy,,Feldman,1982-04-29,roy.feldman@teva.com,057-9487536,Ashdod
886571603,Noam,,Levine,1978-07-07,noam.levine@checkpoints.com,052-3063320,Jerusalem
571489117,Dor,,Netanyahu,1986-07-11,dor.netanyahu@checkpoints.com,057-6726400,Petah-Tikva
642264030,Tomers,,Katz,1944-05-15,tomers.katz@checkpoints.com,056-7050592,Jerusalem
262791297,Coral,,Sharon,1937-11-28,coral.sharon@gmail.com,052-8194453,Rehovot
539492534,Shani,,Navon,1976-01-29,shani.navon@gmail.com,057-3442499,Tel Aviv - Yafo
870544763,Oren,Michael,Agbaria,1972-07-01,oren.agbaria@checkpoints.com,052-8282524,Tel Aviv - Yafo
522266433,May,,Biton,1950-12-26,may.biton@gmail.com,059-1969887,Eilat
417531682,Dor,,Green,1945-08-30,dor.green@hotmail.com,054-6262932,Herzeliya
108484954,Maya,,Peles,1995-05-11,maya.peles@teva.com,056-8485810,Jerusalem
684572202,Eli,,Oz,1945-12-17,eli.oz@gmail.com,056-4310073,Petah-Tikva
190495952,Yitzhak,,Dotan,1943-06-25,yitzhak.dotan@teva.com,052-9732032,Eilat
404865220,Niv,,Azoulay,1980-07-09,niv.azoulay@hotmail.com,055-3684813,Tel Aviv - Yafo
129947975,Lior,,Peled,1939-01-30,lior.peled@gmail.com,056-9477100,Beer-Sheva
885964167,Shalom,,Deutsch,1963-01-02,shalom.deutsch@gmail.com,051-1800824,Beer-Sheva
581827565,Yael,,Geva,1967-11-18,yael.geva@gmail.com,053-9947098,Nahariya
351081528,Tal,,Elbaz,1938-02-16,tal.elbaz@checkpoints.com,059-3348331,Rehovot
657987812,Linoy,Sarah,Saban,1956-04-14,linoy.saban@gmail.com,055-8622050,Beer-Sheva
257360353,Sapir,,Lazar,2001-03-07,sapir.lazar@gmail.com,050-8128416,Haifa
611372846,Niv,Leah,fuchs,1961-04-27,niv.fuchs@walla.co.il,059-9706452,Rehovot
383138961,Motti,,Harari,1969-01-19,motti.harari@teva.com,057-7994796,Haifa
254990533,Asaf,,Hadad,1967-06-21,asaf.hadad@gmail.com,058-9877514,Beer-Sheva
845682242,Niv,,Blau,1941-07-24,niv.blau@gmail.com,058-7196363,Beer-Sheva
745963305,Bar,Sarah,Omer,1982-07-21,bar.omer@gmail.com,058-3572022,Beer-Sheva
498860032,Avigail,,Deutsch,1964-12-09,avigail.deutsch@gmail.com,052-3384710,Nahariya
552858103,Israel,,Aharon,1989-03-11,israel.aharon@gmail.com,057-1034993,Beer-Sheva
687913699,Tal,,Agbaria,1971-01-26,tal.agbaria@walla.co.il,059-6195935,Nahariya
641986065,Orly,,Blau,1948-09-03,orly.blau@walla.co.il,052-6456223,Beer-Sheva
958791185,Eli,,Livne,1973-10-17,eli.livne@gmail.com,056-6687440,Eilat
149198538,Osnat,,Guttman,1950-08-02,osnat.guttman@gmail.com,052-1416143,Nahariya
776574610,Noga,,Eshkol,1950-08-27,noga.eshkol@gmail.com,058-2428614,Jerusalem
712295241,Oren,,Ronen,1963-06-10,oren.ronen@gmail.com,051-9923120,Haifa
120372732,Maya,,Liberman,1945-03-25,maya.liberman@checkpoints.com,059-8452933,Beer-Sheva
966424854,Shahar,,Harel,1955-09-14,shahar.harel@gmail.com,057-1390292,Herzeliya
569243880,Amit,Sarah,Kraus,1980-01-23,amit.kraus@walla.co.il,054-2527147,Beer-Sheva
206658672,Lior,,Segal,1992-02-23,lior.segal@gmail.com,051-3587505,Petah-Tikva
537309736,Iris,Michael,Segal,1992-04-02,iris.segal@gmail.com,050-6000018,Rehovot
448126205,Leah,,Berger,1997-09-06,leah.berger@gmail.com,053-5020206,Nahariya
641618196,Lihi,,Omer,1979-12-22,lihi.omer@walla.co.il,058-7829609,Beer-Sheva
619875201,David,,Hoffman,2006-11-11,david.hoffman@gmail.com,058-2703045,Jerusalem
919241705,Rami,,Koren,1981-03-16,rami.koren@hotmail.com,056-8482340,Beer-Sheva
782683973,Asaf,,Liberman,1995-10-05,asaf.liberman@gmail.com,058-3821731,Jerusalem
677174482,Gal,,Shani,2008-06-11,gal.shani@checkpoints.com,057-5852800,Haifa
100582968,Shalom,,Kramer,1986-01-09,shalom.kramer@checkpoints.com,056-6895814,Jerusalem
728309864,Eyal,Leah,Asulin,1960-08-13,eyal.asulin@hotmail.com,051-6043874,Beer-Sheva
524455403,Sivan,,Ohayon,1943-06-26,sivan.ohayon@hotmail.com,054-8247127,Jerusalem
755460660,Asaf,,Melamed,1977-10-17,asaf.melamed@teva.com,054-8595349,Petah-Tikva
364063487,Limor,,Rubin,1967-04-14,limor.rubin@hotmail.com,055-1266331,Haifa
110284954,Iris,,Golan,1946-01-18,iris.golan@teva.com,057-7589940,Eilat
187132846,Sigal,Ben,Koren,1948-04-12,sigal.koren@walla.co.il,051-6922268,Rehovot
988485748,Dudi,,Silberman,1939-08-21,dudi.silberman@checkpoints.com,050-3093190,Ashdod
497800553,Alon,Leah,Guttman,2006-10-04,alon.guttman@checkpoints.com,054-7003240,Jerusalem
196600815,Avi,,Yadin,1944-02-19,avi.yadin@gmail.com,053-9284734,Herzeliya
139509449,Maya,,Harari,1945-02-09,maya.harari@hotmail.com,053-1119712,Jerusalem
981674615,Orly,Michael,Zilber,1957-06-23,orly.zilber@hotmail.com,057-3860131,Eilat
308059226,Limor,,Rabin,1947-04-25,limor.rabin@hotmail.com,059-3944885,Beer-Sheva
731536919,Yosef,Michael,Peres,1957-05-28,yosef.peres@checkpoints.com,053-9775825,Petah-Tikva
305999029,Iris,,Mizrachi,1946-05-13,iris.mizrachi@teva.com,058-5243311,Eilat
797964448,Israel,,Rubin,1972-01-12,israel.rubin@gmail.com,051-9695551,Ashdod
632119301,Inbal,,Navon,1943-10-31,inbal.navon@gmail.com,050-5662942,Rehovot
671671189,Rotem,Bat,Melamed,1978-07-04,rotem.melamed@gmail.com,059-1425670,Jerusalem
840397560,Gal,,Malka,1990-11-14,gal.malka@gmail.com,055-6214457,Beer-Sheva
772156679,Tali,Yosef,Yosef,2006-05-18,tali.yosef@hotmail.com,055-5201173,Jerusalem
215793020,Ron,,Eitan,2003-08-26,ron.eitan@checkpoints.com,055-9718700,Jerusalem
178287411,Roni,,Gal,1939-12-26,roni.gal@gmail.com,057-3094239,Beer-Sheva
165162109,Yitzhak,,Berger,1946-04-30,yitzhak.berger@gmail.com,052-2040224,Ashdod
158829061,Yael,,Ben-Ari,2002-08-19,yael.ben-ari@gmail.com,050-1875823,Petah-Tikva
509584709,Yuval,,Yosef,1971-08-26,yuval.yosef@gmail.com,059-1177948,Ashdod
512230991,Stav,,Lazar,1952-12-24,stav.lazar@gmail.com,055-1435739,Ashdod
655353112,Anat,,Peled,1999-04-28,anat.peled@gmail.com,059-2133208,Nahariya
947629428,Alon,Sarah,Geva,1985-07-17,alon.geva@gmail.com,056-9076540,Nahariya
577411727,Amit,Ben,Saban,2003-02-08,amit.saban@gmail.com,054-8312318,Eilat
799762892,Coral,,Silberman,1959-12-26,coral.silberman@checkpoints.com,052-3473113,Ashdod
108677810,Oren,,Peled,1995-07-24,oren.peled@gmail.com,053-9507858,Eilat
158634129,Gal,,Goldberg,1990-07-23,gal.goldberg@teva.com,053-2147624,Herzeliya
303318997,Osnat,,Frank,1966-08-08,osnat.frank@hotmail.com,055-6631448,Nahariya
421726973,Dor,,Weiss,1967-10-11,dor.weiss@checkpoints.com,050-9320336,Jerusalem
103969701,Orly,,Ben-David,1966-09-05,orly.ben-david@hotmail.com,053-5010074,Ashdod
888755899,Noga,,Weiss,1974-10-23,noga.weiss@gmail.com,056-4091109,Tel Aviv - Yafo
489571951,Moshe,,Malka,1958-10-08,moshe.malka@gmail.com,052-5875059,Ashdod
308739111,Tali,,Sela,1976-03-30,tali.sela@gmail.com,050-4340727,Jerusalem
405051006,Idan,,Ben-David,1944-01-17,idan.ben-david@gmail.com,055-5126595,Haifa
310440043,Yosef,,Golan,1999-06-16,yosef.golan@gmail.com,052-7357268,Beer-Sheva
463336272,Roy,,Aharon,1975-05-16,roy.aharon@checkpoints.com,055-3874940,Eilat
957944228,Eli,,Spector,2002-09-01,eli.spector@gmail.com,052-3194370,Jerusalem
305816222,Shahar,,Berger,1980-01-04,shahar.berger@hotmail.com,056-5102862,Tel Aviv - Yafo
919353456,Avi,,Peled,1960-06-29,avi.peled@gmail.com,052-6497568,Jerusalem
157186389,Tali,,Vaknin,1962-12-08,tali.vaknin@hotmail.com,057-4510423,Beer-Sheva
942527868,Ron,,Tzur,1993-07-06,ron.tzur@hotmail.com,056-9542262,Herzeliya
635354547,Oren,,Heller,1944-08-12,oren.heller@gmail.com,058-9108379,Ashdod
608693948,Tamar,,Sela,1937-08-08,tamar.sela@hotmail.com,050-4476232,Jerusalem
317970120,Rotem,,Eitan,1981-01-30,rotem.eitan@walla.co.il,056-3637534,Herzeliya
373298690,Gadi,Ben,Katz,1982-01-23,gadi.katz@walla.co.il,058-6898448,Jerusalem
727024665,Yaakov,,Heller,1978-05-10,yaakov.heller@walla.co.il,057-8844203,Rehovot
539109702,Dana,,Harari,1974-03-25,dana.harari@gmail.com,052-8410303,Jerusalem
188496207,Shira,,Arad,1950-10-15,shira.arad@gmail.com,054-4820869,Beer-Sheva
227332770,Shlomo,Bat,Feldman,1978-08-04,shlomo.feldman@gmail.com,055-5194700,Petah-Tikva
900164591,Noga,,Nir,1991-06-07,noga.nir@teva.com,059-3312992,Eilat
982947411,Tal,,Green,1956-07-03,tal.green@checkpoints.com,050-8918912,Eilat
917289898,Adam,,Zilber,1943-08-22,adam.zilber@teva.com,053-8959753,Jerusalem
653863250,Kobi,,Tamir,1943-09-18,kobi.tamir@checkpoints.com,057-6715319,Beer-Sheva
436161542,Alon,,Lazar,1945-12-01,alon.lazar@walla.co.il,053-8359842,Ashdod
699627706,David,,Deutsch,1997-01-07,david.deutsch@gmail.com,050-9385256,Herzeliya
464881354,Ofek,,Kraus,1941-01-04,ofek.kraus@walla.co.il,058-6027078,Herzeliya
730238228,Yosef,,Ramon,1996-01-19,yosef.ramon@gmail.com,055-7557976,Rehovot
319263036,Erez,,Agbaria,1991-08-21,erez.agbaria@walla.co.il,051-6517042,Nahariya
584832360,Orly,Ben,Elbaz,1947-12-27,orly.elbaz@hotmail.com,052-1537863,Nahariya
514350655,Noa,,Liberman,1949-05-12,noa.liberman@hotmail.com,051-8627990,Tel Aviv - Yafo
495837354,Oren,,Levi,1971-09-03,oren.levi@walla.co.il,052-2857975,Haifa
676012047,Dor,,Kramer,1973-08-20,dor.kramer@checkpoints.com,053-3179901,Jerusalem
432599234,Mor,,Eshkol,1994-04-16,mor.eshkol@hotmail.com,059-6206200,Nahariya
317940428,Asaf,,Ben-Gurion,1983-10-28,asaf.ben-gurion@gmail.com,050-3393974,Ashdod
168687310,Yuval,,Harel,1961-05-10,yuval.harel@gmail.com,059-9236918,Ashdod
596815461,Yaron,,Dahan,1982-09-14,yaron.dahan@teva.com,057-6818033,Petah-Tikva
519930083,Avi,,Golan,1992-06-03,avi.golan@hotmail.com,056-8681081,Rehovot
807681800,Amit,,Yarkoni,1973-03-24,amit.yarkoni@teva.com,050-5021419,Haifa
393965039,Tali,,Dotan,2002-07-18,tali.dotan@teva.com,053-9279347,Rehovot
918041802,Gadi,,Ohayon,2001-09-01,gadi.ohayon@checkpoints.com,051-9462341,Herzeliya
540337297,Rotem,,Segal,1963-02-18,rotem.segal@gmail.com,057-1448251,Beer-Sheva
785977815,Meital,,Bareket,1974-05-04,meital.bareket@gmail.com,056-4261550,Rehovot
140560232,Moshe,Bat,Turgeman,1979-03-10,moshe.turgeman@teva.com,057-9132910,Ashdod
173269109,Daniel,,Tamir,1944-07-07,daniel.tamir@walla.co.il,052-8898507,Petah-Tikva
290306358,Shira,,Ohayon,1973-06-20,shira.ohayon@gmail.com,051-1188082,Petah-Tikva
264815590,Hadar,,Silberman,1944-06-10,hadar.silberman@gmail.com,058-4626672,Ashdod
848121420,Israel,,Gur,1951-01-10,israel.gur@teva.com,051-7553489,Petah-Tikva
576727072,Israel,,Gal,1974-09-04,israel.gal@checkpoints.com,053-5189267,Herzeliya
356130725,Guy,Ben,Azoulay,2007-03-24,guy.azoulay@gmail.com,053-2059841,Jerusalem
203726898,Osnat,,Segal,2004-08-01,osnat.segal@walla.co.il,058-2806634,Herzeliya
446474552,Rami,,Yadin,1989-12-14,rami.yadin@hotmail.com,056-8178640,Beer-Sheva
349546342,Niv,,David,1992-12-15,niv.david@gmail.com,056-6305630,Tel Aviv - Yafo
806480997,Maya,,Koren,2004-08-04,maya.koren@gmail.com,053-7897060,Petah-Tikva
924145310,Dudi,,Harari,1999-05-26,dudi.harari@teva.com,058-3876606,Petah-Tikva
201731201,Dudi,,Rubin,1946-01-24,dudi.rubin@walla.co.il,052-6570816,Haifa
782205574,May,,Tal,1948-10-01,may.tal@walla.co.il,051-6622132,Tel Aviv - Yafo
753407677,Motti,,fuchs,1951-01-24,motti.fuchs@teva.com,053-9445986,Nahariya
856589767,Moshe,, Dayan,1997-05-27,moshe. dayan@gmail.com,053-8189001,Jerusalem
765468920,Daniel,Yosef,Friedman,1981-12-03,daniel.friedman@gmail.com,052-7304004,Jerusalem
789384018,Yitzhak,,Eitan,1954-11-17,yitzhak.eitan@walla.co.il,055-3252626,Petah-Tikva
440954543,Ronit,,Olmert,1971-04-24,ronit.olmert@teva.com,054-1397508,Jerusalem
886916528,Anat,,Schwartz,1960-02-24,anat.schwartz@gmail.com,053-4731991,Nahariya
509617388,Oren,,Rubin,1952-01-13,oren.rubin@gmail.com,051-9248388,Beer-Sheva
689320084,Roy,,Eitan,1970-04-17,roy.eitan@teva.com,057-6225481,Haifa
874891307,Guy,,Saban,1954-03-07,guy.saban@gmail.com,054-5787427,Nahariya
581327523,Orly,,Stern,1938-06-10,orly.stern@walla.co.il,051-7032783,Rehovot
505571070,Tomers,,Frank,1963-03-15,tomers.frank@hotmail.com,056-3615206,Ashdod
121271982,May,,Berger,2001-01-24,may.berger@checkpoints.com,054-3563536,Eilat
880232602,Idan,,Turgeman,1981-02-03,idan.turgeman@walla.co.il,054-7293920,Eilat
750714773,Ben,,Malka,1944-05-26,ben.malka@walla.co.il,053-3595845,Jerusalem
104488833,Moshe,,Arad,1974-12-16,moshe.arad@walla.co.il,056-7976304,Rehovot
896924722,Dana,,Altman,1951-01-09,dana.altman@hotmail.com,051-7858317,Tel Aviv - Yafo
233656706,Lihi,,Ramon,1940-02-01,lihi.ramon@walla.co.il,054-6848179,Eilat
847813304,Shalom,,Koren,1970-06-29,shalom.koren@teva.com,053-5066006,Ashdod
137052221,Inbal,,Yadin,2005-12-31,inbal.yadin@teva.com,052-5384401,Nahariya
589058010,Dorit,,Klein,1954-07-06,dorit.klein@hotmail.com,052-1206987,Beer-Sheva
927825086,Michael,,Porat,1974-01-19,michael.porat@walla.co.il,059-2348021,Eilat
302747423,Gal,,Segal,1985-11-05,gal.segal@teva.com,054-9399459,Eilat
807044021,Neta,,Peled,1971-08-10,neta.peled@checkpoints.com,051-2833314,Nahariya
933965732,Tal,,Klein,1989-09-26,tal.klein@teva.com,056-6169066,Tel Aviv - Yafo
280816719,Dan,,Cohen,1946-01-24,dan.cohen@walla.co.il,058-7993453,Petah-Tikva
300145519,Shir,,Grosman,1992-03-16,shir.grosman@hotmail.com,051-8560833,Nahariya
974423622,Niv,,Zamir,1941-04-03,niv.zamir@gmail.com,053-5351203,Rehovot
573230717,Tali,Leah,Oz,1993-08-18,tali.oz@gmail.com,054-2437925,Rehovot
233875825,Maya,,Agbaria,1955-12-29,maya.agbaria@gmail.com,057-9140210,Beer-Sheva
110207613,Shalom,,Gabay,2007-11-20,shalom.gabay@teva.com,059-1702283,Beer-Sheva
326632925,Oren,,Cohen,1961-11-16,oren.cohen@checkpoints.com,054-9152488,Ashdod
977082994,Sarah,,Feldman,1974-08-01,sarah.feldman@hotmail.com,050-6973179,Herzeliya
965726040,Noam,,Cohen,1945-11-19,noam.cohen@walla.co.il,052-1430846,Nahariya
231957007,Zohar,,Vaknin,1941-02-12,zohar.vaknin@checkpoints.com,053-7181227,Ashdod
763950073,Dorit,,Tzur,1962-05-04,dorit.tzur@walla.co.il,053-1052497,Herzeliya
117856651,Orly,,Feldman,1942-07-09,orly.feldman@gmail.com,057-4918463,Nahariya
620266724,Yuval,,Rabin,2001-03-26,yuval.rabin@gmail.com,056-8988000,Beer-Sheva
888424722,Lihi,,Marciano,1944-08-30,lihi.marciano@gmail.com,058-9466397,Tel Aviv - Yafo
237290086,Nir,,Azoulay,1948-02-25,nir.azoulay@hotmail.com,057-3819458,Ashdod
224208992,Ben,,Tzur,1986-09-13,ben.tzur@gmail.com,052-2500416,Beer-Sheva
566963239,Sapir,,Peretz,1979-03-30,sapir.peretz@walla.co.il,054-4697296,Petah-Tikva
815039775,Ron,Bat,Livne,1960-07-30,ron.livne@teva.com,057-2517360,Herzeliya
340310093,Yaron,,Netanyahu,2002-09-24,yaron.netanyahu@teva.com,055-7325183,Rehovot
802140873,Ronit,,Shani,1969-05-01,ronit.shani@checkpoints.com,053-4750560,Petah-Tikva
224221153,Shira,Michael,Azoulay,1942-02-03,shira.azoulay@hotmail.com,053-2947939,Nahariya
494854627,Yosef,,Melamed,1956-10-10,yosef.melamed@teva.com,050-6214340,Tel Aviv - Yafo
733571870,Shahar,,Ronen,1970-07-10,shahar.ronen@gmail.com,055-3119085,Eilat
812688382,Roni,,Peled,1973-01-25,roni.peled@gmail.com,058-8727632,Herzeliya
255371286,Shira,,Ben-David,1967-08-23,shira.ben-david@gmail.com,059-5754542,Haifa
902149493,Osnat,Michael,Yarkoni,1980-10-27,osnat.yarkoni@hotmail.com,051-5587772,Nahariya
613552190,Tali,,Barkat,1945-05-12,tali.barkat@walla.co.il,050-6589238,Haifa
988934422,Sapir,,Liberman,1988-05-04,sapir.liberman@teva.com,050-4003461,Ashdod
881034931,Erez,,Elbaz,1949-05-22,erez.elbaz@checkpoints.com,052-1361814,Eilat
521213424,Roni,,Lazar,1977-04-14,roni.lazar@checkpoints.com,056-7560950,Beer-Sheva
666768643,Agam,,Asulin,1991-01-12,agam.asulin@teva.com,058-7606405,Beer-Sheva
240553542,Michal,,Sharon,2003-09-05,michal.sharon@checkpoints.com,054-8676121,Haifa
719718049,Ariel,,Guttman,1982-06-02,ariel.guttman@gmail.com,053-4659722,Jerusalem
889542655,Sigal,,Levi,1956-11-20,sigal.levi@gmail.com,052-7317557,Rehovot
829548792,Tomers,Yosef,Friedman,1992-06-01,tomers.friedman@gmail.com,051-9647567,Herzeliya
737150229,Mor,,Levine,1972-04-15,mor.levine@gmail.com,050-2993175,Jerusalem
525894109,Dan,,Elbaz,1993-01-21,dan.elbaz@teva.com,056-2503425,Ashdod
978530356,Sigal,,Berger,1949-12-07,sigal.berger@walla.co.il,055-1194656,Beer-Sheva
225227973,Daniel,,Ohayon,1948-07-14,daniel.ohayon@hotmail.com,053-1386324,Nahariya
715234639,Yaron,,Kramer,1941-08-31,yaron.kramer@gmail.com,059-4038296,Rehovot
619896637,Ronit,,Yarkoni,1957-04-08,ronit.yarkoni@gmail.com,051-6456436,Beer-Sheva
866402704,Shahar,,Zamir,1945-09-01,shahar.zamir@gmail.com,056-9999580,Eilat
624590810,Chaim,,Navon,1960-03-06,chaim.navon@teva.com,051-4480664,Beer-Sheva
293986672,Dudi,,Tal,1958-10-07,dudi.tal@walla.co.il,055-3064357,Tel Aviv - Yafo
238315117,Yaron,,Liberman,2000-08-27,yaron.liberman@hotmail.com,054-1587291,Beer-Sheva
233913984,Asaf,,Elbaz,1959-09-10,asaf.elbaz@gmail.com,056-1001435,Jerusalem
422766775,Yaakov,,Navon,1982-03-18,yaakov.navon@teva.com,058-8464523,Haifa
838659551,Noam,,Tzur,1987-04-06,noam.tzur@gmail.com,053-3376783,Petah-Tikva
994027302,Niv,,Grosman,1989-02-24,niv.grosman@hotmail.com,055-5653927,Haifa
882869895,Eli,Michael,Lazar,1985-02-23,eli.lazar@walla.co.il,052-7711882,Ashdod
189393380,Rivka,,Bareket,1946-03-24,rivka.bareket@gmail.com,058-4418574,Beer-Sheva
775993707,Agam,,Gabay,1946-01-08,agam.gabay@teva.com,053-7243511,Nahariya
805789882,Ronit,,Bar-On,1970-11-18,ronit.bar-on@checkpoints.com,052-6307645,Rehovot
506885773,David,,Harel,1984-04-19,david.harel@gmail.com,058-2845328,Eilat
536778058,Chaim,,Weiss,1975-12-26,chaim.weiss@gmail.com,054-3455003,Jerusalem
393826004,Moshe,,Yosef,1988-08-06,moshe.yosef@walla.co.il,051-3072044,Haifa
665298949,Agam,,Aharon,1964-08-10,agam.aharon@gmail.com,058-6853574,Nahariya
402791679,Gadi,,Gabay,2004-03-25,gadi.gabay@gmail.com,055-7535788,Haifa
470626564,Linoy,,Bareket,1960-10-31,linoy.bareket@hotmail.com,059-7755367,Ashdod
735988157,Yosef,Sarah,Sarusi,1944-07-19,yosef.sarusi@gmail.com,052-3393607,Rehovot
709413742,Linoy,Leah,Gabay,1951-03-10,linoy.gabay@gmail.com,053-8016965,Ashdod
639264550,Noa,,Vaknin,1961-10-30,noa.vaknin@teva.com,053-6120195,Beer-Sheva
428201538,Bar,,Netanyahu,2000-06-12,bar.netanyahu@teva.com,051-2286698,Jerusalem
200538326,Tomers,Leah,Geva,1982-11-21,tomers.geva1@hotmail.com,057-1179426,Rehovot
826958713,Eyal,Yosef,Shamir,1962-05-01,eyal.shamir@teva.com,058-3091977,Rehovot
114925291,Avi,,Ronen,1941-08-12,avi.ronen@gmail.com,056-9964482,Herzeliya
984079709,Zohar,,Nir,1954-01-16,zohar.nir@walla.co.il,052-9783147,Jerusalem
287705313,Shlomo,,Feldman,1962-06-13,shlomo.feldman1@gmail.com,050-8092102,Ashdod
507049911,Tomers,,Deutsch,1978-03-19,tomers.deutsch@teva.com,053-2977453,Petah-Tikva
421239920,Ben,,Marciano,2008-05-01,ben.marciano@teva.com,059-7603872,Jerusalem
138041733,Stav,,Oz,2003-05-17,stav.oz@gmail.com,050-8723456,Herzeliya
420351568,Hila,Leah,David,1991-10-31,hila.david@walla.co.il,055-1148708,Beer-Sheva
562572075,Dan,Sarah,Stern,1994-09-29,dan.stern@walla.co.il,051-9177419,Tel Aviv - Yafo
267106867,Noga,,Tzur,1966-04-22,noga.tzur@walla.co.il,055-6021168,Herzeliya
559928150,Amit,,Dotan,1998-10-13,amit.dotan@walla.co.il,057-3715129,Haifa
479823041,Kim,,Spector,1944-11-27,kim.spector@gmail.com,051-4180407,Petah-Tikva
143224883,Ariel,,Zilber,1978-10-26,ariel.zilber@gmail.com,052-4338530,Ashdod
814299118,Tamar,,Ohayon,1959-03-07,tamar.ohayon@walla.co.il,052-6450711,Rehovot
638866546,Eden,,Rabin,1973-08-25,eden.rabin@gmail.com,051-2809919,Tel Aviv - Yafo
235424162,Adam,,Goldberg,1939-09-09,adam.goldberg@teva.com,053-1873083,Herzeliya
561349329,Dudi,Yosef,Rabin,1982-07-25,dudi.rabin@gmail.com,057-2386047,Rehovot
366016633,Eli,,Levine,1991-10-08,eli.levine@gmail.com,054-2929715,Petah-Tikva
313043758,Ron,,Eshkol,1999-04-15,ron.eshkol@teva.com,058-4039834,Jerusalem
734792087,Tali,Ben,Gur,1996-08-30,tali.gur@walla.co.il,050-5594635,Jerusalem
256990862,Gal,,Mizrachi,2000-05-17,gal.mizrachi@checkpoints.com,050-7381258,Rehovot
663683515,Avigail,,Yarkoni,1987-10-09,avigail.yarkoni@gmail.com,055-8148366,Ashdod
165873766,Eyal,,Lazar,1981-03-27,eyal.lazar@gmail.com,054-7099795,Petah-Tikva
476909699,Sapir,,Kraus,2004-04-07,sapir.kraus@gmail.com,050-1008991,Tel Aviv - Yafo
809132123,Kim,,Rubin,1966-03-08,kim.rubin@gmail.com,059-2690500,Rehovot
298470441,Rivka,,Shaham,1981-03-24,rivka.shaham@gmail.com,051-1229203,Eilat
927279038,Yosef,,Weiss,1976-02-11,yosef.weiss@teva.com,059-9872833,Nahariya
498994177,Sarah,,Koren,1956-02-10,sarah.koren@walla.co.il,051-2784517,Haifa
775983431,Kim,Sarah,Harel,1949-10-30,kim.harel@checkpoints.com,053-4236786,Ashdod
205911113,Shlomo,,Lavi,1981-06-27,shlomo.lavi@teva.com,057-4388982,Eilat
873920320,Adam,Yosef,Dahan,1959-02-23,adam.dahan@teva.com,054-6827390,Herzeliya
581554115,Tali,Yosef,Ben-Gurion,2002-06-17,tali.ben-gurion@walla.co.il,056-9787280,Eilat
949206491,Yosef,,Segal,1946-01-11,yosef.segal@gmail.com,054-1762444,Nahariya
165276405,Meital,,Ronen,1972-11-14,meital.ronen@walla.co.il,058-9614893,Beer-Sheva
277723833,Hadar,,Sharon,1958-01-26,hadar.sharon@checkpoints.com,056-7725129,Nahariya
391514667,Roy,Sarah,Zamir,1988-12-28,roy.zamir@hotmail.com,050-9603283,Ashdod
640970200,Shir,,Begin,1981-04-24,shir.begin@checkpoints.com,053-5972157,Petah-Tikva
692867539,Itai,,Segal,1960-08-31,itai.segal@gmail.com,054-1655832,Haifa
155319151,Ronit,,Saban,1989-09-11,ronit.saban@hotmail.com,051-1023487,Herzeliya
779338069,Roni,,Deutsch,1945-03-30,roni.deutsch@hotmail.com,054-3241630,Rehovot
756573836,Shira,,Rubin,1952-05-17,shira.rubin@checkpoints.com,050-6964017,Jerusalem
884343358,Maya,,Golan,2007-02-17,maya.golan@hotmail.com,059-2785812,Rehovot
802038944,Rivka,,Yadin,1959-02-10,rivka.yadin@gmail.com,057-4701708,Herzeliya
388614830,Roy,,Sela,1940-12-27,roy.sela@walla.co.il,052-8483576,Jerusalem
883629560,Eden,,Spector,1965-07-23,eden.spector@gmail.com,057-4045291,Ashdod
298672324,Idan,,Ronen,1943-02-02,idan.ronen@gmail.com,054-1353115,Petah-Tikva
274932560,Idan,,Zilber,1991-09-06,idan.zilber@gmail.com,052-2208776,Rehovot
363339299,Shani,,Porat,1999-07-17,shani.porat@teva.com,058-3303365,Tel Aviv - Yafo
747781482,Noam,,Berger,1998-08-30,noam.berger@checkpoints.com,050-1733836,Haifa
366656201,Noga,,Katz,1952-03-31,noga.katz@hotmail.com,050-1157641,Beer-Sheva
682365530,Linoy,,Schwartz,2000-11-28,linoy.schwartz@gmail.com,052-9060201,Nahariya
577091621,Eitan,,Aharon,1994-09-02,eitan.aharon@gmail.com,050-5487177,Eilat
232151333,Yosef,Michael,Dahan,1999-05-02,yosef.dahan@hotmail.com,056-3379596,Tel Aviv - Yafo
340853982,David,, Dayan,1995-04-24,david. dayan@gmail.com,054-4789711,Rehovot
837409683,Sapir,,Omer,1998-08-27,sapir.omer@gmail.com,051-5728058,Herzeliya
181915702,Avi,Ben,Weiss,2004-08-23,avi.weiss@hotmail.com,052-3987481,Rehovot
669599249,Anat,,Gal,1970-05-20,anat.gal@gmail.com,054-5815154,Herzeliya
211586005,Tamar,,Harari,1984-09-21,tamar.harari@checkpoints.com,051-1036553,Haifa
935139248,Sigal,,Klein,1973-06-28,sigal.klein@walla.co.il,057-2129335,Beer-Sheva
720454065,Gal,,Shamir,2000-06-02,gal.shamir@gmail.com,052-4051311,Rehovot
478610768,Adi,,Harari,1946-04-28,adi.harari@walla.co.il,059-6594616,Haifa
961292259,Sigal,,Saban,1959-04-02,sigal.saban@walla.co.il,058-9955185,Ashdod
671740071,Shahar,, Dayan,1956-05-30,shahar. dayan@teva.com,056-9840685,Nahariya
933859910,Meital,,Peres,2000-09-14,meital.peres@gmail.com,055-1048085,Jerusalem
118419668,Inbal,,Shani,1996-07-19,inbal.shani@gmail.com,050-6861079,Herzeliya
936065712,Ariel,,Marciano,1959-01-21,ariel.marciano@walla.co.il,053-4535586,Jerusalem
159985299,Kim,Leah,Grosman,1945-05-18,kim.grosman@gmail.com,056-1442027,Rehovot
499092905,Israel,Sarah,Yarkoni,2001-11-30,israel.yarkoni@walla.co.il,059-3653705,Tel Aviv - Yafo
257718363,Inbal,Ben,Klein,2007-06-01,inbal.klein@hotmail.com,056-3511838,Haifa
604406044,Kim,,Grosman,1945-11-11,kim.grosman1@gmail.com,057-7904201,Herzeliya
576713058,Ronit,Ben,Tal,1994-07-19,ronit.tal@gmail.com,050-3912192,Eilat
272173204,Moshe,,Zilber,1947-07-15,moshe.zilber@walla.co.il,058-5329433,Nahariya
638881430,Avigail,,Eshkol,1994-06-19,avigail.eshkol@gmail.com,051-9749335,Rehovot
234360915,Kim,,Barkat,2003-07-06,kim.barkat@gmail.com,056-4081870,Eilat
749703359,Shlomo,,Tal,1980-06-08,shlomo.tal@teva.com,056-7383228,Haifa
158703244,Dana,,Porat,1984-04-26,dana.porat@gmail.com,051-2305411,Herzeliya
747670508,Roni,Michael,Weiss,1993-12-06,roni.weiss@hotmail.com,051-2095873,Jerusalem
741142796,Moshe,,Sharon,1991-09-10,moshe.sharon@hotmail.com,053-1543024,Jerusalem
389016952,Daniel,,Ramon,1957-12-16,daniel.ramon@checkpoints.com,057-1766393,Tel Aviv - Yafo
437778016,Michael,Michael,Aharon,1941-02-04,michael.aharon@gmail.com,056-9392233,Jerusalem
437662209,Coral,,Zilber,1996-11-29,coral.zilber@teva.com,051-6558596,Rehovot
896127318,Asaf,,Yosef,1938-12-31,asaf.yosef@gmail.com,050-7410771,Ashdod
729597320,Yitzhak,,Marciano,1947-04-25,yitzhak.marciano@walla.co.il,051-2565160,Jerusalem
331549411,Dorit,Leah,Koren,1994-01-31,dorit.koren@hotmail.com,058-9779300,Herzeliya
580478208,Yosef,,Schwartz,1952-08-07,yosef.schwartz@checkpoints.com,056-1671305,Rehovot
356743087,Roy,,Ben-Ari,1994-11-11,roy.ben-ari@hotmail.com,057-2634202,Tel Aviv - Yafo
253139764,Noga,,Aharon,1936-12-30,noga.aharon@checkpoints.com,051-9370358,Beer-Sheva
588346218,Adi,,Segal,1994-01-17,adi.segal@gmail.com,054-7095636,Herzeliya
195809173,Shlomo,,Golan,1967-03-14,shlomo.golan@gmail.com,057-5295408,Ashdod
798245804,Ariel,,Ohayon,1964-09-23,ariel.ohayon@gmail.com,055-5808770,Rehovot
539196085,Eli,Michael,Nir,1962-07-23,eli.nir@checkpoints.com,059-6262096,Herzeliya
189647293,Dorit,,Hoffman,1984-12-14,dorit.hoffman@teva.com,050-1957285,Jerusalem
851345788,Rami,,Levi,1999-02-01,rami.levi@gmail.com,056-3654252,Nahariya
528724081,Shlomo,,Ben-David,1967-01-23,shlomo.ben-david@teva.com,051-6854207,Ashdod
603035907,Ronit,,Dotan,1966-10-30,ronit.dotan@gmail.com,051-4024485,Beer-Sheva
452961097,Chaim,,Melamed,1954-04-25,chaim.melamed@walla.co.il,053-8989636,Beer-Sheva
398902947,Shani,,Biton,1966-05-16,shani.biton@gmail.com,053-6371840,Nahariya
133633082,Dudi,,Lapid,1976-02-07,dudi.lapid@checkpoints.com,056-8942495,Jerusalem
158065294,Niv,,Mizrachi,1947-03-14,niv.mizrachi@walla.co.il,054-5229054,Haifa
189755462,Omer,,Agbaria,2001-03-15,omer.agbaria@gmail.com,057-8041764,Eilat
329893386,Osnat,,Sarusi,2003-09-17,osnat.sarusi@gmail.com,056-6738129,Petah-Tikva
276666270,Guy,,Goldberg,1965-04-29,guy.goldberg@walla.co.il,058-3695916,Rehovot
480848036,Meital,,Geva,2007-08-23,meital.geva@hotmail.com,059-4331283,Beer-Sheva
876018644,Osnat,,Sela,1979-06-28,osnat.sela@teva.com,055-1238014,Haifa
221984455,Iris,,Hoffman,1943-09-26,iris.hoffman@gmail.com,057-3109184,Ashdod
786031253,Motti,Leah,Yosef,1991-09-12,motti.yosef@walla.co.il,058-3786712,Nahariya
505398280,Niv,,Goldberg,1991-05-21,niv.goldberg@teva.com,059-1241105,Herzeliya
973788925,Inbal,,Mizrachi,1980-12-29,inbal.mizrachi@hotmail.com,051-9374022,Ashdod
544586800,Bar,,Silberman,1959-11-13,bar.silberman@walla.co.il,058-6634235,Beer-Sheva
288778639,Shani,,Lazar,1958-12-11,shani.lazar@hotmail.com,052-8312788,Rehovot
406046409,Limor,,Tal,1951-08-24,limor.tal@gmail.com,059-2664720,Beer-Sheva
965371229,Ori,,Azoulay,1953-03-31,ori.azoulay@walla.co.il,051-9328292,Nahariya
684903401,Noam,,Gur,1956-05-22,noam.gur@checkpoints.com,050-5863789,Rehovot
327494893,Ofek,,Lapid,1974-05-06,ofek.lapid@gmail.com,053-8878148,Beer-Sheva
476468571,Stav,,Hoffman,1950-09-06,stav.hoffman@teva.com,056-1127592,Herzeliya
939876620,Ofek,,Arad,1949-06-10,ofek.arad@gmail.com,054-7957788,Jerusalem
104464143,Dor,Bat,Biton,1937-08-12,dor.biton@gmail.com,058-6326278,Herzeliya
282977147,Yaron,,Spector,1973-06-03,yaron.spector@gmail.com,059-7598776,Tel Aviv - Yafo
960423299,Yaron,Leah,Lazar,1973-07-04,yaron.lazar@teva.com,052-7763214,Herzeliya
655422035,Eitan,,Spector,1944-10-31,eitan.spector@checkpoints.com,052-9460029,Beer-Sheva
773577976,Leah,,Tamir,1979-08-11,leah.tamir@gmail.com,051-2564733,Tel Aviv - Yafo
569677269,Moshe,,Yadin,1994-10-20,moshe.yadin@gmail.com,059-2321583,Nahariya
510604082,David,,Peres,1967-10-30,david.peres@teva.com,055-4129876,Jerusalem
800640935,Ofek,,Elbaz,1986-07-13,ofek.elbaz@teva.com,056-5370124,Tel Aviv - Yafo
395241238,Daniel,,Klein,1951-04-06,daniel.klein@hotmail.com,051-2861122,Ashdod
739836790,Itai,Michael,David,1992-04-30,itai.david@gmail.com,051-9292055,Herzeliya
323308727,Erez,,Yosef,2006-07-25,erez.yosef@walla.co.il,051-9162405,Beer-Sheva
325803577,Dorit,,Kraus,1980-05-26,dorit.kraus@teva.com,057-3702870,Haifa
420785720,Moshe,,Golan,1951-11-27,moshe.golan@hotmail.com,050-2966409,Herzeliya
472356185,Ben,,Ben-Ari,2008-01-31,ben.ben-ari@gmail.com,058-5269818,Beer-Sheva
307066016,Roni,,Peretz,1962-01-23,roni.peretz@hotmail.com,052-4629021,Herzeliya
223253165,Niv,,Peretz,1988-10-25,niv.peretz@gmail.com,052-5489424,Petah-Tikva
617087085,Guy,,Azoulay,1959-01-21,guy.azoulay@teva.com,054-8835693,Ashdod
368535479,Idan,,Stern,1944-03-04,idan.stern@gmail.com,056-2726284,Nahariya
951641794,Noga,,Peled,1937-04-16,noga.peled@gmail.com,057-8272447,Ashdod
442253799,Eli,,David,1970-01-07,eli.david@gmail.com,059-6920939,Herzeliya
779354803,Chaim,,fuchs,2005-07-03,chaim.fuchs@hotmail.com,054-7875441,Petah-Tikva
561050563,Amit,,Silberman,1989-03-24,amit.silberman@teva.com,055-7240525,Haifa
936997381,Adi,Leah,Ohayon,2007-07-22,adi.ohayon@teva.com,055-4586506,Ashdod
709315470,Michal,, Dayan,1973-12-09,michal. dayan@gmail.com,059-4559708,Eilat
333499573,Ori,,Shani,1953-12-30,ori.shani@checkpoints.com,051-8075793,Rehovot
441217210,Adi,,Stern,1964-03-21,adi.stern@walla.co.il,050-5603927,Rehovot
228053407,Itai,,fuchs,1979-03-17,itai.fuchs@hotmail.com,056-4966501,Nahariya
122837088,Noa,,Mizrachi,1956-11-17,noa.mizrachi@gmail.com,057-5770866,Haifa
142005043,Roni,Yosef,Porat,2000-01-01,roni.porat@checkpoints.com,056-6049913,Petah-Tikva
440579806,Coral,,Goldberg,1958-08-12,coral.goldberg@checkpoints.com,055-9284901,Nahariya
588103427,Nir,,Porat,1997-08-22,nir.porat@checkpoints.com,055-2723751,Tel Aviv - Yafo
340533586,Israel,Michael,Levi,1946-11-05,israel.levi@teva.com,056-4797376,Haifa
194507238,Alon,,Begin,1975-06-10,alon.begin@checkpoints.com,058-1082902,Tel Aviv - Yafo
378837532,Yaakov,Michael,Omer,2001-10-20,yaakov.omer@gmail.com,055-7367900,Petah-Tikva
850185649,Tomers,,Grosman,1997-10-11,tomers.grosman@gmail.com,055-3483052,Nahariya
543770966,Orly,,fuchs,1961-09-21,orly.fuchs@hotmail.com,053-9018281,Ashdod
401229255,Michal,,Netanyahu,1988-04-09,michal.netanyahu@gmail.com,054-5969984,Beer-Sheva
479041274,Rami,,Saban,1942-07-27,rami.saban@checkpoints.com,053-2308903,Beer-Sheva
631078882,Shalom,Bat,Barkat,1966-07-14,shalom.barkat@checkpoints.com,056-4152731,Ashdod
917764490,Zohar,,Bar-On,1940-04-22,zohar.bar-on@gmail.com,057-3583673,Eilat
213452068,Yosef,,Ben-David,1973-12-10,yosef.ben-david@walla.co.il,059-9614497,Jerusalem
937541239,Yuval,Yosef,Ronen,1993-10-20,yuval.ronen@teva.com,054-2712355,Haifa
594945715,Ori,Ben,Peres,1967-03-10,ori.peres@gmail.com,054-1479597,Ashdod
810694145,Zohar,,fuchs,1997-12-01,zohar.fuchs@hotmail.com,051-6946295,Rehovot
645382272,Anat,,Avraham,1975-05-12,anat.avraham@gmail.com,050-7417663,Rehovot
308232501,Shira,,Ronen,1955-03-29,shira.ronen@gmail.com,058-9281506,Eilat
565537242,Ori,Bat,Nir,1998-07-27,ori.nir@gmail.com,051-1891503,Tel Aviv - Yafo
717649055,Tamar,Ben,Eitan,1983-10-27,tamar.eitan@gmail.com,059-7787380,Rehovot
521857514,Noam,,Ben-David,1946-06-24,noam.ben-david@gmail.com,057-4451163,Haifa
943668641,Roy,,Goldberg,1945-03-17,roy.goldberg@hotmail.com,054-1052124,Beer-Sheva
298726872,Asaf,,Yarkoni,1942-03-24,asaf.yarkoni@gmail.com,053-3856028,Herzeliya
831693296,Chaim,,Segal,1967-09-11,chaim.segal@gmail.com,050-8962478,Rehovot
182653501,Tomers,,Bareket,2007-08-30,tomers.bareket@hotmail.com,055-8949550,Nahariya
101080693,Dan,,Saban,2004-06-24,dan.saban@checkpoints.com,050-5876441,Jerusalem
664003494,Asaf,,Segal,1938-12-25,asaf.segal@gmail.com,051-6110378,Herzeliya
585993109,Dan,,Rabin,1959-07-30,dan.rabin@gmail.com,057-5253642,Herzeliya
592579883,Moshe,,Silberman,1978-08-05,moshe.silberman@hotmail.com,059-9126125,Beer-Sheva
389843121,Dorit,,Navon,2006-09-03,dorit.navon@gmail.com,056-4695275,Haifa
483534575,Nir,,Peretz,1942-01-20,nir.peretz@teva.com,056-7030065,Jerusalem
899255963,Michael,,Ronen,1974-08-22,michael.ronen@teva.com,051-5595680,Eilat
582399282,Zohar,,Golan,1947-08-12,zohar.golan@gmail.com,055-7560331,Nahariya
548066320,Maya,,Aharon,1956-07-17,maya.aharon@hotmail.com,055-3062947,Rehovot
953982207,Shani,,Ramon,1937-06-13,shani.ramon@gmail.com,054-2848691,Tel Aviv - Yafo
261305816,Oren,,Marciano,1948-12-07,oren.marciano@gmail.com,054-9167564,Petah-Tikva
169381431,Shira,,Levi,1989-01-13,shira.levi@gmail.com,059-3070908,Tel Aviv - Yafo
624379478,Avigail,,Cohen,1949-04-19,avigail.cohen@checkpoints.com,050-1837217,Petah-Tikva
247874417,Tal,,Asulin,1963-07-01,tal.asulin@teva.com,058-3601089,Beer-Sheva
311234451,Mor,,Sela,1982-06-11,mor.sela@gmail.com,050-8938605,Herzeliya
367070195,Iris,,Gur,1972-09-22,iris.gur@gmail.com,054-6067099,Nahariya
433650030,Idan,,Ramon,1979-08-08,idan.ramon@checkpoints.com,059-3334991,Jerusalem
368457410,Ariel,,Kraus,1981-07-10,ariel.kraus@gmail.com,051-5988439,Nahariya
774652206,Stav,,Lavi,1938-05-05,stav.lavi@checkpoints.com,056-2611322,Haifa
665401733,Hadar,,Tal,1947-01-24,hadar.tal@teva.com,055-8858093,Herzeliya
559206277,Stav,,Kraus,1967-02-24,stav.kraus@gmail.com,058-1443289,Rehovot
194949900,Coral,,Grosman,1981-05-28,coral.grosman@checkpoints.com,053-9593404,Herzeliya
236660341,Eli,,Lavi,1982-03-20,eli.lavi@gmail.com,056-3112852,Rehovot
819492101,Avraham,,Heller,1962-01-22,avraham.heller@walla.co.il,050-2420343,Tel Aviv - Yafo
390098025,Sigal,,David,1999-10-18,sigal.david@checkpoints.com,054-9077690,Herzeliya
165353048,Itai,,Rabin,1962-09-15,itai.rabin@teva.com,050-4440410,Eilat
254781920,Rami,,Rabin,1996-04-18,rami.rabin@gmail.com,052-6048133,Petah-Tikva
872172887,Avraham,,Shaham,1990-07-12,avraham.shaham@gmail.com,051-1000599,Haifa
748315285,Itai,Bat,Navon,1999-03-29,itai.navon@walla.co.il,050-9485991,Ashdod
519525848,Shalom,,Ohayon,1965-02-19,shalom.ohayon@gmail.com,053-5366631,Nahariya
831562261,Hadar,,Tzur,1969-09-29,hadar.tzur@gmail.com,050-4100561,Haifa
978911479,Kim,,Tzur,1962-08-23,kim.tzur@teva.com,058-4361332,Ashdod
732180317,Nir,,Deutsch,1973-06-09,nir.deutsch@walla.co.il,051-8784019,Rehovot
973482107,Gal,Yosef,Klein,1997-10-03,gal.klein@hotmail.com,056-1184878,Nahariya
425087766,Yitzhak,,Porat,1949-07-29,yitzhak.porat@hotmail.com,057-1715242,Herzeliya
249576019,Stav,,Begin,2007-09-19,stav.begin@gmail.com,055-9399318,Eilat
326323450,Tal,,Eshkol,1962-07-04,tal.eshkol@gmail.com,052-3540116,Herzeliya
804303106,Eden,,Ramon,1944-05-15,eden.ramon@checkpoints.com,052-5669772,Petah-Tikva
522977752,Chaim,,Porat,1966-03-18,chaim.porat@hotmail.com,052-9505716,Eilat
723548418,Tal,,Sela,1972-04-23,tal.sela@gmail.com,050-1495294,Haifa
348790611,Noam,Leah,Livne,1965-10-16,noam.livne@gmail.com,053-4969777,Beer-Sheva
551031860,Chaim,,Friedman,1998-04-06,chaim.friedman@gmail.com,051-8407618,Herzeliya
751260172,Tali,,Peretz,1979-09-21,tali.peretz@gmail.com,057-7335562,Haifa
784398502,Yaron,,Shani,1985-11-18,yaron.shani@walla.co.il,057-5799782,Jerusalem
316029059,Linoy,,Shapira,1961-02-12,linoy.shapira@checkpoints.com,053-2443147,Nahariya
126030781,Tali,Ben,Livne,1995-12-04,tali.livne@gmail.com,055-7845563,Nahariya
686886707,Shlomo,,Schwartz,1943-01-17,shlomo.schwartz@teva.com,058-9324443,Jerusalem
993785820,Roy,,Geva,1963-08-08,roy.geva@gmail.com,055-3313134,Beer-Sheva
571241735,Gal,,Yadin,2002-03-05,gal.yadin@hotmail.com,051-3133934,Eilat
420218787,Noam,,Ohayon,2003-12-01,noam.ohayon@hotmail.com,058-6551912,Tel Aviv - Yafo
340540953,Shira,,Turgeman,1976-06-04,shira.turgeman@gmail.com,052-5832995,Beer-Sheva
673833192,Yaron,,Eitan,1953-09-11,yaron.eitan@hotmail.com,054-7697794,Nahariya
160825536,Lior,,Yarkoni,1956-04-01,lior.yarkoni@walla.co.il,054-1502947,Tel Aviv - Yafo
462973315,Dor,,Sarusi,1939-12-05,dor.sarusi@gmail.com,052-4426466,Eilat
976991925,Agam,,Weiss,1949-01-08,agam.weiss@gmail.com,053-9280480,Beer-Sheva
965073062,Ilan,,Ben-Ari,1939-11-07,ilan.ben-ari@checkpoints.com,050-6802325,Beer-Sheva
546934486,Dudi,,Rabin,2001-04-21,dudi.rabin@hotmail.com,057-3172055,Petah-Tikva
876669432,Yaakov,Sarah,David,1988-04-29,yaakov.david@teva.com,055-8239629,Ashdod
425792975,Gil,,Mizrachi,2006-03-03,gil.mizrachi@checkpoints.com,053-9962151,Nahariya
507365179,Dorit,,Nir,1958-12-19,dorit.nir@walla.co.il,050-7494876,Rehovot
846723590,Yosef,,Spector,1959-03-26,yosef.spector@gmail.com,051-8347629,Beer-Sheva
761052590,Dana,,Silberman,1969-05-15,dana.silberman@gmail.com,053-4892874,Beer-Sheva
908064879,Shahar,,Ramon,2007-03-13,shahar.ramon@checkpoints.com,053-1954349,Beer-Sheva
160832400,Yosef,,Guttman,2004-08-11,yosef.guttman@gmail.com,055-5097740,Petah-Tikva
239281757,Roni,,Zilber,1997-07-21,roni.zilber@teva.com,051-2281408,Petah-Tikva
683735661,Roy,,Harari,1976-07-05,roy.harari@checkpoints.com,053-8441397,Petah-Tikva
493991984,Roni,,Tamir,1949-11-22,roni.tamir@gmail.com,058-5488496,Herzeliya
849226645,Lior,Michael,Arad,1971-09-04,lior.arad@teva.com,059-9157211,Petah-Tikva
184230838,Roy,,Grosman,1961-10-17,roy.grosman@gmail.com,054-4536127,Beer-Sheva
499850700,Eden,Bat,Klein,1945-11-18,eden.klein@walla.co.il,057-2916606,Tel Aviv - Yafo
635697836,Yitzhak,,Gabay,1974-01-25,yitzhak.gabay@gmail.com,051-2001936,Petah-Tikva
754711634,Lihi,Yosef,Harari,1974-01-09,lihi.harari@walla.co.il,050-4765620,Jerusalem
507299242,Amit,,Tzur,2003-11-05,amit.tzur@teva.com,054-1525229,Eilat
910114659,Roni,,Sarusi,1955-07-08,roni.sarusi@gmail.com,050-6720097,Nahariya
907884127,Shalom,,David,1943-10-28,shalom.david@teva.com,054-9971807,Ashdod
555089389,Yaron,,Begin,1961-12-24,yaron.begin@gmail.com,052-7397002,Ashdod
900618265,Sarah,,Hadad,1983-05-09,sarah.hadad@checkpoints.com,054-2435070,Jerusalem
928219165,Lior,,Marciano,1973-02-17,lior.marciano@gmail.com,059-5601485,Herzeliya
388565269,Limor,,Turgeman,1939-04-25,limor.turgeman@hotmail.com,050-3085515,Petah-Tikva
291968281,Hadar,Ben,Heller,1966-09-08,hadar.heller@gmail.com,055-9056551,Eilat
333906600,Bar,,Friedman,2001-05-25,bar.friedman@gmail.com,059-6268490,Beer-Sheva
572918333,Amit,,Sarusi,1983-10-05,amit.sarusi@gmail.com,057-3134439,Jerusalem
776820465,Idan,,Klein,1949-09-06,idan.klein@gmail.com,053-2920094,Tel Aviv - Yafo
722652915,Adi,,Dahan,1988-01-31,adi.dahan@gmail.com,054-5319211,Tel Aviv - Yafo
744866619,Sarah,Sarah,Goldberg,1968-09-19,sarah.goldberg@gmail.com,058-2299399,Jerusalem
319088340,Michal,,Geva,1947-06-09,michal.geva@walla.co.il,051-8155068,Petah-Tikva
253630427,David,,Rubin,1976-03-18,david.rubin@gmail.com,056-7286684,Ashdod
415747781,Eli,,Peretz,2004-07-13,eli.peretz@gmail.com,052-1428411,Beer-Sheva
753949729,Niv,,Melamed,1938-06-24,niv.melamed@teva.com,058-6772247,Jerusalem
506776019,Motti,,Biton,1995-01-26,motti.biton@walla.co.il,051-2297070,Jerusalem
707096187,Asaf,,Geva,1942-09-08,asaf.geva@walla.co.il,058-3034109,Eilat
957066684,Israel,,Harel,1961-06-25,israel.harel@hotmail.com,057-6317360,Petah-Tikva
309404989,Yaron,,Marciano,1979-01-17,yaron.marciano@gmail.com,055-4873703,Ashdod
438031505,Kim,,Omer,1968-08-10,kim.omer@teva.com,056-7071358,Beer-Sheva
477940598,Rami,Michael,Arad,1949-12-02,rami.arad@walla.co.il,059-4864628,Ashdod
944287643,Dor,, Dayan,1997-04-17,dor. dayan@hotmail.com,053-7838685,Nahariya
815007530,Ariel,,Harel,1982-10-18,ariel.harel@gmail.com,055-2979107,Beer-Sheva
538626530,Dor,,Arad,1956-11-09,dor.arad@walla.co.il,053-4018484,Ashdod
921959627,Gadi,,Ben-Gurion,1941-11-21,gadi.ben-gurion@gmail.com,052-1571694,Rehovot
125696210,Meital,,Segal,1996-08-28,meital.segal@hotmail.com,058-7511474,Rehovot
480499500,Yosef,,Green,1986-11-15,yosef.green@teva.com,054-2996986,Herzeliya
215719072,Eden,Michael,Dahan,1968-04-05,eden.dahan@walla.co.il,057-8309667,Petah-Tikva
913531298,Ben,Bat,Yarkoni,1943-08-10,ben.yarkoni@checkpoints.com,059-9545877,Beer-Sheva
263484058,Avraham,,Peled,1948-01-28,avraham.peled@teva.com,057-7364849,Herzeliya
570929255,Idan,,Bar-On,1983-06-23,idan.bar-on@checkpoints.com,051-4896735,Petah-Tikva
629669831,Roni,,Avraham,1961-06-01,roni.avraham@hotmail.com,058-8158662,Petah-Tikva
446603943,Lihi,,Melamed,1995-09-08,lihi.melamed@gmail.com,053-8223223,Eilat
398775349,Yaron,,Ben-Ari,1977-05-16,yaron.ben-ari@gmail.com,052-2988957,Petah-Tikva
394042584,Dan,,Guttman,1993-05-05,dan.guttman@gmail.com,054-2780388,Jerusalem
815577646,Maya,Sarah,Klein,1962-11-23,maya.klein@checkpoints.com,052-1458858,Nahariya
142675910,Lior,,Dotan,2007-12-08,lior.dotan@walla.co.il,050-7199861,Jerusalem
402620734,Yaron,,Lazar,1961-10-20,yaron.lazar@gmail.com,057-5948298,Beer-Sheva
869068553,Shir,,Ohayon,1969-10-02,shir.ohayon@walla.co.il,054-2457333,Haifa
398986845,Agam,Michael,Livne,2001-06-10,agam.livne@teva.com,053-2247391,Herzeliya
268284543,Asaf,,Weiss,1951-12-16,asaf.weiss@teva.com,058-2242998,Herzeliya
141185351,Mor,,Yosef,1937-04-13,mor.yosef@hotmail.com,055-4194359,Eilat
809883387,Tali,,Biton,1952-04-04,tali.biton@gmail.com,053-3296375,Nahariya
503951395,Ofek,,Bareket,1966-05-11,ofek.bareket@gmail.com,057-4139098,Ashdod
403439088,Yosef,,Stern,2000-07-29,yosef.stern@hotmail.com,053-1053648,Rehovot
172221238,Dan,,Shani,1944-11-02,dan.shani@gmail.com,050-8015549,Petah-Tikva
758609850,Neta,,Yadin,1951-04-28,neta.yadin@gmail.com,057-9899661,Haifa
422230529,Gil,,Marciano,1964-07-21,gil.marciano@checkpoints.com,056-6991611,Eilat
616425853,Shira,,Yosef,1940-10-20,shira.yosef@checkpoints.com,054-8039619,Ashdod
449392419,Rachel,,Tzur,1992-09-22,rachel.tzur@walla.co.il,055-2904822,Herzeliya
848364317,Erez,Yosef,Eshkol,1964-08-24,erez.eshkol@hotmail.com,056-4940297,Tel Aviv - Yafo
412383966,Tamar,,Arad,1938-04-21,tamar.arad@walla.co.il,050-6422262,Petah-Tikva
824763969,Adi,,Hoffman,1968-11-19,adi.hoffman@walla.co.il,056-5373809,Tel Aviv - Yafo
388103439,Dan,,Shamir,1951-06-14,dan.shamir@checkpoints.com,050-6175949,Ashdod
540031795,Ofek,,Geva,1960-06-11,ofek.geva@gmail.com,051-6531182,Haifa
749572144,Lior,,Mizrachi,2006-08-22,lior.mizrachi@checkpoints.com,056-2514189,Herzeliya
478709419,Noga,,Netanyahu,1949-10-11,noga.netanyahu@gmail.com,058-4530989,Herzeliya
524693118,Sapir,, Dayan,1994-01-20,sapir. dayan@gmail.com,055-7935621,Jerusalem
693726794,Agam,,Saban,2005-04-18,agam.saban@checkpoints.com,050-9834133,Beer-Sheva
638480797,Erez,Michael,Shaham,1981-06-27,erez.shaham@gmail.com,053-5149152,Tel Aviv - Yafo
392549808,Kim,,Ohayon,1974-08-20,kim.ohayon@teva.com,056-3201056,Petah-Tikva
855365816,May,,Shamir,2007-03-18,may.shamir@teva.com,058-3547579,Beer-Sheva
890138040,Kobi,,Zilber,1954-03-12,kobi.zilber@checkpoints.com,054-6431233,Rehovot
650137670,Kim,,Mizrachi,1967-05-13,kim.mizrachi@gmail.com,051-5433714,Nahariya
606162272,Neta,,Marciano,1988-08-05,neta.marciano@walla.co.il,058-5673426,Ashdod
405396854,Sivan,,Dotan,1974-03-24,sivan.dotan@gmail.com,057-7604270,Herzeliya
918943296,Lior,Bat,Ben-Gurion,1956-09-09,lior.ben-gurion@gmail.com,056-4894252,Ashdod
497092951,Ben,Michael,Ramon,1978-09-16,ben.ramon@gmail.com,051-2600362,Eilat
281736941,Roy,,Shaham,2001-01-03,roy.shaham@gmail.com,056-8944257,Eilat
876350138,Ilan,,Olmert,1939-09-08,ilan.olmert@walla.co.il,054-7909840,Petah-Tikva
895117770,Roni,Leah,Levine,1957-10-25,roni.levine@hotmail.com,056-1093478,Petah-Tikva
624766501,Lior,,Harari,1950-01-14,lior.harari@gmail.com,055-8740538,Ashdod
187439417,Ori,,Lazar,1974-10-30,ori.lazar@gmail.com,050-3719471,Eilat
222046425,Yitzhak,,Lazar,1952-05-10,yitzhak.lazar@checkpoints.com,058-9173748,Haifa
904225572,Gadi,,Kraus,1981-11-29,gadi.kraus@gmail.com,056-5936253,Petah-Tikva
661008736,Michal,,Ben-Ari,1957-12-14,michal.ben-ari@teva.com,052-3374271,Petah-Tikva
661836740,Dorit,,Liberman,1944-06-08,dorit.liberman@gmail.com,058-5215097,Ashdod
597013797,Roy,,Weiss,1943-12-05,roy.weiss@checkpoints.com,052-3755459,Eilat
867812836,Ron,,Levi,1992-06-15,ron.levi@gmail.com,057-2124878,Tel Aviv - Yafo
434836196,Sivan,,Ronen,2000-02-11,sivan.ronen@hotmail.com,057-6553847,Beer-Sheva
165613988,Eli,,Heller,2002-07-18,eli.heller@gmail.com,058-4792145,Herzeliya
775192217,Moshe,,Ronen,1970-04-20,moshe.ronen@hotmail.com,054-7161848,Nahariya
923547996,Yuval,,Turgeman,1950-12-22,yuval.turgeman@teva.com,053-2299833,Nahariya
263661669,Ori,,Shamir,1992-07-14,ori.shamir@gmail.com,059-2716680,Haifa
511185693,Anat,,Geva,1955-05-29,anat.geva@hotmail.com,054-8942448,Jerusalem
280495347,Avraham,, Dayan,2000-05-04,avraham. dayan@checkpoints.com,059-3457722,Haifa
276972398,Ron,,Cohen,2003-11-07,ron.cohen@gmail.com,058-8376757,Rehovot
813868911,Ron,,Rubin,1940-05-08,ron.rubin@gmail.com,053-7597584,Rehovot
930989868,Lihi,,Eshkol,1980-07-25,lihi.eshkol@checkpoints.com,058-6317906,Eilat
183966244,Roni,,Barkat,1951-09-04,roni.barkat@checkpoints.com,054-3397195,Rehovot
701817116,Hadar,,Shaham,1986-01-21,hadar.shaham@teva.com,051-8305024,Herzeliya
927580907,Osnat,,Goldberg,1989-05-09,osnat.goldberg@hotmail.com,058-4204180,Rehovot
501800480,Idan,,Peres,1990-12-18,idan.peres@walla.co.il,055-9824859,Jerusalem
106028563,Kobi,,Aharon,1975-06-10,kobi.aharon@gmail.com,058-1218011,Nahariya
614037655,Erez,,Dahan,1945-05-08,erez.dahan@gmail.com,054-1960109,Nahariya
984039248,David,,Ben-Gurion,1954-01-10,david.ben-gurion@teva.com,057-9225877,Haifa
608361362,Kim,,Porat,1999-03-19,kim.porat@gmail.com,055-1483804,Nahariya
865911268,Adam,,Eshkol,1996-09-21,adam.eshkol@gmail.com,056-3003648,Tel Aviv - Yafo
576073508,Orly,Ben,Eshkol,1959-09-21,orly.eshkol1@gmail.com,053-1279750,Herzeliya
999015602,Iris,,Melamed,1993-05-09,iris.melamed@hotmail.com,055-9662755,Tel Aviv - Yafo
813496434,Yuval,,Kraus,1948-06-16,yuval.kraus@gmail.com,051-4236994,Eilat
258391889,Agam,Yosef,Gabay,2004-07-16,agam.gabay@gmail.com,059-4333354,Eilat
539430470,Idan,,Gur,2008-03-30,idan.gur@gmail.com,054-6883514,Beer-Sheva
466631819,Stav,,Ramon,2000-10-22,stav.ramon@hotmail.com,057-2479112,Beer-Sheva
197239910,Amit,Michael,Shamir,1955-07-02,amit.shamir@teva.com,050-3840983,Tel Aviv - Yafo
333566606,Orly,,Deutsch,1943-07-22,orly.deutsch1@gmail.com,054-4205892,Haifa
433382948,Israel,,Berger,1992-07-25,israel.berger@gmail.com,052-6293899,Rehovot
342623109,Alon,,Gabay,1992-08-23,alon.gabay@gmail.com,054-8375236,Petah-Tikva
199226690,Dan,,Silberman,1977-03-27,dan.silberman@checkpoints.com,058-8544263,Haifa
139439705,Motti,,Altman,1957-07-06,motti.altman@gmail.com,056-6820377,Petah-Tikva
692288022,Kim,,Gabay,1989-08-18,kim.gabay@gmail.com,053-8846505,Petah-Tikva
133767082,David,,Navon,1991-10-23,david.navon@walla.co.il,052-8839101,Nahariya
446808902,Dana,,Ramon,1955-09-30,dana.ramon@gmail.com,055-2755114,Herzeliya
108480736,Eitan,,Kraus,1978-04-30,eitan.kraus@teva.com,051-4139210,Herzeliya
428860953,Eitan,,Heller,1941-01-23,eitan.heller@gmail.com,057-8657887,Nahariya
718437921,Meital,,Spector,1966-01-17,meital.spector@checkpoints.com,053-5237501,Herzeliya
745256477,Roni,,Kramer,1981-08-08,roni.kramer@gmail.com,053-9505390,Beer-Sheva
552030261,Gal,,Lapid,1956-09-21,gal.lapid@walla.co.il,059-1479076,Haifa
649975232,Tomers,,Elbaz,1945-12-12,tomers.elbaz@hotmail.com,053-3341247,Haifa
432079935,Noga,,Klein,1967-05-19,noga.klein@walla.co.il,052-8727379,Tel Aviv - Yafo
807175601,Omer,,Stern,1981-07-03,omer.stern@gmail.com,051-4096967,Jerusalem
318315314,Mor,,Azoulay,1994-09-15,mor.azoulay@teva.com,058-7279004,Tel Aviv - Yafo
612544312,Eitan,Sarah,Goldberg,1946-12-02,eitan.goldberg@walla.co.il,053-8923978,Rehovot
202891162,Lihi,,Hadad,1996-07-21,lihi.hadad@walla.co.il,055-5751216,Rehovot
740958232,Erez,Yosef,Dotan,1948-06-08,erez.dotan@teva.com,059-1451244,Jerusalem
753395881,Idan,,Netanyahu,1976-01-12,idan.netanyahu@gmail.com,058-1026701,Nahariya
793183317,Gil,,Grosman,2004-07-25,gil.grosman@gmail.com,054-8304810,Beer-Sheva
464628392,Lihi,,Koren,1995-01-04,lihi.koren@gmail.com,054-7489687,Ashdod
137394844,Leah,,Kraus,1972-10-22,leah.kraus@teva.com,058-2785608,Ashdod
965681730,Daniel,,Goldberg,1999-06-09,daniel.goldberg@teva.com,056-1205092,Haifa
442551325,Yosef,,Geva,1946-12-18,yosef.geva@walla.co.il,050-9156065,Rehovot
553609821,Noga,,Avraham,1985-04-30,noga.avraham@teva.com,051-8554276,Eilat
500318129,Roni,,Frank,1960-07-14,roni.frank@gmail.com,051-4000429,Rehovot
670921009,May,,Altman,2001-05-10,may.altman@gmail.com,050-6655862,Nahariya
376849890,Guy,,Bar-On,1943-04-04,guy.bar-on@checkpoints.com,057-8296210,Tel Aviv - Yafo
599035658,Noa,Yosef,Dahan,1967-03-30,noa.dahan@gmail.com,050-7195765,Petah-Tikva
979576390,David,,Lavi,1982-03-24,david.lavi@gmail.com,056-1293919,Ashdod
448571549,Yael,Ben,Gur,1976-06-25,yael.gur@teva.com,050-9913206,Rehovot
366960905,Idan,,Katz,1997-03-23,idan.katz@teva.com,052-9278722,Rehovot
394952837,Tal,,Blau,1986-08-20,tal.blau@checkpoints.com,058-8691004,Tel Aviv - Yafo
182180063,Michal,Sarah,Deutsch,1943-08-07,michal.deutsch@teva.com,051-7407436,Eilat
878891323,Daniel,,Schwartz,1941-04-25,daniel.schwartz@gmail.com,056-7723294,Tel Aviv - Yafo
297493711,Kim,,Turgeman,1941-11-26,kim.turgeman@gmail.com,056-2953294,Jerusalem
712993971,Leah,,Elbaz,1960-02-29,leah.elbaz@checkpoints.com,053-1819251,Herzeliya
715614860,Ron,,Barkat,1969-05-02,ron.barkat@gmail.com,052-5644836,Eilat
820952828,Yaakov,,Harel,1992-04-09,yaakov.harel@teva.com,054-5574801,Tel Aviv - Yafo
537209194,Roy,,Mizrachi,1949-07-28,roy.mizrachi@gmail.com,054-5480410,Ashdod
743256662,Orly,Bat,Melamed,2006-11-29,orly.melamed@teva.com,055-4708733,Beer-Sheva
987957620,Shani,,Peled,1955-02-18,shani.peled@gmail.com,058-7526999,Ashdod
698779777,Moshe,,Schwartz,1977-06-17,moshe.schwartz@checkpoints.com,057-3546422,Ashdod
897329706,Nir,,Liberman,1993-04-13,nir.liberman@teva.com,056-5289809,Rehovot
134645896,Limor,,Geva,1951-11-21,limor.geva@walla.co.il,058-6793159,Beer-Sheva
322856401,Kim,,Peles,1982-05-09,kim.peles@checkpoints.com,055-8574899,Ashdod
131744717,Adam,,Oz,1952-07-12,adam.oz@gmail.com,059-8239885,Rehovot
921348247,Yosef,,Sharon,1958-08-12,yosef.sharon@teva.com,057-4937924,Rehovot
677235776,Yosef,,Berger,1997-06-15,yosef.berger@gmail.com,056-4662556,Jerusalem
270851134,Noga,,Lapid,1972-07-19,noga.lapid@hotmail.com,056-6905993,Jerusalem
549017351,Dudi,,Vaknin,1975-12-14,dudi.vaknin@teva.com,051-6331381,Eilat
675125160,Shahar,,Zilber,1972-04-16,shahar.zilber@walla.co.il,057-5803038,Ashdod
268542889,Idan,,Green,1960-09-29,idan.green@checkpoints.com,055-8784988,Haifa
833743378,Noam,,Altman,1971-01-09,noam.altman@walla.co.il,056-4168795,Tel Aviv - Yafo
764513013,Ofek,,Grosman,1963-05-17,ofek.grosman@gmail.com,059-7858110,Tel Aviv - Yafo
448987901,Avi,,Saban,1952-06-01,avi.saban@walla.co.il,051-7212534,Tel Aviv - Yafo
897752993,Dudi,,Koren,1962-08-29,dudi.koren@checkpoints.com,053-3707494,Ashdod
496279795,Eden,,Eitan,1944-08-02,eden.eitan@gmail.com,055-3225498,Petah-Tikva
593054651,Rachel,,Nir,1986-10-31,rachel.nir@checkpoints.com,052-8741111,Eilat
271011192,Rachel,,Heller,2002-04-08,rachel.heller@gmail.com,050-7817366,Eilat
604883307,Lihi,,Malka,1985-03-16,lihi.malka@teva.com,058-3029740,Nahariya
794806885,Shahar,Yosef,Ben-Gurion,1943-05-26,shahar.ben-gurion@gmail.com,054-7683988,Tel Aviv - Yafo
490169075,Yuval,,Ben-Gurion,1952-01-30,yuval.ben-gurion@teva.com,057-8190522,Beer-Sheva
211264367,Omer,,Sarusi,1956-07-07,omer.sarusi@checkpoints.com,051-3834568,Herzeliya
543340540,Limor,Bat,Schwartz,1937-02-28,limor.schwartz@walla.co.il,053-5437702,Beer-Sheva
454362380,Ronit,Leah,Tal,1964-06-07,ronit.tal@checkpoints.com,053-5362068,Herzeliya
417067441,Meital,,Guttman,1968-02-17,meital.guttman@teva.com,054-5618750,Nahariya
138380513,May,Michael,Grosman,2006-03-16,may.grosman@gmail.com,055-7085502,Petah-Tikva
429276598,Sapir,,Shapira,1981-03-12,sapir.shapira@walla.co.il,057-5947259,Haifa
898577406,Meital,Michael,Hadad,1974-01-23,meital.hadad@gmail.com,053-1469840,Jerusalem
726238846,Yael,,Klein,1985-04-05,yael.klein@gmail.com,058-9670766,Rehovot
612147289,Eli,,Segal,1950-10-09,eli.segal@gmail.com,059-9406983,Herzeliya
661929277,Dana,,Berger,1964-12-31,dana.berger@teva.com,052-9812012,Ashdod
288320743,Ben,Ben,Berger,1977-10-26,ben.berger@gmail.com,054-4463308,Jerusalem
261156324,Maya,,Harel,1937-09-22,maya.harel@gmail.com,053-6981102,Ashdod
593192932,Ilan,,Gur,1941-08-01,ilan.gur@checkpoints.com,058-4831434,Jerusalem
490369928,Osnat,,Biton,1999-09-01,osnat.biton@gmail.com,058-2127390,Petah-Tikva
694084681,Shahar,,Rabin,2001-05-28,shahar.rabin1@checkpoints.com,050-8493255,Nahariya
661511992,Rachel,,Saban,1942-03-13,rachel.saban@gmail.com,053-4830908,Ashdod
397938187,Michael,,Peres,2002-10-27,michael.peres@gmail.com,058-6079484,Tel Aviv - Yafo
323050590,Gil,,Saban,1956-05-20,gil.saban@walla.co.il,057-2648700,Eilat
939035379,Israel,,Melamed,2001-12-24,israel.melamed@gmail.com,057-2952975,Ashdod
189535259,Ron,Sarah,Stern,1989-03-31,ron.stern@hotmail.com,057-6032509,Nahariya
110310578,Motti,,Spector,1998-07-12,motti.spector@teva.com,057-4268180,Nahariya
965184508,Orly,,Ben-Ari,2008-06-27,orly.ben-ari@gmail.com,056-5542317,Ashdod
777668740,Idan,,Weiss,1962-05-27,idan.weiss@gmail.com,054-5432538,Eilat
367385338,Roni,,Vaknin,1963-05-27,roni.vaknin@gmail.com,057-2870157,Haifa
170393950,May,,Spector,2000-01-19,may.spector@checkpoints.com,057-6745050,Eilat
919106793,Gil,,Barkat,1981-02-19,gil.barkat@gmail.com,058-8916759,Beer-Sheva
821433431,Adam,,Rubin,1939-10-11,adam.rubin@walla.co.il,052-3649846,Nahariya
811451392,Eitan,,Rubin,1966-01-11,eitan.rubin@teva.com,059-7994575,Petah-Tikva
345590089,Leah,,Frank,1981-04-18,leah.frank@gmail.com,052-6137726,Herzeliya
880298529,Hila,,Peres,1980-11-24,hila.peres@walla.co.il,059-7602542,Rehovot
106090827,May,Yosef,Green,1976-10-22,may.green@teva.com,052-8665337,Petah-Tikva
120916084,Shir,,Stern,1944-03-28,shir.stern@gmail.com,054-7265873,Tel Aviv - Yafo
445579291,Gal,,Berger,1958-04-18,gal.berger@teva.com,053-4606763,Nahariya
640031385,Hadar,Bat,Vaknin,1994-02-21,hadar.vaknin@gmail.com,057-8883139,Tel Aviv - Yafo
938837115,Limor,,Altman,1945-02-24,limor.altman@walla.co.il,053-5700013,Nahariya
729335505,Neta,Leah,Friedman,1977-10-15,neta.friedman@gmail.com,058-7198322,Ashdod
405195367,David,Leah,Frank,2001-11-23,david.frank@gmail.com,056-3546321,Haifa
670186413,Shira,,Tal,1939-06-18,shira.tal@gmail.com,055-7060427,Ashdod
344471988,Shani,,Feldman,1947-09-27,shani.feldman@teva.com,054-5284192,Nahariya
902783369,Yosef,Yosef,Grosman,1970-03-13,yosef.grosman@walla.co.il,057-1805827,Eilat
164731980,Eyal,Yosef,Deutsch,2005-08-27,eyal.deutsch@hotmail.com,055-9254549,Petah-Tikva
717203413,Anat,Ben,Gur,1957-10-26,anat.gur@gmail.com,058-2884667,Eilat
269891638,Eyal,,Azoulay,1966-07-04,eyal.azoulay@hotmail.com,053-2226138,Rehovot
893427121,Adam,,Koren,1992-03-26,adam.koren@teva.com,059-6701061,Ashdod
106822504,Eli,Bat,Altman,1979-08-12,eli.altman@walla.co.il,052-5342831,Jerusalem
727469465,Iris,,Netanyahu,1967-06-20,iris.netanyahu@teva.com,053-6949960,Nahariya
263858136,Alon,Michael,Netanyahu,1992-03-29,alon.netanyahu@gmail.com,050-9949336,Nahariya
174374750,Michal,,Melamed,1949-06-27,michal.melamed@gmail.com,053-6082313,Haifa
555571081,Tamar,, Dayan,1989-01-16,tamar. dayan@checkpoints.com,055-1457958,Haifa
572060870,Itai,,Berger,1941-10-16,itai.berger@checkpoints.com,053-7382330,Tel Aviv - Yafo
579761146,Hadar,,Green,1939-05-14,hadar.green@walla.co.il,059-3091268,Beer-Sheva
288008739,Asaf,,Sela,1997-08-13,asaf.sela@gmail.com,053-3019277,Ashdod
895258294,Roni,,Silberman,1980-02-08,roni.silberman@walla.co.il,053-4528709,Beer-Sheva
958769279,Asaf,,Feldman,1962-11-22,asaf.feldman@gmail.com,057-1270875,Tel Aviv - Yafo
207445079,Hila,,Feldman,2002-09-04,hila.feldman@walla.co.il,054-4848002,Beer-Sheva
798396734,Ronit,,Altman,2007-02-10,ronit.altman@gmail.com,055-1761173,Haifa
367359701,Idan,Sarah,Ramon,1994-07-24,idan.ramon@gmail.com,057-1654157,Tel Aviv - Yafo
740169688,Roy,,Rabin,1975-03-10,roy.rabin@hotmail.com,056-3642121,Rehovot
285134558,Idan,,Navon,1941-12-20,idan.navon@checkpoints.com,052-7124824,Beer-Sheva
384736299,Eli,Ben,Rubin,1978-10-14,eli.rubin@gmail.com,057-1574162,Haifa
537715480,Yaakov,,Lavi,1954-11-03,yaakov.lavi@teva.com,058-3847768,Haifa
207497928,Moshe,,Goldberg,2000-04-08,moshe.goldberg@walla.co.il,051-2885936,Ashdod
747757401,Orly,,Cohen,1966-05-31,orly.cohen@gmail.com,052-6416968,Eilat
492541462,Avi,,Livne,1965-09-01,avi.livne@walla.co.il,059-4293151,Haifa
335483530,Eyal,,Hadad,1995-09-28,eyal.hadad@gmail.com,051-2590298,Rehovot
403117074,Avi,,David,1986-01-17,avi.david@gmail.com,054-6513425,Ashdod
817642177,Kobi,,Navon,1984-08-08,kobi.navon@checkpoints.com,052-6501987,Rehovot
502406970,Limor,,Klein,2005-06-18,limor.klein@teva.com,056-1805615,Jerusalem
295606203,Moshe,,Klein,1937-03-25,moshe.klein@gmail.com,052-7656588,Herzeliya
469261714,Alon,,Yadin,1956-10-01,alon.yadin@walla.co.il,057-4604353,Ashdod
767129282,Leah,,Lavi,1941-09-13,leah.lavi@gmail.com,058-6659799,Herzeliya
300058933,Rivka,,Schwartz,1964-10-23,rivka.schwartz@checkpoints.com,058-8655712,Beer-Sheva
817273153,Roni,,Olmert,2002-11-14,roni.olmert@checkpoints.com,055-8155726,Tel Aviv - Yafo
683384105,Yosef,,Yosef,1967-06-30,yosef.yosef@checkpoints.com,051-3017925,Eilat
865250808,Shira,,Hadad,1980-12-27,shira.hadad@walla.co.il,056-2391959,Eilat
296078547,Erez,,Bar-On,1947-06-23,erez.bar-on@gmail.com,050-4333248,Herzeliya
669686115,Zohar,,Avraham,1975-12-31,zohar.avraham@hotmail.com,053-9906521,Haifa
502086382,Eitan,,Yosef,1951-07-29,eitan.yosef@teva.com,059-4795970,Haifa
680702735,Avi,,Lazar,1983-07-22,avi.lazar@gmail.com,056-5974384,Rehovot
660223249,Dor,,Frank,1996-04-27,dor.frank@teva.com,054-1005932,Beer-Sheva
324148755,Agam,,Ben-Ari,2002-07-16,agam.ben-ari@gmail.com,056-3353898,Haifa
616396932,Eitan,,Olmert,1986-10-12,eitan.olmert@walla.co.il,052-8029809,Rehovot
735028533,Alon,,Saban,2002-03-16,alon.saban@gmail.com,054-3356197,Rehovot
821895231,Adam,,Liberman,1948-03-23,adam.liberman@gmail.com,055-1180674,Beer-Sheva
659011768,Avigail,Leah,Peles,1954-11-05,avigail.peles@walla.co.il,053-8352983,Petah-Tikva
982873873,Itai,,Lavi,1967-10-09,itai.lavi@gmail.com,051-6727358,Petah-Tikva
143992952,Neta,Yosef,Turgeman,1970-04-28,neta.turgeman@hotmail.com,052-9175606,Petah-Tikva
341198293,Oren,Leah,David,1954-05-29,oren.david@hotmail.com,055-5048217,Ashdod
998409575,Sivan,,Spector,1951-04-17,sivan.spector@gmail.com,054-5628257,Petah-Tikva
787479760,Eyal,,Weiss,1985-12-29,eyal.weiss@gmail.com,051-1216864,Beer-Sheva
337713697,Kobi,,Spector,1999-03-17,kobi.spector@checkpoints.com,057-7305252,Nahariya
657236343,Osnat,Ben,Berger,1955-07-28,osnat.berger@checkpoints.com,051-2592385,Beer-Sheva
871256936,Kim,,Dahan,1937-10-29,kim.dahan@walla.co.il,057-9770547,Tel Aviv - Yafo
528093064,Tali,,Peres,1948-07-04,tali.peres@gmail.com,053-4032275,Tel Aviv - Yafo
777017062,Anat,,Yosef,1971-07-23,anat.yosef@checkpoints.com,050-8660865,Petah-Tikva
485031934,Dorit,,Goldberg,1986-03-22,dorit.goldberg@gmail.com,057-1801936,Herzeliya
591993412,Sivan,,Gur,1937-05-01,sivan.gur@gmail.com,053-6400269,Rehovot
908870287,Tal,,Lapid,1963-09-10,tal.lapid@checkpoints.com,051-6599618,Herzeliya
344352419,Adi,Leah,Aharon,2000-06-02,adi.aharon@teva.com,056-6249999,Nahariya
633856589,Orly,,Zamir,1990-05-25,orly.zamir@gmail.com,057-6881989,Herzeliya
965325849,Hadar,,Feldman,1993-05-31,hadar.feldman@gmail.com,050-2870334,Jerusalem
724753286,Avigail,,Arad,1958-04-02,avigail.arad@gmail.com,058-3984802,Rehovot
764078159,Sivan,,Malka,2000-05-30,sivan.malka@teva.com,059-7788683,Petah-Tikva
256514450,Sapir,,Schwartz,1972-12-09,sapir.schwartz@gmail.com,056-2738556,Petah-Tikva
758654741,Ilan,,Katz,1988-05-12,ilan.katz@walla.co.il,050-5125577,Eilat
266442667,Osnat,Bat,Vaknin,1946-03-05,osnat.vaknin@gmail.com,053-4788843,Ashdod
795672015,Niv,Bat,Klein,2006-09-02,niv.klein@checkpoints.com,059-9107980,Ashdod
545093734,Rami,,Tamir,1991-04-15,rami.tamir@walla.co.il,052-9700184,Nahariya
529085310,Tali,,Geva,1973-10-21,tali.geva@teva.com,054-7106385,Petah-Tikva
563120635,Dana,,Feldman,1987-06-24,dana.feldman@gmail.com,058-6990710,Beer-Sheva
844316831,Ariel,,Rubin,1945-07-07,ariel.rubin@gmail.com,058-3160312,Beer-Sheva
942048319,Asaf,,Eshkol,1980-05-29,asaf.eshkol@gmail.com,059-4822259,Herzeliya
870479048,Sivan,,Porat,1988-06-10,sivan.porat@walla.co.il,054-1892572,Ashdod
764437822,Hadar,,Harari,2002-09-25,hadar.harari@gmail.com,050-8524049,Eilat
798230228,Shalom,,Goldberg,1945-03-02,shalom.goldberg@gmail.com,051-6946051,Beer-Sheva
871879492,Maya,,Ramon,1943-03-30,maya.ramon@gmail.com,059-9234422,Rehovot
331073681,Limor,,fuchs,1945-12-25,limor.fuchs@teva.com,054-6545427,Jerusalem
711879687,Eyal,Sarah,Hoffman,1947-05-30,eyal.hoffman@hotmail.com,055-1113671,Nahariya
156877091,Sapir,,Sharon,1997-10-18,sapir.sharon@checkpoints.com,051-2067513,Eilat
544219274,Agam,,Shapira,1986-03-19,agam.shapira@hotmail.com,052-4040670,Tel Aviv - Yafo
797295469,Nir,Ben,Shamir,2000-02-01,nir.shamir@walla.co.il,059-7500351,Rehovot
509407781,Sivan,Michael,Frank,1992-02-12,sivan.frank@gmail.com,054-6958544,Haifa
859417815,Mor,,Turgeman,1991-12-23,mor.turgeman@gmail.com,056-4365631,Jerusalem
477098861,Ronit,Yosef,Gur,1941-01-31,ronit.gur@gmail.com,058-5324626,Tel Aviv - Yafo
750858728,Shalom,Michael,Shani,1999-12-19,shalom.shani@gmail.com,050-9877176,Tel Aviv - Yafo
105004743,Michal,,Altman,1936-10-04,michal.altman@hotmail.com,059-7288704,Beer-Sheva
285105531,Alon,,Gur,1992-03-23,alon.gur@hotmail.com,053-6792299,Beer-Sheva
833560098,Adam,,Gal,1992-08-29,adam.gal@walla.co.il,052-9511563,Haifa
974413971,Hadar,,Peretz,1960-04-21,hadar.peretz@checkpoints.com,051-6228876,Petah-Tikva
215722444,Tal,,Nir,1962-01-07,tal.nir@gmail.com,051-9349199,Jerusalem
748006811,Adam,,Ben-Ari,1967-09-29,adam.ben-ari@teva.com,058-7523750,Ashdod
224963823,Osnat,Bat,Tamir,1975-09-22,osnat.tamir@gmail.com,053-9233723,Jerusalem
952608946,Yuval,,Dahan,1965-06-07,yuval.dahan@checkpoints.com,059-2657259,Eilat
197660544,Limor,,Koren,1961-03-23,limor.koren@hotmail.com,059-9924232,Eilat
523252826,Coral,,Lavi,1983-03-09,coral.lavi@gmail.com,052-8514591,Jerusalem
414562491,Tali,,Lazar,1974-09-15,tali.lazar@gmail.com,057-1399870,Ashdod
212011137,Michal,,Shani,1973-08-26,michal.shani@gmail.com,057-5818314,Tel Aviv - Yafo
666452632,Yaakov,,Ronen,1980-12-24,yaakov.ronen@hotmail.com,059-3908477,Herzeliya
893771221,Israel,Michael,Dotan,1974-01-01,israel.dotan@gmail.com,055-1879717,Rehovot
893001383,Eyal,,Peles,1962-11-22,eyal.peles@gmail.com,050-4598598,Beer-Sheva
590951003,Amit,,Ben-David,2001-12-27,amit.ben-david@teva.com,053-9309339,Jerusalem
713262627,Orly,Yosef,Ben-Ari,1990-01-18,orly.ben-ari@teva.com,051-5872802,Tel Aviv - Yafo
358113984,Limor,,Weiss,1973-07-21,limor.weiss@checkpoints.com,053-7237496,Rehovot
148057234,Adam,,Klein,1952-10-02,adam.klein@teva.com,054-8094088,Nahariya
801514571,Linoy,,Gabay,2007-08-13,linoy.gabay@walla.co.il,056-7327221,Petah-Tikva
111198809,Tali,,Tal,1946-02-03,tali.tal@checkpoints.com,057-3162385,Jerusalem
175724946,Orly,,Omer,1964-09-14,orly.omer@gmail.com,052-6492500,Haifa
894668747,Rivka,,Nir,1946-03-07,rivka.nir@walla.co.il,054-9996951,Petah-Tikva
405699476,Ilan,Ben,Sarusi,1973-02-07,ilan.sarusi@checkpoints.com,053-2451280,Eilat
634688227,Guy,,Hadad,2005-05-01,guy.hadad@walla.co.il,057-2834486,Beer-Sheva
345505787,Yitzhak,,Altman,1940-02-15,yitzhak.altman@teva.com,051-5055922,Rehovot
760695708,Dana,,Guttman,1968-11-16,dana.guttman@hotmail.com,050-9449329,Jerusalem
925223433,Roy,,Begin,1957-07-03,roy.begin@gmail.com,052-6726860,Petah-Tikva
288472839,Tal,,Heller,1950-09-29,tal.heller@gmail.com,056-7375918,Haifa
413323876,Asaf,,Agbaria,1952-04-06,asaf.agbaria@gmail.com,055-8363043,Tel Aviv - Yafo
573016016,Chaim,,Saban,1982-09-18,chaim.saban@hotmail.com,052-3405239,Eilat
440970538,Shalom,,Omer,1971-10-04,shalom.omer@hotmail.com,058-1292960,Nahariya
873612152,Tomers,,Begin,1975-04-22,tomers.begin@gmail.com,052-2741350,Jerusalem
106336800,Neta,,Cohen,1973-10-07,neta.cohen@checkpoints.com,059-3007261,Jerusalem
179375305,Yosef,,Koren,1965-10-16,yosef.koren@hotmail.com,056-5739034,Nahariya
515288053,Rotem,,Peres,1964-07-10,rotem.peres@hotmail.com,054-6790593,Ashdod
614460934,Adam,,Blau,1976-03-23,adam.blau@gmail.com,052-5812771,Haifa
517096917,Rivka,,Shapira,2006-08-27,rivka.shapira@walla.co.il,054-3415646,Tel Aviv - Yafo
593848297,Bar,,Eshkol,1988-03-03,bar.eshkol@walla.co.il,052-6921373,Jerusalem
535716227,Dor,,Kraus,1967-12-15,dor.kraus@walla.co.il,056-8776527,Herzeliya
462711422,Michal,,Livne,1943-08-23,michal.livne@hotmail.com,053-5127314,Jerusalem
865137536,Alon,,Ramon,1943-02-08,alon.ramon@teva.com,059-7097090,Ashdod
688631184,May,,Hoffman,1980-12-31,may.hoffman@gmail.com,056-3371148,Ashdod
216662246,Lior,,Koren,1939-01-16,lior.koren@checkpoints.com,059-7914190,Tel Aviv - Yafo
314114584,Niv,,Schwartz,1994-06-22,niv.schwartz@teva.com,056-9682223,Rehovot
514432854,Ilan,,Livne,1941-08-10,ilan.livne@teva.com,059-3614824,Rehovot
717475789,Guy,,Levine,1966-06-30,guy.levine@gmail.com,052-9165219,Herzeliya
755366959,May,,Ben-Ari,1952-03-08,may.ben-ari@gmail.com,051-2096542,Beer-Sheva
123049022,Moshe,,Avraham,2000-06-18,moshe.avraham@gmail.com,055-4405893,Haifa
328719736,Avigail,,Agbaria,1980-03-24,avigail.agbaria@hotmail.com,057-8970642,Herzeliya
855488200,Idan,,Marciano,1958-02-15,idan.marciano@gmail.com,052-3738993,Rehovot
227174482,Shahar,,Oz,1958-02-22,shahar.oz@hotmail.com,057-5718333,Jerusalem
204226974,Coral,Yosef,Dahan,1966-02-11,coral.dahan@walla.co.il,057-3859809,Tel Aviv - Yafo
729401014,Meital,,Feldman,1956-01-23,meital.feldman@hotmail.com,052-8505009,Tel Aviv - Yafo
628030831,Osnat,,Ramon,1978-01-19,osnat.ramon@gmail.com,055-2155782,Haifa
244894370,Eli,,Elbaz,1995-02-14,eli.elbaz@gmail.com,053-6380429,Petah-Tikva
863868715,Daniel,,Silberman,1936-10-27,daniel.silberman@walla.co.il,050-8008491,Haifa
492147671,Rivka,,Ronen,1961-11-04,rivka.ronen@gmail.com,057-6344676,Haifa
155846463,Sigal,,Eitan,1984-12-05,sigal.eitan@walla.co.il,056-6662609,Tel Aviv - Yafo
392956009,Kim,,Olmert,1949-05-17,kim.olmert@gmail.com,055-1526365,Haifa
770197070,Moshe,,Rabin,1981-05-17,moshe.rabin@walla.co.il,053-8887321,Rehovot
517038254,Yitzhak,,Tal,1946-01-06,yitzhak.tal@walla.co.il,055-7153780,Eilat
242099130,Tal,,Begin,1991-03-24,tal.begin@walla.co.il,054-5474022,Beer-Sheva
583048762,Osnat,,Katz,1979-12-13,osnat.katz@checkpoints.com,058-2904638,Tel Aviv - Yafo
970541642,Yosef,Ben,Olmert,1992-08-23,yosef.olmert1@gmail.com,051-3583794,Nahariya
960557964,Sarah,Ben,Lapid,2007-09-01,sarah.lapid@teva.com,050-6723292,Nahariya
175572930,Adam,,Sela,1967-03-13,adam.sela@teva.com,055-2775578,Nahariya
230973310,Shalom,Leah,Eshkol,2001-04-02,shalom.eshkol@gmail.com,051-2536556,Tel Aviv - Yafo
564897319,Dorit,, Dayan,1944-03-18,dorit. dayan@gmail.com,056-6375503,Eilat
306844104,Ron,,Stern,1964-02-05,ron.stern1@hotmail.com,052-8872045,Petah-Tikva
885511657,Iris,,Peled,2003-01-14,iris.peled@walla.co.il,052-9515853,Tel Aviv - Yafo
854698869,May,,Malka,1979-09-13,may.malka@checkpoints.com,053-3725015,Rehovot
782144873,Kobi,,Marciano,1963-01-29,kobi.marciano@teva.com,054-4661765,Rehovot
369455288,Tal,,Rabin,2007-11-28,tal.rabin@teva.com,054-5721932,Haifa
169420993,Shalom,,Agbaria,1942-10-12,shalom.agbaria@gmail.com,059-8215793,Beer-Sheva
823739596,May,,Ben-Gurion,1941-10-05,may.ben-gurion@teva.com,051-6341832,Nahariya
828206923,Chaim,,Ramon,1979-11-28,chaim.ramon@walla.co.il,055-9060593,Herzeliya
636543350,Yael,,Olmert,1959-07-23,yael.olmert@teva.com,053-4827078,Nahariya
283129828,Yaakov,,Tal,1966-10-27,yaakov.tal@walla.co.il,055-7765272,Ashdod
598637732,Rotem,,Levine,1973-12-10,rotem.levine@walla.co.il,050-3339281,Herzeliya
509586709,Tali,,Levine,2007-04-13,tali.levine@walla.co.il,052-3534008,Nahariya
297471450,Niv,Yosef,Yosef,1995-02-01,niv.yosef@gmail.com,055-4317803,Tel Aviv - Yafo
633995897,Erez,,Shapira,1959-04-02,erez.shapira@gmail.com,053-4186766,Ashdod
751573378,Eden,,Harari,1994-03-12,eden.harari@walla.co.il,050-6928554,Beer-Sheva
171839853,Michal,,Eshkol,1982-07-30,michal.eshkol@gmail.com,053-9703393,Ashdod
962882603,Niv,,Kraus,1980-11-25,niv.kraus@teva.com,052-6680438,Petah-Tikva
834501221,Eli,,Lazar,1954-10-14,eli.lazar@gmail.com,058-5729448,Herzeliya
878201633,Dana,,Tal,1975-05-19,dana.tal1@hotmail.com,057-2059061,Tel Aviv - Yafo
580046571,Dana,,Kraus,1979-04-09,dana.kraus@teva.com,053-6243501,Ashdod
952355607,Anat,,Yarkoni,1997-02-16,anat.yarkoni@gmail.com,059-4840752,Nahariya
754324436,Sarah,,Saban,1966-05-23,sarah.saban@gmail.com,055-9572494,Beer-Sheva
512470771,Coral,,Klein,2001-03-28,coral.klein@hotmail.com,057-8762637,Nahariya
881498108,Tamar,,Agbaria,1938-10-15,tamar.agbaria@gmail.com,054-3400540,Herzeliya
935112665,Shalom,,Frank,1951-09-27,shalom.frank@gmail.com,055-6975520,Nahariya
618137470,Rami,,Klein,1979-10-28,rami.klein@walla.co.il,055-9997791,Jerusalem
984909762,Ronit,,Ronen,1954-12-03,ronit.ronen@hotmail.com,051-5959673,Tel Aviv - Yafo
889731609,Alon,,Peles,1983-03-12,alon.peles@gmail.com,056-8096616,Tel Aviv - Yafo
420165131,Leah,Ben,Liberman,2005-12-12,leah.liberman@teva.com,056-2320529,Herzeliya
510190265,Rami,,Shapira,1940-06-27,rami.shapira@gmail.com,051-5589441,Ashdod
396298467,Guy,,Eshkol,1982-12-26,guy.eshkol@gmail.com,059-3156470,Herzeliya
118206605,Itai,,Avraham,1958-12-17,itai.avraham@walla.co.il,055-3378218,Herzeliya
993143108,Eden,,Berger,1952-02-11,eden.berger@walla.co.il,055-7636021,Haifa
450695315,Avi,Michael,Olmert,1979-06-19,avi.olmert@hotmail.com,059-1660711,Eilat
159978336,Eden,,Ben-Gurion,1963-12-22,eden.ben-gurion@gmail.com,051-3347324,Haifa
209793556,Oren,,Shapira,1987-06-14,oren.shapira@gmail.com,055-6990825,Herzeliya
187143515,Bar,,Schwartz,1964-05-09,bar.schwartz@walla.co.il,058-2042711,Eilat
547055536,Ronit,,Zilber,1959-05-12,ronit.zilber@checkpoints.com,051-4477154,Ashdod
379983216,Gil,Leah,Eitan,1958-07-02,gil.eitan@gmail.com,050-4783595,Ashdod
145521106,Yaakov,,Ben-David,1994-11-03,yaakov.ben-david@checkpoints.com,052-9398403,Herzeliya
446765196,Lihi,,Sharon,1973-01-09,lihi.sharon@gmail.com,058-5859342,Ashdod
690591380,Chaim,,Dahan,2005-04-21,chaim.dahan@gmail.com,053-9245415,Tel Aviv - Yafo
475145562,Sivan,,Katz,1975-07-05,sivan.katz@hotmail.com,052-7663599,Jerusalem
263483479,Shahar,,Cohen,1941-10-06,shahar.cohen@hotmail.com,054-5456812,Eilat
501902191,Eyal,,Altman,1990-06-13,eyal.altman@checkpoints.com,059-5299635,Herzeliya
310209048,Michal,,Sarusi,1950-03-06,michal.sarusi@gmail.com,057-1483477,Ashdod
535607204,Roy,Yosef,Zamir,1998-12-16,roy.zamir@teva.com,053-4357836,Nahariya
889954575,Kim,,Elbaz,1948-01-18,kim.elbaz@gmail.com,059-6089714,Herzeliya
708646894,Rivka,,Barkat,1980-09-24,rivka.barkat@gmail.com,053-4035319,Herzeliya
321569527,Nir,,Begin,1979-03-02,nir.begin@walla.co.il,056-3772557,Ashdod
615584596,Rami,,Gal,1948-09-09,rami.gal@checkpoints.com,053-2303155,Nahariya
215171252,Avraham,,Peretz,2007-07-12,avraham.peretz@gmail.com,050-6090988,Ashdod
204402785,Israel,,Deutsch,1991-06-02,israel.deutsch@walla.co.il,055-2276737,Petah-Tikva
548273280,Sigal,,Mizrachi,2005-05-24,sigal.mizrachi@gmail.com,054-3379648,Petah-Tikva
590622322,Roy,,Ohayon,1941-10-06,roy.ohayon@teva.com,050-8994424,Haifa
115401798,David,,Azoulay,1967-09-10,david.azoulay@checkpoints.com,059-5582437,Petah-Tikva
124222483,Sivan,,Ramon,1942-11-30,sivan.ramon@teva.com,052-4615080,Beer-Sheva
526854182,Iris,Yosef,Berger,1969-09-25,iris.berger@checkpoints.com,057-7919330,Haifa
926279823,Maya,,Eshkol,1965-07-18,maya.eshkol@gmail.com,054-1409580,Petah-Tikva
102092274,Sigal,,Dahan,1969-06-23,sigal.dahan@hotmail.com,057-4884275,Tel Aviv - Yafo
407645403,Inbal,,Azoulay,1967-08-08,inbal.azoulay@checkpoints.com,057-3749697,Herzeliya
807167807,Dana,,Begin,1995-06-18,dana.begin@gmail.com,055-7828354,Haifa
722997665,Yuval,,Deutsch,1977-05-13,yuval.deutsch@checkpoints.com,054-3476873,Ashdod
563546514,Michael,,Harel,1996-03-08,michael.harel@gmail.com,055-8827496,Ashdod
909282771,Lior,,Nir,2004-09-11,lior.nir@gmail.com,058-3433543,Nahariya
466843761,Lior,,Yadin,1994-03-25,lior.yadin@checkpoints.com,059-3340778,Jerusalem
985499313,Meital,Yosef,Zilber,1998-06-30,meital.zilber@hotmail.com,058-1704281,Eilat
834450885,Shir,,Weiss,1979-05-02,shir.weiss@teva.com,055-7626337,Eilat
805332300,Erez,,Ben-David,1941-04-06,erez.ben-david@walla.co.il,051-4788543,Ashdod
267182869,Meital,,Sharon,2008-06-24,meital.sharon@checkpoints.com,058-2808598,Ashdod
359666580,Coral,,Green,1989-10-05,coral.green@hotmail.com,051-4204558,Tel Aviv - Yafo
117416094,David,Bat,Marciano,1938-11-28,david.marciano@teva.com,051-2124440,Petah-Tikva
585974860,Itai,,Lazar,1949-03-07,itai.lazar@walla.co.il,050-6036779,Herzeliya
516340508,Dana,,Liberman,1952-12-23,dana.liberman@hotmail.com,057-1702543,Ashdod
133842234,Nir,,Melamed,1985-08-02,nir.melamed@teva.com,057-7438345,Eilat
129343354,Neta,,Biton,1940-06-08,neta.biton@gmail.com,057-5230482,Eilat
868378762,Tali,,Yosef,1941-05-02,tali.yosef@gmail.com,053-8873203,Tel Aviv - Yafo
446681717,Avigail,,Tamir,1968-01-21,avigail.tamir@gmail.com,059-7888843,Beer-Sheva
111053043,Dorit,,Hadad,1947-12-15,dorit.hadad@checkpoints.com,050-9494212,Ashdod
174195139,Asaf,,Zamir,1945-12-28,asaf.zamir@hotmail.com,056-9986932,Tel Aviv - Yafo
371876053,Motti,,Ohayon,1964-06-22,motti.ohayon@gmail.com,057-5922258,Haifa
142752637,Shira,,Gal,1998-09-11,shira.gal@teva.com,052-2288836,Jerusalem
899433831,Sigal,,Golan,2004-08-06,sigal.golan@gmail.com,052-4748410,Herzeliya
577456920,Sivan,Bat,Omer,1996-09-09,sivan.omer@teva.com,059-1397254,Ashdod
860648163,Zohar,,Tal,1959-10-11,zohar.tal@gmail.com,056-8946662,Tel Aviv - Yafo
399468967,Mor,,Shani,2002-07-12,mor.shani@gmail.com,051-5408642,Herzeliya
609625271,Yuval,,Arad,1996-03-12,yuval.arad@gmail.com,050-3717830,Beer-Sheva
808521384,Lior,,Deutsch,1965-08-29,lior.deutsch@gmail.com,052-7933281,Beer-Sheva
700937421,Yaakov,, Dayan,1981-08-03,yaakov. dayan@gmail.com,056-1187797,Herzeliya
164418051,Eyal,Leah,Levi,1984-09-05,eyal.levi@hotmail.com,058-1148604,Petah-Tikva
971300408,Ariel,,Melamed,1965-06-08,ariel.melamed@checkpoints.com,053-4165307,Ashdod
613544342,Ben,Yosef,Barkat,1958-12-02,ben.barkat@teva.com,058-2189815,Haifa
816274216,Yosef,,Bar-On,2002-06-07,yosef.bar-on@walla.co.il,058-2217859,Nahariya
276880410,Rachel,,Yadin,1952-05-28,rachel.yadin@gmail.com,053-5403489,Rehovot
164073412,Coral,Michael,Spector,1938-07-02,coral.spector@walla.co.il,050-4231387,Herzeliya
519592782,Rotem,,Harel,1988-05-16,rotem.harel@teva.com,052-9042423,Nahariya
948758119,Eyal,,Hoffman,1940-10-05,eyal.hoffman@teva.com,052-5049023,Nahariya
659697044,Noa,,Harari,1969-09-16,noa.harari@hotmail.com,050-8001408,Beer-Sheva
703106474,Daniel,,Eshkol,1995-06-23,daniel.eshkol@checkpoints.com,050-7199535,Petah-Tikva
466664184,Yael,,Dotan,1980-11-20,yael.dotan@checkpoints.com,057-9580538,Ashdod
514565115,Coral,,Tal,1958-04-11,coral.tal@teva.com,059-3302963,Ashdod
461931800,Michael,,Tal,1977-10-24,michael.tal@hotmail.com,058-2055863,Petah-Tikva
775513932,Tamar,,Gabay,1955-03-16,tamar.gabay@hotmail.com,053-6252134,Herzeliya
357069675,Ilan,,Ronen,1981-01-18,ilan.ronen@gmail.com,055-9685090,Rehovot
399060870,Leah,,Gal,1949-05-27,leah.gal@gmail.com,059-3336691,Petah-Tikva
682801204,Gadi,,Rubin,1967-01-09,gadi.rubin@hotmail.com,058-3909431,Beer-Sheva
878025484,Eden,,Marciano,1990-01-28,eden.marciano@hotmail.com,055-4071536,Ashdod
502651705,Rachel,,Zilber,1984-03-30,rachel.zilber@hotmail.com,057-6727732,Haifa
373509648,Roni,,Malka,1974-10-01,roni.malka@checkpoints.com,058-7594804,Tel Aviv - Yafo
171453662,Alon,,Turgeman,1967-09-26,alon.turgeman@hotmail.com,059-5648826,Eilat
709298704,Dor,,Stern,1970-02-28,dor.stern@teva.com,057-2813267,Ashdod
569410109,Lihi,Bat,Melamed,1997-07-04,lihi.melamed1@gmail.com,050-1688446,Beer-Sheva
397808762,Ori,,Tamir,1997-02-06,ori.tamir@checkpoints.com,051-8101189,Jerusalem
142882439,Limor,Ben,Ramon,1978-03-31,limor.ramon@hotmail.com,054-5767885,Rehovot
358428472,Gil,,Ben-David,1957-05-05,gil.ben-david@checkpoints.com,054-6931608,Jerusalem
262889747,Yosef,,Tamir,1940-02-21,yosef.tamir@gmail.com,052-7430237,Jerusalem
681658051,Avi,,Mizrachi,2000-05-09,avi.mizrachi@hotmail.com,059-5525304,Ashdod
233748804,Noam,,Saban,1988-09-16,noam.saban@gmail.com,057-3779020,Haifa
336590009,Maya,Leah,David,1980-11-09,maya.david@walla.co.il,059-7487804,Ashdod
329123420,Gil,,Yosef,1971-11-19,gil.yosef@teva.com,057-8424380,Haifa
124724610,Lior,,Olmert,1948-02-16,lior.olmert@walla.co.il,056-9790177,Herzeliya
445830787,Yosef,,Harari,1973-09-25,yosef.harari@checkpoints.com,057-4447207,Herzeliya
255172591,Shir,,Malka,1945-10-30,shir.malka@teva.com,056-3824975,Rehovot
394357483,Rachel,,Ben-Gurion,1987-10-27,rachel.ben-gurion@walla.co.il,059-8880476,Tel Aviv - Yafo
837115354,Ilan,,Saban,2002-09-24,ilan.saban@walla.co.il,050-7524153,Nahariya
470638661,Inbal,Yosef,Berger,1943-07-26,inbal.berger@walla.co.il,056-2500904,Rehovot
373724419,Tal,, Dayan,1985-03-21,tal. dayan@walla.co.il,052-3827659,Jerusalem
728670022,Ronit,,Navon,1990-12-22,ronit.navon@checkpoints.com,050-7399569,Herzeliya
151516549,May,Bat, Dayan,2000-03-30,may. dayan@hotmail.com,058-1839952,Petah-Tikva
185099798,Zohar,,Turgeman,1982-03-26,zohar.turgeman@gmail.com,056-5672680,Haifa
345982087,Bar,,Aharon,2002-07-17,bar.aharon@gmail.com,051-1874873,Nahariya
802894922,Linoy,,Golan,1966-05-06,linoy.golan@walla.co.il,052-4963537,Tel Aviv - Yafo
967292114,Guy,,Harel,2002-06-28,guy.harel@checkpoints.com,051-5513811,Haifa
673328017,Itai,,Lapid,1940-04-10,itai.lapid@gmail.com,052-3562193,Eilat
300582179,Rachel,,Levi,1993-02-13,rachel.levi@checkpoints.com,054-9610837,Tel Aviv - Yafo
637851330,Asaf,,Friedman,1993-07-20,asaf.friedman@gmail.com,057-3615725,Haifa
399871453,Stav,,Saban,1944-10-25,stav.saban@gmail.com,053-3719366,Nahariya
245926081,Avraham,,Asulin,1936-11-12,avraham.asulin@walla.co.il,056-7776291,Eilat
750169102,Yaron,,Ben-Gurion,1972-03-07,yaron.ben-gurion@checkpoints.com,054-9782376,Rehovot
279202708,Asaf,Ben,Harari,1989-12-21,asaf.harari@gmail.com,059-7165648,Petah-Tikva
224056047,Roni,,Hoffman,1981-08-30,roni.hoffman@gmail.com,050-6277192,Ashdod
313355557,Coral,,Mizrachi,1938-12-31,coral.mizrachi@teva.com,052-8548747,Nahariya
948819004,May,,Peres,1981-06-10,may.peres@walla.co.il,053-3387655,Tel Aviv - Yafo
343816148,Hadar,,Turgeman,1966-09-11,hadar.turgeman@teva.com,057-7233861,Jerusalem
597463844,Yosef,,Kraus,1986-07-09,yosef.kraus@gmail.com,051-5956293,Herzeliya
801617283,Mor,,Malka,1976-09-14,mor.malka@checkpoints.com,058-9004545,Tel Aviv - Yafo
614814659,Chaim,,Silberman,1980-09-09,chaim.silberman@hotmail.com,052-1185491,Beer-Sheva
256700837,Kim,,Ben-Gurion,2003-02-28,kim.ben-gurion@gmail.com,058-4669073,Eilat
498644301,David,,fuchs,1936-11-23,david.fuchs@hotmail.com,057-6820448,Nahariya
450624671,Noa,Sarah,Deutsch,1955-12-30,noa.deutsch@gmail.com,057-9179175,Rehovot
919951831,Eyal,,Biton,1959-05-16,eyal.biton@teva.com,059-9488394,Beer-Sheva
572297647,Agam,,Begin,1995-08-14,agam.begin@gmail.com,053-2563462,Nahariya
512198254,Maya,,Zilber,2004-08-01,maya.zilber@gmail.com,050-3230397,Jerusalem
373962951,Roy,,Cohen,1993-11-15,roy.cohen@checkpoints.com,050-5454479,Ashdod
945047864,Chaim,,Ben-David,1993-09-04,chaim.ben-david@teva.com,057-2916579,Beer-Sheva
818781178,Shani,,Schwartz,1975-02-24,shani.schwartz@checkpoints.com,057-5329920,Nahariya
699758448,Gadi,,Rabin,1948-11-17,gadi.rabin@gmail.com,058-3610506,Nahariya
935689082,Rachel,,Ben-David,1969-08-10,rachel.ben-david@walla.co.il,054-6505504,Eilat
155068529,Kobi,,Elbaz,1985-06-02,kobi.elbaz@gmail.com,052-4751808,Jerusalem
367080413,Stav,,Levine,1945-12-20,stav.levine@hotmail.com,058-7090010,Rehovot
616656295,Limor,,Agbaria,2003-06-06,limor.agbaria@walla.co.il,056-8250571,Haifa
544768448,Ron,,Peretz,1975-04-22,ron.peretz@gmail.com,054-4954093,Ashdod
628131485,Erez,,Peled,1969-12-12,erez.peled@checkpoints.com,053-5806128,Jerusalem
755597471,Tomers,,Schwartz,1979-03-09,tomers.schwartz@hotmail.com,056-2390468,Beer-Sheva
188148688,Daniel,Sarah,Rabin,1970-02-01,daniel.rabin@walla.co.il,051-3548252,Tel Aviv - Yafo
102241181,Ron,Michael,Golan,1975-08-18,ron.golan@teva.com,055-2468345,Tel Aviv - Yafo
277405303,Avigail,Sarah,Weiss,2001-02-22,avigail.weiss@gmail.com,059-1003575,Jerusalem
947765006,Tomers,,Zilber,1964-07-16,tomers.zilber@gmail.com,054-5889357,Nahariya
998560662,Zohar,,Malka,1983-01-06,zohar.malka@gmail.com,051-8756720,Nahariya
379153787,Eitan,,Porat,1962-05-05,eitan.porat@gmail.com,057-4754605,Petah-Tikva
134395963,Erez,,Schwartz,1946-03-11,erez.schwartz@walla.co.il,057-7018858,Eilat
428993166,Shira,,Koren,1972-07-19,shira.koren@walla.co.il,053-6189630,Herzeliya
326073427,Sarah,Bat,Heller,2005-03-26,sarah.heller@gmail.com,050-2974982,Haifa
215614607,Rotem,Ben,Hadad,1983-03-11,rotem.hadad@checkpoints.com,055-6367876,Nahariya
356897080,Sapir,,Kramer,1997-07-14,sapir.kramer@teva.com,058-6075879,Jerusalem
608124995,Sigal,,Biton,1973-06-22,sigal.biton@gmail.com,055-2108224,Tel Aviv - Yafo
133693489,Rivka,,Altman,1963-11-22,rivka.altman@walla.co.il,056-6428764,Ashdod
242703781,Michal,,Peres,1970-08-23,michal.peres@teva.com,055-4086368,Tel Aviv - Yafo
622798666,Anat,Bat,Klein,1986-12-31,anat.klein@hotmail.com,059-9310722,Petah-Tikva
317170067,Eden,,Zamir,1939-05-18,eden.zamir@gmail.com,055-6753964,Nahariya
985111193,Asaf,,Stern,1978-09-14,asaf.stern@teva.com,058-5587663,Eilat
519500392,Zohar,,Peled,1953-08-10,zohar.peled@gmail.com,056-1661445,Ashdod
119235979,Bar,,Peled,1937-06-30,bar.peled@gmail.com,057-8000211,Ashdod
753651567,Yaron,, Dayan,1955-07-10,yaron. dayan@gmail.com,057-5440937,Petah-Tikva
800138394,Yitzhak,, Dayan,1956-07-15,yitzhak. dayan@gmail.com,056-5452101,Tel Aviv - Yafo
669880762,Gil,,Dahan,1968-03-24,gil.dahan@gmail.com,056-1037755,Rehovot
151285942,Shlomo,,Vaknin,1959-07-02,shlomo.vaknin@walla.co.il,050-9417998,Petah-Tikva
925601009,Dudi,Sarah,Tzur,1989-05-21,dudi.tzur@hotmail.com,058-5824408,Beer-Sheva
352150449,Lihi,,Shani,1992-08-19,lihi.shani@hotmail.com,053-1238426,Rehovot
185552409,Anat,,Porat,1965-06-25,anat.porat@gmail.com,051-3178982,Petah-Tikva
281486664,Limor,,Marciano,1971-04-02,limor.marciano@gmail.com,056-4424117,Haifa
173647708,Shlomo,,Levine,2008-03-26,shlomo.levine@gmail.com,051-5530705,Haifa
221730927,May,,fuchs,1963-08-20,may.fuchs@checkpoints.com,058-8806392,Eilat
231101204,Ben,,Livne,1938-01-23,ben.livne@gmail.com,055-2544008,Herzeliya
368731717,Eden,,Mizrachi,1952-11-17,eden.mizrachi@checkpoints.com,051-2064228,Haifa
256565452,Roni,,Shapira,1946-09-03,roni.shapira@hotmail.com,053-9031091,Herzeliya
131985809,Roni,,Altman,1969-09-28,roni.altman@gmail.com,058-7752148,Jerusalem
279876468,Alon,,Oz,1939-02-22,alon.oz@hotmail.com,051-4804253,Ashdod
789908527,Dana,,Stern,2005-04-08,dana.stern@walla.co.il,053-1062440,Nahariya
107986279,Adi,,Heller,1999-12-04,adi.heller@hotmail.com,058-2954443,Nahariya
692280899,Eden,,Olmert,1952-06-19,eden.olmert@checkpoints.com,050-6319500,Jerusalem
435069915,Shahar,,Lazar,1998-12-21,shahar.lazar@gmail.com,054-3297127,Petah-Tikva
975844064,Neta,,Levine,1971-07-27,neta.levine@gmail.com,058-7103303,Beer-Sheva
635031641,Avigail,,Rabin,2006-06-30,avigail.rabin@gmail.com,054-6498797,Haifa
864289767,Michael,,Grosman,1954-06-11,michael.grosman@hotmail.com,051-7082280,Beer-Sheva
202174331,Leah,,Netanyahu,1997-06-07,leah.netanyahu@gmail.com,059-4561978,Nahariya
959392452,Daniel,Michael, Dayan,1940-04-17,daniel. dayan@hotmail.com,058-2336525,Eilat
719937594,Meital,,Lavi,1958-12-24,meital.lavi@teva.com,054-2685031,Rehovot
551155345,Michael,,Tzur,1942-01-17,michael.tzur@gmail.com,052-2153392,Beer-Sheva
731686891,Avraham,,David,2004-09-19,avraham.david@walla.co.il,055-7811359,Eilat
702573674,Rachel,,Katz,1991-12-04,rachel.katz@teva.com,059-2742713,Tel Aviv - Yafo
604997610,Niv,,Shamir,1993-05-04,niv.shamir@teva.com,058-5002817,Rehovot
719216978,Agam,,Lapid,1964-05-02,agam.lapid@hotmail.com,053-1996091,Rehovot
408875535,Tamar,,Saban,1997-05-08,tamar.saban@teva.com,056-5278178,Nahariya
634376866,Avraham,,Omer,1991-05-20,avraham.omer@teva.com,054-3150688,Nahariya
297952816,Ronit,Leah,Sela,1986-03-19,ronit.sela@gmail.com,050-4873115,Jerusalem
899808968,Yaakov,Yosef,Shamir,1996-08-09,yaakov.shamir@gmail.com,054-2889341,Nahariya
103025443,Sigal,,Liberman,1946-01-27,sigal.liberman@gmail.com,056-2794384,Herzeliya
321548851,Rotem,Leah,Klein,1938-01-20,rotem.klein@gmail.com,055-6454467,Rehovot
576109760,Limor,,Stern,1995-06-11,limor.stern@gmail.com,056-6925346,Jerusalem
814958498,Limor,,Saban,1983-12-17,limor.saban@walla.co.il,050-5229725,Tel Aviv - Yafo
565245234,Stav,,Shapira,2003-03-10,stav.shapira@teva.com,057-9795992,Petah-Tikva
318871405,Bar,,Omer,1995-11-29,bar.omer1@gmail.com,054-3970575,Rehovot
925764977,Moshe,,Frank,1961-01-08,moshe.frank@gmail.com,059-8624054,Herzeliya
425553894,Ronit,,Ben-David,1946-10-09,ronit.ben-david@checkpoints.com,054-8999967,Rehovot
389523201,Eitan,,Kramer,1996-07-22,eitan.kramer@gmail.com,053-9152092,Rehovot
335012974,Gadi,,Bar-On,1995-07-21,gadi.bar-on@gmail.com,054-7221563,Eilat
373601416,Meital,,Yosef,1949-06-23,meital.yosef@hotmail.com,054-7773209,Tel Aviv - Yafo
167611134,Ilan,,David,1983-02-28,ilan.david@gmail.com,053-9890570,Haifa
773793757,Nir,Ben,Peles,1979-03-01,nir.peles@checkpoints.com,058-8041836,Nahariya
466464066,Avraham,,Kramer,1998-10-20,avraham.kramer@teva.com,054-8127778,Petah-Tikva
847353229,Tamar,,Peled,1972-06-21,tamar.peled@teva.com,059-6987578,Beer-Sheva
507937618,Ron,,Oz,1986-07-25,ron.oz@gmail.com,050-6639627,Herzeliya
606144535,May,,Eitan,1964-04-16,may.eitan@gmail.com,056-1275672,Beer-Sheva
210802010,Ilan,,Grosman,2004-08-06,ilan.grosman@gmail.com,057-7918250,Eilat
893082214,Shlomo,,David,1959-04-27,shlomo.david@walla.co.il,052-4703271,Jerusalem
334580870,Dana,Ben,Yosef,1955-10-29,dana.yosef@walla.co.il,051-5704514,Nahariya
583008672,Roy,,Azoulay,1987-04-19,roy.azoulay@hotmail.com,051-2568840,Petah-Tikva
949436665,Dudi,,Dotan,1940-04-08,dudi.dotan@gmail.com,050-8986163,Petah-Tikva
680975011,Tomers,,Tzur,1943-03-01,tomers.tzur@gmail.com,057-4629894,Rehovot
455133789,Noam,,Azoulay,1987-12-17,noam.azoulay@hotmail.com,054-1001558,Rehovot
847731349,Tal,,Silberman,1958-08-17,tal.silberman@teva.com,052-1451296,Beer-Sheva
148537600,Agam,,Golan,1989-10-11,agam.golan@gmail.com,052-5949278,Ashdod
244434425,Yitzhak,,Ohayon,1943-07-29,yitzhak.ohayon@gmail.com,055-6026347,Rehovot
265280512,Meital,,Agbaria,1994-04-06,meital.agbaria@walla.co.il,056-1127889,Haifa
551354522,Ori,,Katz,1989-07-14,ori.katz@gmail.com,052-7963431,Beer-Sheva
566668019,Gil,,Yarkoni,1984-08-28,gil.yarkoni@teva.com,058-9906450,Nahariya
728805189,Anat,,fuchs,1955-03-21,anat.fuchs@hotmail.com,059-4616959,Ashdod
556218214,Idan,,Ben-Ari,1968-08-08,idan.ben-ari@gmail.com,055-5365912,Nahariya
310742928,Yuval,,Marciano,1960-06-30,yuval.marciano@walla.co.il,051-2935210,Haifa
157758928,Gil,,Rabin,1998-05-19,gil.rabin@hotmail.com,057-7620407,Nahariya
864986259,Linoy,Bat,Grosman,1960-03-05,linoy.grosman@gmail.com,052-5034633,Tel Aviv - Yafo
645907499,Roni,,Lavi,1986-11-13,roni.lavi@hotmail.com,058-2402036,Herzeliya
456563737,Gadi,,Grosman,2004-08-01,gadi.grosman@walla.co.il,057-4444368,Haifa
962075155,Ofek,,Yarkoni,1962-01-24,ofek.yarkoni@gmail.com,059-8421362,Beer-Sheva
553250483,Eden,,Gur,1942-05-07,eden.gur@checkpoints.com,055-8732605,Haifa
831582118,Maya,,Schwartz,2007-07-02,maya.schwartz@checkpoints.com,050-1406129,Tel Aviv - Yafo
189801104,Michal,,Segal,1951-05-20,michal.segal@hotmail.com,051-2386345,Jerusalem
616233458,Noam,,Guttman,1960-03-05,noam.guttman@teva.com,055-1960454,Nahariya
127746847,Eden,,Levine,1980-06-19,eden.levine@walla.co.il,051-9456053,Petah-Tikva
908022221,Shira,,Sarusi,1959-07-28,shira.sarusi@checkpoints.com,052-8999013,Petah-Tikva
627356678,Oren,Bat,Netanyahu,1940-01-23,oren.netanyahu@gmail.com,058-1712357,Herzeliya
507426246,Ron,,Dahan,1966-08-11,ron.dahan@gmail.com,050-1819619,Tel Aviv - Yafo
810856943,Leah,,Saban,1951-06-01,leah.saban@gmail.com,051-7064405,Eilat
395364164,Zohar,,Levine,1958-01-09,zohar.levine@gmail.com,053-7928527,Haifa
956523994,Tamar,,Bar-On,1979-09-05,tamar.bar-on@gmail.com,050-7143995,Petah-Tikva
982162888,Tomers,,Geva,2004-10-10,tomers.geva2@hotmail.com,050-8881419,Tel Aviv - Yafo
759501682,Rami,,Blau,1937-12-21,rami.blau@gmail.com,059-9821826,Haifa
150451476,Itai,,Zilber,1961-02-10,itai.zilber@gmail.com,058-9880006,Tel Aviv - Yafo
380899257,Tali,,Shamir,1950-10-11,tali.shamir1@gmail.com,058-8946390,Ashdod
170362901,Omer,,Yarkoni,1947-09-19,omer.yarkoni@gmail.com,052-9753067,Nahariya
792763273,Osnat,,Livne,1971-12-18,osnat.livne@gmail.com,052-1347445,Jerusalem
550756507,Coral,Leah,Ben-Gurion,1943-06-21,coral.ben-gurion@checkpoints.com,058-8229118,Jerusalem
211768888,Avigail,,Lapid,1967-02-02,avigail.lapid@checkpoints.com,050-7546202,Petah-Tikva
778210041,Lihi,,Shapira,1941-03-22,lihi.shapira@gmail.com,054-1709998,Haifa
533017720,Gil,,Begin,1978-01-14,gil.begin@hotmail.com,052-5929701,Jerusalem
883022242,Yosef,Yosef,Livne,1980-12-04,yosef.livne@walla.co.il,054-5875471,Eilat
718163271,Zohar,,Arad,2006-07-07,zohar.arad@checkpoints.com,053-2828132,Herzeliya
359247864,Rami,,Yarkoni,1992-07-10,rami.yarkoni@checkpoints.com,054-6562506,Haifa
600022986,Avi,Leah,Yarkoni,1978-01-14,avi.yarkoni@gmail.com,054-1965082,Petah-Tikva
356427918,Roy,,Barkat,1939-11-24,roy.barkat@checkpoints.com,055-4260298,Eilat
376721617,Kobi,,Melamed,1997-07-28,kobi.melamed@walla.co.il,053-3372568,Beer-Sheva
196698641,Noam,,Ben-Gurion,1961-04-29,noam.ben-gurion@walla.co.il,051-1810848,Nahariya
313265406,Sarah,Leah,Peled,1990-10-09,sarah.peled@walla.co.il,053-3260007,Rehovot
791520049,Michal,Yosef,Ben-David,2005-06-01,michal.ben-david@teva.com,051-2407026,Nahariya
917497187,Asaf,,Harari,1979-02-27,asaf.harari@walla.co.il,051-8746260,Eilat
663149749,Moshe,,Levi,1989-10-23,moshe.levi@checkpoints.com,050-1493220,Nahariya
214617417,Anat,,Lapid,1959-03-20,anat.lapid@gmail.com,059-9789075,Tel Aviv - Yafo
362407290,Meital,,Berger,1951-05-27,meital.berger@teva.com,057-5427291,Petah-Tikva
983733458,Dudi,,Ohayon,1971-04-04,dudi.ohayon@gmail.com,059-4585320,Rehovot
495034822,Avi,Ben,Goldberg,2001-09-10,avi.goldberg@gmail.com,059-2189717,Beer-Sheva
664746769,Orly,,Netanyahu,1998-10-08,orly.netanyahu@hotmail.com,054-4789035,Jerusalem
526277799,Zohar,,Kramer,2006-03-02,zohar.kramer@hotmail.com,052-7833008,Jerusalem
283181090,Eden,,Shapira,1954-02-11,eden.shapira@hotmail.com,058-3481053,Beer-Sheva
357850925,Rotem,,Vaknin,1971-01-04,rotem.vaknin@gmail.com,051-5280661,Tel Aviv - Yafo
846698400,Kim,,Shamir,1961-11-29,kim.shamir@hotmail.com,056-1718961,Herzeliya
776970557,Yosef,,Lapid,1987-03-19,yosef.lapid@walla.co.il,056-8191881,Rehovot
159471828,Oren,,Liberman,1972-11-03,oren.liberman@hotmail.com,051-1457506,Rehovot
265347454,Dorit,Leah,Blau,1989-06-09,dorit.blau@gmail.com,052-4667567,Petah-Tikva
465644957,Hila,,Avraham,1962-11-11,hila.avraham@hotmail.com,052-8318900,Nahariya
216794851,Dan,,Yadin,1970-06-14,dan.yadin@checkpoints.com,058-3392360,Nahariya
326407711,Zohar,,Sarusi,2004-11-30,zohar.sarusi@gmail.com,053-6100377,Eilat
467873912,Yael,,Eitan,1948-09-07,yael.eitan@hotmail.com,058-3290010,Rehovot
149521594,Niv,, Dayan,1953-05-27,niv. dayan@teva.com,051-1895909,Beer-Sheva
706086216,Motti,Michael,Eshkol,1982-11-24,motti.eshkol@hotmail.com,052-1264631,Ashdod
374066171,Motti,,Segal,1954-11-24,motti.segal@teva.com,059-8058810,Nahariya
714948323,Neta,,Lapid,1958-12-13,neta.lapid@teva.com,059-8653803,Beer-Sheva
660721312,Shira,,Klein,1975-09-06,shira.klein@hotmail.com,056-5164118,Haifa
929250274,Asaf,,Aharon,1937-06-14,asaf.aharon@checkpoints.com,053-3938087,Jerusalem
216345156,Amit,,Lapid,1988-07-10,amit.lapid@gmail.com,052-8212098,Rehovot
705499264,Rami,,Friedman,1945-10-05,rami.friedman@gmail.com,058-8935246,Haifa
527342574,Orly,,Ohayon,1971-01-22,orly.ohayon@gmail.com,057-3917803,Jerusalem
432324981,Rami,,Begin,1954-02-06,rami.begin@gmail.com,055-7070025,Jerusalem
658569651,Ariel,,Tzur,1940-08-14,ariel.tzur@gmail.com,054-1051543,Herzeliya
537519919,Limor,,Ohayon,1946-03-03,limor.ohayon@hotmail.com,059-8283798,Herzeliya
132147715,Gadi,,Klein,1940-01-27,gadi.klein@gmail.com,058-3459745,Rehovot
809655953,Tamar,,Azoulay,1974-03-23,tamar.azoulay@hotmail.com,056-6783398,Rehovot
776836206,Shlomo,Yosef,Barkat,1970-04-27,shlomo.barkat@gmail.com,052-4192479,Eilat
436827097,Yaron,,Schwartz,1941-03-18,yaron.schwartz@gmail.com,054-4221911,Petah-Tikva
528069177,Lior,,Levine,1937-02-04,lior.levine@checkpoints.com,054-9540127,Petah-Tikva
772206706,Yaakov,,Peretz,1993-10-19,yaakov.peretz@walla.co.il,053-1016411,Tel Aviv - Yafo
816954954,Eyal,,Spector,1973-08-10,eyal.spector@gmail.com,050-2959309,Rehovot
641057786,Guy,Bat,Malka,1953-08-21,guy.malka@gmail.com,050-1803899,Beer-Sheva
502858736,Zohar,,Friedman,1983-06-25,zohar.friedman@gmail.com,054-2227468,Herzeliya
158329452,Shani,,Hoffman,1952-01-21,shani.hoffman@hotmail.com,053-8437568,Rehovot
773212157,Omer,,Avraham,1988-10-01,omer.avraham@teva.com,054-5531886,Tel Aviv - Yafo
519551700,Eitan,,Friedman,1968-04-01,eitan.friedman@gmail.com,056-7906275,Haifa
740285150,Ariel,,Goldberg,2000-04-10,ariel.goldberg@teva.com,057-8954738,Rehovot
151212235,Eitan,,Ramon,1954-07-18,eitan.ramon@gmail.com,054-1381431,Rehovot
309667991,Guy,,Stern,2000-07-13,guy.stern@gmail.com,055-7004212,Haifa
317560037,Tal,Sarah,Green,2001-06-07,tal.green@walla.co.il,050-4437937,Haifa
100498689,Neta,,Omer,1970-09-07,neta.omer@gmail.com,058-6331060,Haifa
602218807,Nir,,Lavi,1977-08-02,nir.lavi@walla.co.il,051-4194167,Jerusalem
580488037,Shlomo,,Livne,1980-12-25,shlomo.livne1@gmail.com,059-1825174,Haifa
721488771,Michal,Yosef,Avraham,1982-02-26,michal.avraham@hotmail.com,050-2585719,Rehovot
395699678,Noa,,Avraham,1990-02-25,noa.avraham@teva.com,054-2704824,Rehovot
605086035,Shahar,,David,1966-12-23,shahar.david@teva.com,057-9613268,Haifa
300412115,Shlomo,,Levi,1951-03-15,shlomo.levi@gmail.com,057-9996681,Haifa
209884550,Tali,,Ronen,1970-11-12,tali.ronen@gmail.com,059-6706561,Ashdod
942237230,Agam,,Nir,1987-07-21,agam.nir@checkpoints.com,056-4886086,Eilat
360950819,David,,Bar-On,1947-05-23,david.bar-on@gmail.com,056-1489172,Herzeliya
345788402,Yaron,,Sharon,1942-04-03,yaron.sharon@gmail.com,057-8192211,Rehovot
830944708,Itai,,Blau,2003-01-20,itai.blau@walla.co.il,057-4958582,Rehovot
116602012,Inbal,Sarah,Olmert,1995-08-25,inbal.olmert@gmail.com,052-4027431,Jerusalem
775571436,Tal,,Rubin,2000-10-19,tal.rubin@walla.co.il,055-1248842,Herzeliya
678826863,Rotem,,David,1972-03-16,rotem.david@hotmail.com,052-2222424,Eilat
799329863,Noga,Sarah,Golan,1996-02-01,noga.golan@gmail.com,059-7676164,Ashdod
561667185,Eli,,Harel,1938-04-04,eli.harel@hotmail.com,050-3656453,Haifa
140574697,Anat,,Biton,1946-06-21,anat.biton@teva.com,053-8267065,Nahariya
869605587,Meital,,Turgeman,1982-05-08,meital.turgeman@teva.com,052-6001913,Nahariya
462625117,Linoy,,Ben-Ari,1952-01-22,linoy.ben-ari@gmail.com,051-5757446,Herzeliya
585184907,Tali,,Lavi,1941-02-21,tali.lavi@gmail.com,057-2537895,Herzeliya
292245204,Sarah,,Lavi,1973-07-02,sarah.lavi@walla.co.il,053-4133330,Tel Aviv - Yafo
183743117,Avi,,Agbaria,1948-12-28,avi.agbaria@walla.co.il,057-9928789,Ashdod
716964380,Mor,,Arad,1994-09-22,mor.arad@checkpoints.com,052-6370659,Eilat
719338877,Guy,,Harari,2005-02-08,guy.harari@checkpoints.com,058-6339413,Eilat
100702897,Yuval,,Porat,1952-06-11,yuval.porat@checkpoints.com,053-7185439,Tel Aviv - Yafo
846789191,Tamar,,Peretz,1976-03-15,tamar.peretz@checkpoints.com,056-7391099,Nahariya
456350140,Dorit,,Blau,2005-10-14,dorit.blau@teva.com,051-3817224,Petah-Tikva
681721208,Idan,,Lapid,1974-12-07,idan.lapid@gmail.com,054-4062782,Eilat
250704133,Hila,,Ben-Ari,1951-04-09,hila.ben-ari@gmail.com,052-9937275,Nahariya
465272013,Yuval,,Segal,1947-02-16,yuval.segal@teva.com,055-4130658,Eilat
917652479,Roni,,Begin,1965-03-05,roni.begin@gmail.com,055-7527621,Haifa
717877949,Tomers,,Green,1988-08-24,tomers.green@checkpoints.com,053-6760038,Eilat
752767992,Dorit,,Deutsch,1963-04-11,dorit.deutsch@gmail.com,058-7563570,Herzeliya
492779292,David,,Porat,1984-12-13,david.porat@walla.co.il,058-6442132,Tel Aviv - Yafo
830255110,Noa,,Sarusi,1991-02-11,noa.sarusi@gmail.com,059-3012893,Eilat
985116069,Yaron,,Malka,1998-05-18,yaron.malka@walla.co.il,059-9124351,Haifa
150347583,Guy,,Navon,1978-08-09,guy.navon@hotmail.com,053-5515315,Tel Aviv - Yafo
192352716,Inbal,,Liberman,2000-08-14,inbal.liberman@gmail.com,054-8611432,Beer-Sheva
450864287,Michal,Leah,Stern,1992-12-19,michal.stern@gmail.com,059-4598169,Rehovot
610946095,Agam,,Peles,1970-04-17,agam.peles@walla.co.il,055-1768265,Tel Aviv - Yafo
766547575,Tamar,,Levine,1950-10-26,tamar.levine@checkpoints.com,051-5755985,Beer-Sheva
511170520,Avi,,Peles,1997-08-02,avi.peles@teva.com,059-9786580,Ashdod
702890574,Shalom,,Harel,1996-09-21,shalom.harel@checkpoints.com,057-1112852,Petah-Tikva
487606407,Yosef,,Eitan,1961-04-10,yosef.eitan@hotmail.com,055-7747689,Haifa
246941318,Anat,,Shani,1938-12-05,anat.shani@walla.co.il,056-1979271,Herzeliya
929922494,Motti,,Arad,1940-11-11,motti.arad@walla.co.il,058-8418909,Petah-Tikva
462807188,Eyal,,Schwartz,1948-06-26,eyal.schwartz@gmail.com,058-6696472,Nahariya
758899330,Noa,,Golan,1981-03-18,noa.golan@hotmail.com,051-2392137,Rehovot
456798806,David,,Grosman,2007-12-21,david.grosman@gmail.com,050-3616291,Petah-Tikva
499972692,Orly,, Dayan,1987-09-17,orly. dayan@gmail.com,053-3199961,Beer-Sheva
958254837,Michal,Ben,Melamed,1979-06-20,michal.melamed1@gmail.com,057-1566890,Eilat
319141328,Orly,,Gur,1942-04-24,orly.gur@gmail.com,051-5763210,Petah-Tikva
405332410,Oren,,Peles,1973-12-02,oren.peles@hotmail.com,059-9231395,Haifa
636424728,Meital,,Ben-David,1951-05-11,meital.ben-david@checkpoints.com,057-5910157,Rehovot
260744181,Kim,,Cohen,1962-04-21,kim.cohen@teva.com,052-7188013,Petah-Tikva
324573973,Chaim,,Peles,1993-01-09,chaim.peles@teva.com,058-2776056,Haifa
304465908,Chaim,,Hadad,1995-09-08,chaim.hadad@checkpoints.com,050-6114860,Nahariya
199432884,Shalom,,Berger,2000-06-21,shalom.berger@hotmail.com,053-7968718,Petah-Tikva
625637267,Eitan,,Liberman,1966-12-24,eitan.liberman@gmail.com,050-9934087,Haifa
923490206,Ron,,Green,2000-09-20,ron.green@teva.com,057-3968580,Haifa
619512107,Ariel,,Berger,1957-04-15,ariel.berger@gmail.com,055-3389843,Nahariya
896610501,Shani,,Berger,1958-11-07,shani.berger@gmail.com,051-7584982,Tel Aviv - Yafo
689885924,Amit,,Ben-Gurion,1997-09-07,amit.ben-gurion@teva.com,057-3945223,Beer-Sheva
590879043,Dorit,,Barkat,1937-11-28,dorit.barkat@teva.com,053-4123052,Tel Aviv - Yafo
449849361,Amit,,Golan,1957-09-04,amit.golan@hotmail.com,053-7911210,Haifa
805713699,Motti,,Malka,1987-05-03,motti.malka@hotmail.com,058-3413787,Jerusalem
278846551,Michal,,Koren,1986-08-06,michal.koren@checkpoints.com,059-4408903,Herzeliya
696940471,Avigail,,Gabay,1964-08-27,avigail.gabay@teva.com,057-9272875,Jerusalem
273475542,Erez,,Marciano,2006-10-12,erez.marciano@hotmail.com,055-5379489,Petah-Tikva
720202856,Roni,,Harari,1943-06-28,roni.harari@gmail.com,052-8496508,Nahariya
985696385,Motti,Sarah,Guttman,1992-11-22,motti.guttman@walla.co.il,051-3719411,Tel Aviv - Yafo
603059869,May,,Peles,1944-01-19,may.peles@gmail.com,053-9226330,Herzeliya
248472045,Motti,,Shani,1961-12-23,motti.shani@gmail.com,052-3503824,Tel Aviv - Yafo
972222778,Iris,,Sharon,1996-06-12,iris.sharon@checkpoints.com,055-7662764,Tel Aviv - Yafo
688388486,Alon,Ben,Golan,1984-09-24,alon.golan@checkpoints.com,058-9203143,Nahariya
970625125,Dorit,,Heller,1963-02-23,dorit.heller@checkpoints.com,059-8354627,Herzeliya
834007013,Roy,,Tal,1945-04-16,roy.tal@gmail.com,058-6995577,Haifa
165370487,Coral,Ben,Netanyahu,1983-08-01,coral.netanyahu@gmail.com,053-7507061,Beer-Sheva
974748176,Yaron,,Geva,1967-03-31,yaron.geva@gmail.com,055-3734765,Jerusalem
881638713,Yaron,Bat,Azoulay,1950-11-09,yaron.azoulay@hotmail.com,052-6842624,Tel Aviv - Yafo
199294339,Yael,,Stern,1949-11-18,yael.stern@checkpoints.com,058-4235507,Tel Aviv - Yafo
757216085,Guy,,Cohen,1966-05-11,guy.cohen@gmail.com,053-9386347,Beer-Sheva
753583645,David,,Klein,1951-09-20,david.klein@gmail.com,052-2938768,Jerusalem
594291418,Bar,,Heller,1996-01-03,bar.heller@gmail.com,051-2497141,Beer-Sheva
221020998,Neta,Bat,Green,2004-10-11,neta.green@gmail.com,059-1535484,Ashdod
246014686,Eden,,Schwartz,1961-01-22,eden.schwartz@checkpoints.com,057-5172054,Jerusalem
462187272,Roy,Bat,Dotan,1967-09-07,roy.dotan@teva.com,054-9740807,Beer-Sheva
260665891,May,,Asulin,2000-06-13,may.asulin@gmail.com,050-7623371,Eilat
250980140,Roni,,Levi,1979-03-25,roni.levi@gmail.com,052-5810245,Rehovot
238305910,Yosef,,Peled,1975-08-20,yosef.peled@gmail.com,056-2107591,Tel Aviv - Yafo
964751031,Niv,,Ben-Gurion,1955-01-17,niv.ben-gurion@gmail.com,052-9330861,Tel Aviv - Yafo
933613409,Noam,, Dayan,1997-11-21,noam. dayan@gmail.com,054-4200361,Rehovot
515934026,Avigail,,Olmert,1989-07-06,avigail.olmert@checkpoints.com,050-5351292,Beer-Sheva
897409429,Roni,Yosef,Levine,2003-09-15,roni.levine@walla.co.il,051-7070375,Nahariya
273896637,Ben,, Dayan,1983-08-07,ben. dayan@gmail.com,052-2032110,Ashdod
871849625,Eden,,Katz,1955-07-13,eden.katz@gmail.com,056-4828581,Haifa
235809847,Noa,,Peles,1998-12-06,noa.peles@gmail.com,055-5379891,Haifa
338195561,Sivan,,Eshkol,2005-08-17,sivan.eshkol@gmail.com,050-3092029,Tel Aviv - Yafo
761572282,Inbal,,Green,1957-11-23,inbal.green@checkpoints.com,057-7183513,Rehovot
944862559,Avigail,Yosef,Oz,1955-08-04,avigail.oz@teva.com,055-7240617,Petah-Tikva
556522920,Idan,,Saban,1998-12-26,idan.saban@gmail.com,054-8746810,Rehovot
102933494,David,,Dahan,1939-07-13,david.dahan@gmail.com,058-3057504,Tel Aviv - Yafo
322500199,David,,Rabin,1958-11-05,david.rabin@gmail.com,051-8538435,Rehovot
396535266,May,,Azoulay,1970-07-06,may.azoulay@hotmail.com,050-1220268,Eilat
204612871,Agam,,Livne,1998-11-24,agam.livne@gmail.com,059-1511403,Beer-Sheva
467991714,Shir,,Friedman,1990-12-30,shir.friedman@hotmail.com,050-7854949,Ashdod
209163516,Rachel,,Avraham,1987-12-21,rachel.avraham@gmail.com,051-1801923,Petah-Tikva
314205620,Yuval,Bat,Golan,2006-04-23,yuval.golan@gmail.com,059-8299701,Haifa
474664565,Shahar,,Peles,1968-06-12,shahar.peles@walla.co.il,056-5257397,Ashdod
458374978,Guy,,Livne,1938-10-29,guy.livne@gmail.com,059-7754169,Haifa
522650625,Mor,Sarah,Levine,2002-10-14,mor.levine@hotmail.com,053-3318980,Ashdod
120380266,Yitzhak,,Friedman,1972-05-19,yitzhak.friedman@walla.co.il,056-2680526,Petah-Tikva
454691010,Tali,Ben,Peled,1937-03-15,tali.peled@gmail.com,050-8498264,Nahariya
621466668,Osnat,Michael,Heller,2005-03-08,osnat.heller@gmail.com,054-4958617,Eilat
924926521,Gadi,,Agbaria,1958-01-12,gadi.agbaria@checkpoints.com,054-1050782,Herzeliya
284813059,Yaakov,,Turgeman,1963-07-06,yaakov.turgeman@gmail.com,059-5993383,Nahariya
668211193,Nir,,Gur,2002-09-10,nir.gur@gmail.com,057-8365488,Beer-Sheva
973666467,Dor,,Berger,1941-04-04,dor.berger@gmail.com,051-7893543,Rehovot
206919738,Adam,,Barkat,2004-02-16,adam.barkat@walla.co.il,057-5465660,Jerusalem
350502766,Idan,,Olmert,1992-02-11,idan.olmert@gmail.com,058-5850391,Nahariya
710381992,David,,Ben-Ari,2007-03-21,david.ben-ari@gmail.com,054-3770635,Rehovot
154740212,Eyal,,Blau,1960-01-15,eyal.blau@checkpoints.com,052-2773203,Beer-Sheva
541030781,Shalom,,Shapira,1949-05-22,shalom.shapira@gmail.com,054-2595144,Eilat
958119260,Daniel,,Eitan,1945-07-27,daniel.eitan@checkpoints.com,059-9605960,Nahariya
124065944,Agam,,Dotan,1955-10-24,agam.dotan@gmail.com,058-1512305,Beer-Sheva
686926776,Yuval,,Sarusi,1996-02-18,yuval.sarusi@gmail.com,051-8571412,Herzeliya
660435567,Eyal,,Rabin,1957-04-19,eyal.rabin@walla.co.il,058-7271311,Ashdod
112384564,Lior,Ben,Golan,1985-04-02,lior.golan@hotmail.com,050-8026089,Ashdod
293090956,Alon,,Berger,1981-08-29,alon.berger@hotmail.com,056-2535177,Beer-Sheva
269469724,Eyal,,Harari,1955-07-25,eyal.harari@gmail.com,052-8104723,Eilat
641903228,Adam,,Heller,1973-05-10,adam.heller@hotmail.com,057-1839286,Petah-Tikva
146315523,Kobi,,Silberman,1997-12-15,kobi.silberman@gmail.com,051-8105533,Beer-Sheva
480759635,Gal,,Dahan,1959-01-10,gal.dahan@teva.com,053-3970058,Ashdod
340658499,Anat,,Begin,1998-12-07,anat.begin@checkpoints.com,057-7679985,Haifa
414445156,Orly,,Dahan,1970-09-15,orly.dahan@teva.com,054-7313511,Rehovot
687120355,Rachel,,Begin,1953-08-24,rachel.begin@walla.co.il,050-5456778,Ashdod
649434359,Avigail,Ben,Levine,1994-10-24,avigail.levine@hotmail.com,055-2714793,Rehovot
252836083,Eitan,,Silberman,1986-09-20,eitan.silberman@checkpoints.com,056-5617378,Eilat
716188585,Roni,,Ben-David,1972-08-20,roni.ben-david@hotmail.com,058-4824400,Nahariya
144117837,Mor,,Grosman,1973-01-29,mor.grosman@walla.co.il,052-9845104,Ashdod
746330798,Yaron,,Agbaria,1952-08-14,yaron.agbaria@checkpoints.com,051-2496223,Petah-Tikva
179299111,Niv,,Omer,1940-08-24,niv.omer@teva.com,053-7002000,Nahariya
537692063,Avraham,,Schwartz,1986-03-25,avraham.schwartz@gmail.com,054-6389136,Eilat
648728848,Noam,,Green,1945-09-14,noam.green@gmail.com,052-7045102,Petah-Tikva
905817961,Yael,Ben,Harari,1953-03-30,yael.harari@gmail.com,056-6333203,Tel Aviv - Yafo
307499118,Sivan,,Marciano,1937-11-12,sivan.marciano@hotmail.com,056-7745527,Beer-Sheva
604708275,Coral,,Rabin,1941-06-21,coral.rabin@gmail.com,058-3126969,Petah-Tikva
738390187,Shahar,,Geva,1951-12-21,shahar.geva@gmail.com,058-1047841,Rehovot
595773511,Gadi,Ben,Klein,1968-10-20,gadi.klein1@gmail.com,056-9673344,Beer-Sheva
945332098,Ofek,,Rubin,1973-02-20,ofek.rubin@teva.com,056-5446406,Eilat
553317805,Avi,,Tzur,1986-03-13,avi.tzur@teva.com,059-7640884,Nahariya
690077090,Hadar,,Aharon,1974-05-04,hadar.aharon@hotmail.com,054-2514913,Herzeliya
465378226,Kobi,,Sarusi,1949-05-01,kobi.sarusi@gmail.com,051-3082334,Nahariya
244705703,Eden,,Gal,2003-04-12,eden.gal@checkpoints.com,057-7061877,Jerusalem
848388271,Neta,Ben,Tal,2002-03-21,neta.tal@walla.co.il,051-8088074,Tel Aviv - Yafo
696183751,Erez,,Liberman,1986-03-27,erez.liberman@walla.co.il,052-2677861,Eilat
721985193,Leah,,Rubin,2003-07-12,leah.rubin@walla.co.il,057-1128821,Tel Aviv - Yafo
423338835,Ariel,,Elbaz,1956-06-19,ariel.elbaz@gmail.com,052-1787829,Petah-Tikva
943442595,Linoy,,Shani,1969-11-01,linoy.shani@walla.co.il,056-1838900,Herzeliya
947373339,Mor,,Sarusi,1937-08-12,mor.sarusi@gmail.com,055-8106672,Herzeliya
626164956,Coral,,Guttman,2005-11-30,coral.guttman@hotmail.com,057-6176130,Herzeliya
337009909,Alon,,Arad,2005-12-10,alon.arad@walla.co.il,052-5068753,Herzeliya
377120463,Yuval,,Berger,1951-09-12,yuval.berger@gmail.com,056-6645656,Petah-Tikva
158188648,Ori,,Zilber,1954-05-18,ori.zilber@hotmail.com,055-4840340,Tel Aviv - Yafo
300508459,Itai,,Golan,1992-04-16,itai.golan@checkpoints.com,057-8183701,Ashdod
845122740,Limor,,Frank,1996-06-25,limor.frank@checkpoints.com,055-2129648,Rehovot
640479208,Rivka,,Dotan,1951-03-03,rivka.dotan@walla.co.il,050-1102664,Eilat
116121174,Ori,,Frank,1972-12-31,ori.frank@walla.co.il,057-3145003,Jerusalem
184967493,Idan,,Geva,1976-05-20,idan.geva@walla.co.il,050-5583487,Ashdod
244858524,Sapir,,Hoffman,1993-10-23,sapir.hoffman@teva.com,056-2277412,Haifa
884311348,David,Sarah,Segal,1985-12-29,david.segal@gmail.com,057-6740329,Jerusalem
561798876,Tal,,Yarkoni,1973-11-30,tal.yarkoni@checkpoints.com,058-1806878,Ashdod
694968538,Tal,,Gur,1984-10-13,tal.gur@hotmail.com,052-6196959,Haifa
232506072,Osnat,,Shani,1987-09-02,osnat.shani@hotmail.com,055-5248289,Herzeliya
955681940,Coral,Leah,Gabay,1970-01-09,coral.gabay@gmail.com,054-7164406,Petah-Tikva
800301972,Stav,,Schwartz,1990-11-16,stav.schwartz@checkpoints.com,051-2869043,Haifa
307821754,Adam,,Ben-Gurion,1982-12-03,adam.ben-gurion@checkpoints.com,058-9241865,Nahariya
887525023,Daniel,,fuchs,1939-02-19,daniel.fuchs@walla.co.il,053-5075122,Petah-Tikva
792633163,Ronit,,Bareket,1964-08-21,ronit.bareket@gmail.com,050-4214986,Eilat
178142594,Ron,,Silberman,1949-10-07,ron.silberman@hotmail.com,050-2128629,Nahariya
941854568,Lihi,,Saban,1985-08-30,lihi.saban@gmail.com,053-1557005,Rehovot
753780761,Gil,,Rubin,1963-05-28,gil.rubin@checkpoints.com,052-5475579,Nahariya
346356379,Anat,, Dayan,2007-06-22,anat. dayan@gmail.com,051-9635270,Beer-Sheva
867892241,Erez,,Guttman,1982-10-27,erez.guttman@hotmail.com,051-8130059,Herzeliya
284952000,Maya,,Turgeman,1948-06-03,maya.turgeman@gmail.com,054-5393744,Rehovot
157431447,Shahar,,Liberman,1976-02-03,shahar.liberman@teva.com,051-8971047,Nahariya
693211288,Ori,,Levi,1950-02-19,ori.levi@checkpoints.com,055-5042026,Nahariya
232427634,Omer,,Dotan,1963-06-20,omer.dotan@hotmail.com,054-7475947,Nahariya
709776411,Motti,,Lazar,1961-03-11,motti.lazar@hotmail.com,052-2022082,Petah-Tikva
437694037,Ben,,Sela,1965-07-12,ben.sela@gmail.com,054-8539918,Haifa
372508287,Neta,Ben, Dayan,1943-02-21,neta. dayan@hotmail.com,058-7397798,Petah-Tikva
287936545,Tamar,,Hadad,1958-08-02,tamar.hadad@teva.com,053-8541869,Haifa
659917125,Sarah,,Eitan,1999-04-11,sarah.eitan@gmail.com,051-9388090,Tel Aviv - Yafo
285115751,Oren,,Bar-On,1944-09-07,oren.bar-on@hotmail.com,058-4558298,Haifa
256450285,Itai,,Dahan,2007-03-13,itai.dahan@gmail.com,053-3948245,Tel Aviv - Yafo
117477783,Chaim,,Tal,1967-02-23,chaim.tal@walla.co.il,056-2922909,Tel Aviv - Yafo
131998026,Eyal,,Yadin,1958-06-18,eyal.yadin@checkpoints.com,057-7479928,Beer-Sheva
112030293,Gadi,,Katz,1991-07-19,gadi.katz@gmail.com,056-2559282,Petah-Tikva
410701151,Adi,,Koren,2000-11-26,adi.koren@hotmail.com,058-1794647,Ashdod
396743138,Dor,,Sharon,1959-02-28,dor.sharon@teva.com,052-4271345,Herzeliya
826151422,Noam,Leah,Biton,1939-03-06,noam.biton@gmail.com,057-7782654,Haifa
103767019,Dana,,Vaknin,1941-12-12,dana.vaknin@hotmail.com,056-8340617,Beer-Sheva
455846034,Yosef,Yosef,Tal,1948-07-25,yosef.tal@walla.co.il,056-5507577,Beer-Sheva
179269797,Moshe,,Porat,1975-04-03,moshe.porat@gmail.com,051-2514920,Jerusalem
403001934,Avraham,,fuchs,1999-07-06,avraham.fuchs@walla.co.il,059-5510798,Nahariya
494368460,Noga,,Shani,1969-12-19,noga.shani@walla.co.il,058-4394065,Petah-Tikva
694811192,Omer,,Berger,1957-08-16,omer.berger@hotmail.com,059-7799074,Haifa
517056655,Roni,,Blau,1961-03-02,roni.blau@gmail.com,058-8272068,Eilat
696378535,Oren,,Gur,1966-02-22,oren.gur@hotmail.com,057-2218828,Herzeliya
132893947,Dana,,Peled,1975-12-19,dana.peled@walla.co.il,051-8624752,Rehovot
125097245,Meital,,Gal,2006-07-15,meital.gal@gmail.com,052-8241263,Herzeliya
588071626,Tali,,Navon,1991-10-11,tali.navon@walla.co.il,050-6078893,Beer-Sheva
694097076,Avraham,,Olmert,1957-04-01,avraham.olmert@gmail.com,052-2222046,Ashdod
487842972,Anat,,Bar-On,1997-12-19,anat.bar-on@walla.co.il,057-8665814,Petah-Tikva
858132966,Michael,,Livne,1964-09-23,michael.livne@gmail.com,056-4101741,Beer-Sheva
203693388,Lior,,Bareket,1950-09-02,lior.bareket@hotmail.com,052-5703171,Beer-Sheva
753427376,Sapir,,Peled,1996-03-04,sapir.peled@walla.co.il,054-3970006,Haifa
730968145,Shlomo,Leah,fuchs,1984-10-26,shlomo.fuchs@teva.com,055-5469467,Haifa
936984208,Asaf,Sarah,Hadad,1995-11-02,asaf.hadad1@gmail.com,055-9337352,Tel Aviv - Yafo
153451991,Chaim,,Yadin,1945-05-13,chaim.yadin@gmail.com,056-5615562,Tel Aviv - Yafo
593232068,Tomers,,Barkat,1983-07-21,tomers.barkat@checkpoints.com,057-3980058,Eilat
274971597,Rami,,Ben-Ari,1943-11-03,rami.ben-ari@checkpoints.com,054-1084840,Tel Aviv - Yafo
195519439,Dan,,Navon,1962-03-06,dan.navon@gmail.com,052-5392569,Ashdod
177833387,Lihi,,Lavi,1937-03-23,lihi.lavi@checkpoints.com,055-1104807,Ashdod
788784354,Sivan,,Sharon,2000-04-29,sivan.sharon@gmail.com,059-7237794,Tel Aviv - Yafo
755431781,Idan,,Heller,1998-09-26,idan.heller@checkpoints.com,051-6284544,Haifa
558921202,Daniel,,Peres,1941-10-18,daniel.peres@gmail.com,053-8391855,Tel Aviv - Yafo
135248842,Stav,,Malka,1955-04-11,stav.malka@gmail.com,050-1077233,Ashdod
375334983,Sivan,Sarah,Koren,1957-01-14,sivan.koren@checkpoints.com,054-6489988,Petah-Tikva
343742981,Ronit,,Klein,1961-09-17,ronit.klein@walla.co.il,056-4579226,Rehovot
470026225,Yosef,,Gal,1966-03-03,yosef.gal@checkpoints.com,051-7936029,Beer-Sheva
770450000,Eden,,Bar-On,1965-12-30,eden.bar-on@gmail.com,054-2386510,Jerusalem
927331322,Eden,Michael,Lapid,1978-09-21,eden.lapid@gmail.com,052-6902140,Eilat
812951509,Avi,,Green,1992-02-06,avi.green@gmail.com,057-5978973,Jerusalem
941460924,Agam,,Feldman,1961-07-09,agam.feldman@checkpoints.com,053-6660550,Haifa
393140634,Lior,Yosef,Spector,1968-05-11,lior.spector@gmail.com,059-4674703,Petah-Tikva
421666977,Lior,,Arad,1981-04-17,lior.arad@gmail.com,055-4822713,Rehovot
956624381,Tali,,Elbaz,1996-02-29,tali.elbaz@hotmail.com,050-6550713,Herzeliya
856652902,Israel,,Zilber,1952-12-02,israel.zilber@gmail.com,055-2343211,Herzeliya
882958075,Moshe,Michael,Gal,1939-11-04,moshe.gal@gmail.com,051-1713118,Ashdod
775323537,Sivan,,Aharon,1948-10-10,sivan.aharon@hotmail.com,051-4918671,Beer-Sheva
516504706,Noam,,Gal,2006-10-27,noam.gal@gmail.com,055-5948136,Ashdod
832267407,Lihi,,Avraham,1992-08-22,lihi.avraham@gmail.com,050-7813611,Nahariya
498303491,Gil,,Melamed,1984-06-26,gil.melamed@teva.com,051-3971689,Tel Aviv - Yafo
188790935,Osnat,,Grosman,1980-05-21,osnat.grosman@checkpoints.com,059-6995244,Tel Aviv - Yafo
851228478,Israel,,Katz,1978-04-11,israel.katz@gmail.com,052-6822105,Nahariya
378775239,Hadar,,Gur,1978-01-18,hadar.gur@gmail.com,057-5739891,Tel Aviv - Yafo
996309776,Nir,,Yosef,1945-05-11,nir.yosef@gmail.com,052-8779521,Nahariya
691357443,Israel,,Silberman,1955-08-12,israel.silberman@teva.com,055-1470606,Jerusalem
815570609,Coral,Yosef,Agbaria,1982-09-16,coral.agbaria@teva.com,059-4627767,Petah-Tikva
929853555,Eden,,Levi,1956-08-04,eden.levi@gmail.com,050-5654572,Herzeliya
235352139,Yitzhak,,Barkat,1963-02-04,yitzhak.barkat@hotmail.com,054-2080611,Beer-Sheva
682785263,Yael,,Yadin,2000-02-13,yael.yadin@gmail.com,055-3923638,Eilat
485660331,Tal,,Olmert,1974-12-31,tal.olmert@teva.com,059-6712098,Haifa
149074949,Inbal,Ben,Altman,1971-12-21,inbal.altman@walla.co.il,059-1218912,Tel Aviv - Yafo
985029339,Gadi,Yosef,Friedman,1944-03-13,gadi.friedman@walla.co.il,057-5408514,Tel Aviv - Yafo
637895095,Tamar,,Tal,1944-03-28,tamar.tal@gmail.com,053-5848213,Petah-Tikva
723901080,Sivan,,Deutsch,2006-09-10,sivan.deutsch@gmail.com,056-9233863,Ashdod
108643561,Niv,,Shapira,2007-07-17,niv.shapira@gmail.com,057-4565436,Rehovot
297187203,Noa,,David,1985-09-04,noa.david@gmail.com,059-2025898,Haifa
810271047,Yaron,,Yarkoni,1988-11-25,yaron.yarkoni@checkpoints.com,053-6162605,Herzeliya
202272739,Chaim,,Levi,2005-09-01,chaim.levi@hotmail.com,050-8075872,Tel Aviv - Yafo
482434083,Rachel,,Cohen,1959-12-31,rachel.cohen@hotmail.com,056-9563707,Petah-Tikva
360893196,Moshe,,Levine,1998-01-25,moshe.levine@gmail.com,056-7586434,Ashdod
336163120,Ariel,,Ben-Ari,1983-04-09,ariel.ben-ari@teva.com,055-8659445,Herzeliya
909855907,Ilan,,Shani,1959-10-25,ilan.shani@walla.co.il,055-4121703,Beer-Sheva
283601178,Kobi,,Rabin,1970-07-16,kobi.rabin@gmail.com,052-7631049,Tel Aviv - Yafo
347975484,Sarah,,Kraus,1992-06-16,sarah.kraus@checkpoints.com,050-3373393,Ashdod
374700215,Stav,,Heller,1946-03-11,stav.heller@hotmail.com,052-1018410,Ashdod
222980417,Michael,,Goldberg,1988-04-15,michael.goldberg@teva.com,058-1102663,Haifa
302985659,Mor,,Yarkoni,1999-08-27,mor.yarkoni@teva.com,059-3867507,Beer-Sheva
478570916,Zohar,,Ohayon,1964-09-04,zohar.ohayon@teva.com,050-7141166,Nahariya
640234831,Mor,,Barkat,1978-09-20,mor.barkat@hotmail.com,058-2368232,Nahariya
436024657,Ilan,,Peres,1966-04-30,ilan.peres@gmail.com,051-7404194,Eilat
654871154,Yaakov,,Eshkol,1978-01-22,yaakov.eshkol@gmail.com,057-9975441,Nahariya
753539923,Adam,,Bar-On,1965-07-04,adam.bar-on@gmail.com,058-5632373,Herzeliya
433924832,Israel,Sarah,Tzur,1996-02-22,israel.tzur@gmail.com,057-3726525,Tel Aviv - Yafo
157954510,Idan,,Tamir,1982-02-09,idan.tamir@hotmail.com,052-4835916,Haifa
811338235,Adam,,Friedman,1983-08-24,adam.friedman@gmail.com,057-5676835,Jerusalem
885058034,Yosef,,Peres,1941-06-12,yosef.peres@gmail.com,051-8070928,Herzeliya
719843588,Roni,,Eshkol,2007-08-14,roni.eshkol@teva.com,052-1218871,Haifa
138778912,Orly,,Liberman,1983-09-07,orly.liberman@teva.com,052-4674504,Haifa
870788073,Alon,,Dahan,1940-05-31,alon.dahan@gmail.com,058-2569291,Rehovot
460202958,Israel,,Hoffman,1990-11-09,israel.hoffman@gmail.com,050-6778649,Nahariya
347829401,Hadar,,Blau,1972-11-02,hadar.blau@hotmail.com,051-4762206,Haifa
924531866,Shlomo,Bat,Nir,1954-11-12,shlomo.nir@gmail.com,056-2241975,Ashdod
420552711,Neta,Bat,Harel,1956-04-25,neta.harel@teva.com,058-4660281,Beer-Sheva
943057199,David,,Sarusi,1941-12-23,david.sarusi@hotmail.com,054-2122074,Nahariya
187144741,Guy,,Ohayon,2007-04-12,guy.ohayon@hotmail.com,050-7155434,Rehovot
522255656,Shani,,Sharon,2004-11-22,shani.sharon@walla.co.il,053-7610243,Haifa
190315292,Yaron,,Bar-On,1976-01-20,yaron.bar-on@gmail.com,050-6086796,Nahariya
563303681,Erez,,Stern,1954-04-15,erez.stern@checkpoints.com,053-4770171,Nahariya
547570239,Tal,,Levi,1954-04-20,tal.levi@walla.co.il,052-8610402,Jerusalem
239023550,Tomers,,Altman,1997-12-29,tomers.altman@gmail.com,054-3463869,Petah-Tikva
332402979,Bar,,Livne,1942-04-01,bar.livne@gmail.com,058-6378128,Petah-Tikva
823171704,Adam,,Yosef,1962-06-28,adam.yosef@teva.com,050-9955693,Ashdod
737929920,Dorit,Sarah,Oz,1971-12-20,dorit.oz@gmail.com,053-6219977,Beer-Sheva
806538226,Dudi,,Geva,1984-11-17,dudi.geva@gmail.com,053-6684715,Jerusalem
243857676,Eden,,Asulin,1991-10-15,eden.asulin@gmail.com,050-7118155,Eilat
353242247,Ofek,,Saban,1990-05-20,ofek.saban@checkpoints.com,050-5041390,Beer-Sheva
184487999,Shir,,Feldman,1961-01-27,shir.feldman@walla.co.il,056-1469584,Herzeliya
871771232,Tamar,,Deutsch,1938-09-14,tamar.deutsch@teva.com,056-5505739,Ashdod
455220820,Shani,,Green,1943-11-21,shani.green@checkpoints.com,054-6628815,Jerusalem
487075984,Sarah,,Spector,1966-03-04,sarah.spector@checkpoints.com,054-7593906,Rehovot
966395066,Chaim,,Spector,1983-05-20,chaim.spector@gmail.com,051-3970963,Herzeliya
406607743,Dana,,Mizrachi,2007-10-28,dana.mizrachi@hotmail.com,055-6139691,Eilat
193993598,Roni,,Zamir,1955-01-26,roni.zamir@gmail.com,055-7227966,Nahariya
295124505,David,,Eitan,1983-10-04,david.eitan@gmail.com,053-7173054,Nahariya
227413900,Tamar,,Zamir,1982-11-19,tamar.zamir@gmail.com,054-4278491,Jerusalem
423193523,Roni,,Melamed,1989-05-19,roni.melamed@teva.com,050-8596810,Nahariya
543078754,Ofek,,Tzur,1988-04-04,ofek.tzur@gmail.com,050-1503109,Eilat
793225528,Dorit,Sarah,Shamir,1976-07-27,dorit.shamir@gmail.com,052-3017414,Beer-Sheva
495523897,Agam,,Tamir,1958-07-25,agam.tamir@gmail.com,055-3624265,Jerusalem
489497809,Limor,,Vaknin,1992-09-21,limor.vaknin@walla.co.il,058-8728502,Petah-Tikva
386752725,Dorit,,Koren,1963-11-07,dorit.koren@gmail.com,051-9341968,Jerusalem
826606951,David,,Tal,1937-01-23,david.tal@gmail.com,052-4734010,Ashdod
596926738,Rotem,,Hadad,1972-08-14,rotem.hadad@teva.com,055-7823925,Jerusalem
309357320,Stav,Ben,Cohen,1950-08-09,stav.cohen@checkpoints.com,050-6991310,Haifa
973673014,Hadar,Michael,Dotan,1979-05-02,hadar.dotan@teva.com,058-1765549,Tel Aviv - Yafo
127184180,Adam,,Kramer,1992-07-19,adam.kramer@teva.com,052-2102474,Petah-Tikva
309237446,Itai,Michael,Lazar,1988-03-12,itai.lazar@hotmail.com,051-4651002,Rehovot
668102406,Tali,Bat,Tal,2005-05-21,tali.tal@gmail.com,051-4323828,Rehovot
874002333,David,,Gal,1956-11-22,david.gal@teva.com,057-5129397,Herzeliya
237246233,Eden,,Deutsch,1976-12-06,eden.deutsch@checkpoints.com,053-4936459,Haifa
281436558,Adam,,Gur,1968-10-25,adam.gur@gmail.com,059-4189417,Eilat
747884807,Roni,Michael,Golan,1966-01-14,roni.golan@teva.com,053-6939785,Jerusalem
238730296,Gil,,Lazar,1963-01-09,gil.lazar@gmail.com,050-8877614,Rehovot
198395588,Israel,,Tamir,2004-06-12,israel.tamir@hotmail.com,052-7527846,Nahariya
270075251,Guy,Ben,Berger,1964-06-13,guy.berger@gmail.com,052-7650920,Beer-Sheva
480341647,Ronit,,Tamir,1958-06-13,ronit.tamir@teva.com,058-4068301,Beer-Sheva
629349488,Osnat,,Yadin,1945-01-24,osnat.yadin@checkpoints.com,054-9961254,Petah-Tikva
936821442,Yuval,,Kramer,1968-10-28,yuval.kramer@checkpoints.com,054-3198220,Haifa
325292708,Niv,,Tal,1995-10-29,niv.tal@gmail.com,058-1283322,Beer-Sheva
910010768,Roni,,Marciano,1994-09-20,roni.marciano@gmail.com,058-3588439,Haifa
291811319,Agam,,Silberman,1974-09-16,agam.silberman@gmail.com,059-6662878,Jerusalem
498992396,Sigal,,Avraham,1986-10-20,sigal.avraham@checkpoints.com,057-5104413,Beer-Sheva
795520875,David,Yosef,Dotan,1947-03-14,david.dotan@checkpoints.com,057-5626815,Beer-Sheva
988707281,Sarah,,Cohen,1980-04-01,sarah.cohen@gmail.com,058-6115213,Beer-Sheva
801369402,Rami,Leah,Rubin,2002-02-05,rami.rubin@gmail.com,056-3927872,Rehovot
812932571,Yuval,, Dayan,1943-12-06,yuval. dayan@walla.co.il,055-7477956,Beer-Sheva
436973436,Agam,,Vaknin,2004-06-29,agam.vaknin@gmail.com,055-5218246,Nahariya
178084087,Idan,,Yadin,1975-06-29,idan.yadin@gmail.com,056-5490726,Beer-Sheva
183207652,Ilan,,Netanyahu,1977-10-31,ilan.netanyahu@gmail.com,056-5557013,Tel Aviv - Yafo
711576973,Osnat,,Azoulay,1974-10-21,osnat.azoulay@hotmail.com,053-6386166,Ashdod
687467504,Nir,,Silberman,2003-02-18,nir.silberman@walla.co.il,050-3299952,Tel Aviv - Yafo
372323413,Tomers,,Spector,1948-09-21,tomers.spector@gmail.com,051-9323687,Beer-Sheva
245980840,Agam,Michael,Tzur,2001-12-16,agam.tzur@gmail.com,059-5087783,Rehovot
766046560,Yuval,,Heller,1950-06-19,yuval.heller@walla.co.il,056-1609611,Nahariya
661803025,Ron,Yosef,Barkat,1964-07-10,ron.barkat@walla.co.il,053-2340548,Nahariya
927308670,Amit,,Hadad,1973-08-07,amit.hadad@teva.com,050-8723932,Herzeliya
846736837,Yaron,,Peles,1965-11-27,yaron.peles@teva.com,058-8052413,Herzeliya
510417670,Anat,,Aharon,1962-07-22,anat.aharon@teva.com,059-6618205,Haifa
350369606,Itai,Ben,Klein,1955-12-14,itai.klein@gmail.com,055-1394582,Herzeliya
622149860,Neta,,Gabay,1958-01-08,neta.gabay@teva.com,057-5766279,Ashdod
107395571,Sapir,Yosef,Avraham,1958-03-07,sapir.avraham@walla.co.il,056-6136686,Petah-Tikva
684926787,Osnat,,Olmert,1972-07-25,osnat.olmert@gmail.com,059-8513274,Nahariya
583332987,Avigail,,Azoulay,1990-06-22,avigail.azoulay@walla.co.il,055-8157670,Tel Aviv - Yafo
375878162,Anat,Bat,Biton,1976-11-11,anat.biton@gmail.com,053-8889649,Jerusalem
392486848,Ilan,,Lazar,1966-11-14,ilan.lazar@walla.co.il,051-2843983,Nahariya
798011488,Hila,,Grosman,1974-06-06,hila.grosman@gmail.com,055-4454238,Tel Aviv - Yafo
108543799,Idan,,Deutsch,1994-01-16,idan.deutsch@hotmail.com,052-8762357,Rehovot
824154194,Roy,,Lazar,2001-07-03,roy.lazar@checkpoints.com,055-5865071,Eilat
766541261,Rami,,Ramon,1953-08-27,rami.ramon@walla.co.il,055-5726023,Rehovot
805941341,Mor,,Saban,1978-11-22,mor.saban@checkpoints.com,054-5901629,Jerusalem
430059164,Shir,,Turgeman,1937-07-04,shir.turgeman@gmail.com,059-3035282,Rehovot
752256234,Rachel,,Eshkol,1985-05-06,rachel.eshkol@gmail.com,059-8564685,Petah-Tikva
343111206,Yaron,,Gabay,1984-11-12,yaron.gabay@gmail.com,058-3874563,Haifa
341085939,Israel,,Peled,1970-11-04,israel.peled@gmail.com,059-9003202,Jerusalem
718066721,Osnat,,Dotan,1961-09-01,osnat.dotan@hotmail.com,054-2673677,Jerusalem
916310947,Yaron,Leah,fuchs,1992-12-25,yaron.fuchs@gmail.com,057-1727321,Ashdod
450924046,Yael,,Navon,1982-10-12,yael.navon@teva.com,056-7216697,Herzeliya
607469315,Motti,,Hadad,1997-04-05,motti.hadad@gmail.com,053-1170467,Tel Aviv - Yafo
426832697,Neta,Sarah,Agbaria,1988-06-27,neta.agbaria@hotmail.com,050-1459457,Haifa
891666319,Hila,Ben,David,1990-03-25,hila.david@teva.com,057-6592155,Rehovot
482508755,Zohar,,Eshkol,1991-06-17,zohar.eshkol@gmail.com,059-6660327,Ashdod
102487676,Rami,,Spector,2001-06-16,rami.spector@hotmail.com,059-4664158,Beer-Sheva
303101025,Leah,,Yarkoni,1973-09-25,leah.yarkoni@gmail.com,051-2215995,Jerusalem
682010754,Gadi,Bat,Deutsch,1981-12-03,gadi.deutsch@gmail.com,053-7834965,Haifa
309275290,Avigail,,Blau,1984-09-30,avigail.blau@walla.co.il,053-2808272,Tel Aviv - Yafo
423473126,Gil,,Tzur,1956-07-19,gil.tzur@walla.co.il,058-7647888,Eilat
992488956,David,,Biton,1950-02-12,david.biton@gmail.com,052-5707347,Rehovot
908810245,Motti,,Avraham,1949-11-16,motti.avraham@gmail.com,057-8351007,Petah-Tikva
169161097,Stav,,Sarusi,2005-03-01,stav.sarusi@gmail.com,053-6344163,Tel Aviv - Yafo
266607966,Gil,,Dotan,1975-08-23,gil.dotan@gmail.com,052-3717691,Eilat
754447733,Maya,,Lazar,1992-04-12,maya.lazar@walla.co.il,055-3675681,Jerusalem
315867040,Ariel,,Navon,1952-08-02,ariel.navon@checkpoints.com,053-1156351,Haifa
117439414,Ariel,,Weiss,1998-11-11,ariel.weiss@gmail.com,053-1167114,Jerusalem
123586421,Ofek,,Stern,1966-07-04,ofek.stern@walla.co.il,051-3061177,Rehovot
111495657,Hadar,Yosef,Lazar,1953-11-02,hadar.lazar@hotmail.com,055-6287988,Jerusalem
903580651,Shalom,,Golan,1975-04-28,shalom.golan@gmail.com,050-2312681,Haifa
347852194,Linoy,,Sela,1985-05-11,linoy.sela@checkpoints.com,057-3862651,Jerusalem
131185099,Niv,,Gabay,1937-06-11,niv.gabay@gmail.com,050-3131642,Eilat
417833070,Shani,,Agbaria,1936-10-20,shani.agbaria@hotmail.com,050-2524494,Ashdod
870623786,Eitan,,Shapira,1996-08-27,eitan.shapira@gmail.com,050-7262932,Tel Aviv - Yafo
571744824,Eden,,Hoffman,1985-04-20,eden.hoffman@teva.com,058-8760635,Beer-Sheva
993027901,Ron,,Porat,1964-02-09,ron.porat@gmail.com,054-7944424,Beer-Sheva
153736958,Lihi,,Feldman,1988-02-18,lihi.feldman@hotmail.com,057-3585136,Ashdod
775300186,Omer,,Schwartz,2002-10-13,omer.schwartz@gmail.com,052-6312637,Nahariya
143060532,Motti,,Tal,1973-03-02,motti.tal@checkpoints.com,058-5726937,Petah-Tikva
644530162,Eden,Bat,Rabin,1964-12-24,eden.rabin1@gmail.com,053-8572723,Nahariya
926159475,Shlomo,Ben,Zamir,2000-10-27,shlomo.zamir@gmail.com,051-9907289,Ashdod
651380104,Yaakov,,Eitan,1946-10-11,yaakov.eitan@hotmail.com,056-1838804,Beer-Sheva
587923963,Israel,,Shaham,2005-04-19,israel.shaham@checkpoints.com,053-3534208,Herzeliya
211206375,Kobi,,Oz,1946-03-26,kobi.oz@gmail.com,052-6340849,Beer-Sheva
630419606,Ori,,Golan,1964-05-16,ori.golan@walla.co.il,054-5190501,Jerusalem
698671532,Shani,,Zamir,1976-03-04,shani.zamir@checkpoints.com,054-3510769,Haifa
221318733,Neta,,Golan,1979-10-12,neta.golan@teva.com,054-7417287,Jerusalem
309700414,Linoy,Sarah,Rabin,1990-12-29,linoy.rabin@gmail.com,054-5939676,Petah-Tikva
575472865,Yosef,,Aharon,1962-01-04,yosef.aharon@walla.co.il,058-6546440,Tel Aviv - Yafo
390943365,Stav,,Mizrachi,2007-08-10,stav.mizrachi@checkpoints.com,055-7333787,Eilat
436319356,Alon,,Nir,1985-06-11,alon.nir@hotmail.com,052-7664932,Rehovot
781461885,Limor,,Liberman,1954-11-28,limor.liberman@teva.com,055-7947694,Jerusalem
387770819,Amit,,fuchs,1965-12-29,amit.fuchs@gmail.com,052-3684656,Herzeliya
709067946,Adam,,Mizrachi,1972-09-14,adam.mizrachi@gmail.com,058-2404503,Haifa
969216778,Roni,Michael,Grosman,1957-02-25,roni.grosman@teva.com,052-3531839,Nahariya
406915716,David,,Malka,1939-07-31,david.malka@walla.co.il,053-1705339,Haifa
735024208,Adi,,Melamed,1945-08-19,adi.melamed@hotmail.com,056-4902235,Rehovot
265538050,Ronit,,Hoffman,1952-09-10,ronit.hoffman@teva.com,054-4017976,Tel Aviv - Yafo
563281431,Neta,,Malka,1985-04-12,neta.malka@hotmail.com,058-1454123,Eilat
214857250,Ofek,,Koren,2004-11-26,ofek.koren@gmail.com,054-9966292,Jerusalem
856314186,Eitan,,Agbaria,2001-01-09,eitan.agbaria@gmail.com,052-2583118,Haifa
939785263,Shlomo,,Deutsch,1962-08-28,shlomo.deutsch@teva.com,051-7249336,Eilat
264984400,Mor,,Lavi,1963-09-21,mor.lavi@walla.co.il,054-1141534,Beer-Sheva
919883399,Motti,,Omer,1985-01-06,motti.omer@hotmail.com,058-1981259,Rehovot
432112514,Avigail,,Sharon,1948-02-03,avigail.sharon@gmail.com,050-7514041,Haifa
663088897,Ben,,Saban,1961-10-24,ben.saban@gmail.com,056-7739854,Petah-Tikva
528740584,Kim,,Aharon,1997-11-17,kim.aharon@hotmail.com,056-3169313,Jerusalem
418036205,Limor,Bat,Zamir,1944-05-26,limor.zamir@walla.co.il,052-4003888,Beer-Sheva
307562816,Amit,,Mizrachi,2002-10-18,amit.mizrachi@gmail.com,054-3736282,Nahariya
371587583,Shahar,,Barkat,1998-06-01,shahar.barkat@gmail.com,057-9574497,Nahariya
929450102,Sivan,,Omer,1953-05-11,sivan.omer@walla.co.il,052-7815765,Nahariya
754349393,Dudi,,Ben-Ari,1946-07-28,dudi.ben-ari@hotmail.com,051-3699179,Eilat
849803546,Guy,,Omer,2006-09-30,guy.omer@gmail.com,053-8247606,Rehovot
540042312,Yosef,,Rabin,1993-06-14,yosef.rabin@teva.com,050-2046696,Tel Aviv - Yafo
473485551,Guy,,Peres,1978-05-01,guy.peres@gmail.com,058-7644275,Jerusalem
203467018,Avraham,,Rubin,1979-03-25,avraham.rubin@checkpoints.com,052-5532411,Jerusalem
668503514,Sarah,,Tamir,1976-08-29,sarah.tamir@hotmail.com,052-8011699,Nahariya
283519753,Limor,,Lapid,1953-09-04,limor.lapid@gmail.com,050-8568233,Rehovot
591117310,Coral,,Spector,1988-02-27,coral.spector@gmail.com,058-4469681,Eilat
754353069,Lihi,,Bareket,1990-03-31,lihi.bareket@gmail.com,057-7836867,Beer-Sheva
642946343,Roni,Leah,Gur,1959-11-17,roni.gur@checkpoints.com,056-3970123,Rehovot
588419169,Ori,,Saban,1981-03-13,ori.saban@checkpoints.com,051-1013765,Beer-Sheva
303873421,Adam,,Tzur,1994-06-18,adam.tzur@gmail.com,053-3556085,Beer-Sheva
822657135,Lior,,Bar-On,1988-06-15,lior.bar-on@gmail.com,052-8735749,Nahariya
860474498,May,,Rabin,2006-10-04,may.rabin@walla.co.il,057-9271307,Rehovot
279366591,Avraham,,Gur,1960-03-31,avraham.gur@hotmail.com,051-5469467,Jerusalem
927129671,Shlomo,Sarah,Oz,1968-08-24,shlomo.oz@walla.co.il,051-8728329,Eilat
846028910,David,,Silberman,1970-12-11,david.silberman@hotmail.com,058-5143130,Eilat
843865897,Yael,,Goldberg,1992-07-18,yael.goldberg@teva.com,050-3527911,Rehovot
504661498,Dana,,Yarkoni,1972-09-18,dana.yarkoni@hotmail.com,056-3865798,Nahariya
479999237,Yaron,Yosef,Yosef,1990-03-21,yaron.yosef@gmail.com,059-9509903,Nahariya
746761915,Tamar,,Livne,1951-06-08,tamar.livne@gmail.com,057-5997287,Haifa
722052543,Roni,,Mizrachi,1952-03-31,roni.mizrachi@walla.co.il,052-7912309,Rehovot
733792928,Yael,,Agbaria,1957-01-11,yael.agbaria@hotmail.com,056-9127407,Tel Aviv - Yafo
703910915,Avraham,,Tamir,1967-07-05,avraham.tamir@gmail.com,057-5276681,Eilat
477896277,Dorit,,Oz,1983-01-13,dorit.oz@walla.co.il,054-2262786,Eilat
307813331,Roni,,Arad,1998-06-09,roni.arad@walla.co.il,057-5069009,Petah-Tikva
592134043,Oren,,Yadin,1972-10-07,oren.yadin@teva.com,059-9999882,Eilat
110604622,Roni,,Segal,1962-05-09,roni.segal@checkpoints.com,056-1166308,Herzeliya
283503929,Itai,,Biton,1996-01-06,itai.biton@walla.co.il,050-7655649,Rehovot
411254113,Gadi,,Harel,2006-11-29,gadi.harel@checkpoints.com,058-4005495,Petah-Tikva
674066705,Rivka,,Silberman,1939-06-09,rivka.silberman@gmail.com,050-4186897,Tel Aviv - Yafo
454205969,Ben,,Aharon,1960-01-05,ben.aharon@hotmail.com,053-8947817,Petah-Tikva
994864548,Kim,,David,1971-03-19,kim.david@checkpoints.com,053-1244425,Haifa
580046546,Dana,Bat,Levi,2004-05-31,dana.levi@teva.com,055-7549444,Rehovot
209331091,Kobi,,Lapid,1950-08-31,kobi.lapid@gmail.com,050-6996787,Rehovot
414374261,Noam,,Shani,1957-10-25,noam.shani@gmail.com,057-5935684,Rehovot
790135801,Yitzhak,,Peretz,1990-03-24,yitzhak.peretz@walla.co.il,055-3061504,Tel Aviv - Yafo
347955119,Tamar,,Marciano,1985-12-02,tamar.marciano@gmail.com,059-1725880,Rehovot
619635172,Maya,,Livne,1970-09-05,maya.livne@hotmail.com,056-7278457,Haifa
756358865,Dudi,,Spector,1996-04-01,dudi.spector1@gmail.com,056-3990713,Haifa
294132566,Itai,Bat,Harel,1989-03-15,itai.harel@teva.com,054-8374875,Tel Aviv - Yafo
377690895,Nir,,Aharon,1973-08-26,nir.aharon@gmail.com,058-5841463,Herzeliya
499824326,Dudi,,Ben-David,1979-04-07,dudi.ben-david@gmail.com,051-4888291,Eilat
341832608,Adi,,Cohen,2001-03-11,adi.cohen@gmail.com,054-6587097,Herzeliya
334248982,Ori,,Segal,1955-01-26,ori.segal@gmail.com,050-5179822,Rehovot
237144535,Limor,,Zamir,2002-06-08,limor.zamir@teva.com,057-4973323,Haifa
780008564,Stav,,Harari,1939-03-28,stav.harari@gmail.com,058-5133583,Nahariya
727554783,Osnat,,Aharon,1977-06-20,osnat.aharon@gmail.com,055-2701262,Rehovot
224184852,Asaf,,Rubin,1953-05-13,asaf.rubin@gmail.com,057-2116693,Tel Aviv - Yafo
460764627,Israel,,Peles,2004-04-20,israel.peles@gmail.com,054-2556022,Petah-Tikva
581290660,Shani,,Aharon,1987-11-14,shani.aharon@checkpoints.com,055-4604147,Herzeliya
929333768,Omer,,Elbaz,1961-01-30,omer.elbaz@teva.com,054-2881312,Ashdod
227863848,Hila,,Sela,1957-04-19,hila.sela@walla.co.il,053-5361362,Petah-Tikva
747503441,Roy,,Biton,1964-09-21,roy.biton@hotmail.com,058-1508100,Jerusalem
309632760,Itai,,Peles,2001-01-27,itai.peles@checkpoints.com,051-4372878,Jerusalem
295657042,Gal,,Biton,1963-02-19,gal.biton@hotmail.com,052-2146175,Herzeliya
952984682,Idan,,Kramer,1990-12-03,idan.kramer@gmail.com,054-8294648,Haifa
439269877,Dorit,,Agbaria,1997-07-26,dorit.agbaria@walla.co.il,054-7855064,Herzeliya
993065687,Limor,,Barkat,1943-02-20,limor.barkat@gmail.com,057-9587550,Tel Aviv - Yafo
209013966,Eyal,,Ramon,1976-07-28,eyal.ramon@walla.co.il,057-4153974,Petah-Tikva
399806241,Neta,Yosef,Harari,1968-10-25,neta.harari@teva.com,056-3727728,Nahariya
433280484,Ofek,,Liberman,1996-04-13,ofek.liberman@hotmail.com,059-5310948,Rehovot
466634575,Israel,,Ben-Ari,1955-12-23,israel.ben-ari@checkpoints.com,050-1619602,Beer-Sheva
151780354,Shahar,,Gal,1965-07-01,shahar.gal@gmail.com,059-1284573,Eilat
351204629,Dorit,,Eshkol,1999-12-29,dorit.eshkol@teva.com,051-7871926,Eilat
411932065,Noa,,Segal,1973-07-22,noa.segal@gmail.com,058-9668834,Petah-Tikva
764918032,Coral,,Livne,1967-06-18,coral.livne@hotmail.com,055-8349098,Haifa
702412114,Dana,,Lapid,1979-01-20,dana.lapid@teva.com,059-6847354,Eilat
235740731,Oren,Sarah,Rabin,2003-12-05,oren.rabin@gmail.com,052-2198851,Ashdod
900144258,Motti,,Heller,1953-11-17,motti.heller@teva.com,051-3309534,Petah-Tikva
667812152,Lior,,Ronen,1967-12-30,lior.ronen@gmail.com,057-1241402,Herzeliya
905964314,Motti,,Peles,1984-12-19,motti.peles@gmail.com,051-5460657,Jerusalem
556827810,Nir,,Olmert,1961-08-09,nir.olmert@walla.co.il,058-2758439,Beer-Sheva
295662827,Eden,,Barkat,1989-09-13,eden.barkat@hotmail.com,058-6733093,Rehovot
675929413,David,Bat,Lapid,1953-10-30,david.lapid@walla.co.il,058-2338593,Petah-Tikva
461377871,Yaron,,Levi,2006-07-02,yaron.levi@teva.com,059-3800519,Beer-Sheva
578131746,Stav,Michael,Geva,1995-04-10,stav.geva@hotmail.com,056-8096065,Nahariya
323043927,Ofek,,Deutsch,1949-08-04,ofek.deutsch@gmail.com,058-1346743,Ashdod
441897555,Alon,,Hadad,2006-09-28,alon.hadad@teva.com,051-3044480,Nahariya
358912565,Motti,,Katz,1960-09-30,motti.katz@gmail.com,059-8957610,Petah-Tikva
244312092,Ronit,,Melamed,1986-09-13,ronit.melamed@teva.com,056-1709047,Nahariya
163426793,Meital,,Peles,1960-07-14,meital.peles@checkpoints.com,051-9427002,Beer-Sheva
145866491,Noa,Bat,Rubin,1981-09-05,noa.rubin@gmail.com,057-4465905,Rehovot
531705400,Ariel,Leah,Guttman,1977-04-02,ariel.guttman@hotmail.com,059-7726711,Nahariya
363438295,Roy,,Silberman,1953-01-11,roy.silberman@gmail.com,050-6601298,Eilat
445484075,Coral,Leah,Spector,1982-05-07,coral.spector1@walla.co.il,053-2441971,Herzeliya
514286093,Neta,,Eitan,1957-07-26,neta.eitan@gmail.com,055-6816951,Beer-Sheva
828901766,Avi,,Dahan,1962-12-14,avi.dahan@gmail.com,057-9156395,Haifa
590631012,David,,Shapira,1970-09-09,david.shapira@checkpoints.com,056-7876296,Tel Aviv - Yafo
468417378,Rachel,,Marciano,2001-02-27,rachel.marciano@walla.co.il,054-5302093,Beer-Sheva
977247301,Shir,,Nir,2005-05-25,shir.nir@gmail.com,059-8748174,Herzeliya
978466067,Orly,,Elbaz,1984-09-14,orly.elbaz@gmail.com,055-3087752,Tel Aviv - Yafo
245351271,Dan,Bat,Barkat,1964-11-16,dan.barkat@walla.co.il,053-8083687,Haifa
646652839,Ori,,Sarusi,1947-11-06,ori.sarusi@gmail.com,057-2947150,Eilat
910651266,Motti,, Dayan,1937-04-12,motti. dayan@gmail.com,050-7908210,Nahariya
956081237,Yaakov,,Kraus,1985-03-13,yaakov.kraus@teva.com,059-1060293,Nahariya
286509385,Idan,,Arad,1983-07-29,idan.arad@hotmail.com,058-8622639,Petah-Tikva
443491142,Coral,Leah,Goldberg,1987-04-05,coral.goldberg1@checkpoints.com,055-8611395,Haifa
311039652,Yosef,,Porat,1958-12-09,yosef.porat@hotmail.com,051-2772652,Rehovot
993461003,Tamar,,Lapid,2005-05-20,tamar.lapid@gmail.com,054-4494099,Nahariya
641033587,May,,Navon,1963-01-10,may.navon@walla.co.il,053-8883501,Ashdod
799971837,Kim,,Silberman,1988-07-29,kim.silberman@teva.com,053-4597858,Rehovot
404904755,May,,Frank,1986-01-03,may.frank@gmail.com,053-1141410,Nahariya
113374929,Eli,,Omer,1977-03-19,eli.omer@gmail.com,058-8031853,Tel Aviv - Yafo
474393181,Leah,,Segal,1985-01-11,leah.segal@gmail.com,052-4903114,Beer-Sheva
756285072,Yitzhak,,Begin,1968-02-22,yitzhak.begin@walla.co.il,052-1122856,Petah-Tikva
913855409,Maya,Leah,Agbaria,1946-08-14,maya.agbaria@walla.co.il,059-5565271,Beer-Sheva
163884670,Eli,,Kramer,1980-10-05,eli.kramer@gmail.com,052-3419247,Petah-Tikva
684100671,Stav,,Peretz,1942-07-24,stav.peretz@hotmail.com,057-3533751,Rehovot
374619476,Yaron,,Hoffman,1992-08-12,yaron.hoffman@gmail.com,051-9321648,Petah-Tikva
951961446,Omer,,Zamir,1984-10-03,omer.zamir@checkpoints.com,053-3892246,Rehovot
207029277,Ori,,Dotan,2003-11-26,ori.dotan@gmail.com,053-6125083,Rehovot
330975006,Israel,Sarah,Frank,1972-09-14,israel.frank@walla.co.il,052-1941043,Haifa
936483568,Yitzhak,,Biton,1938-08-10,yitzhak.biton@checkpoints.com,053-7558611,Rehovot
311091070,Bar,,Lavi,2007-08-22,bar.lavi@gmail.com,057-8982533,Nahariya
436068827,David,Bat,Friedman,1996-04-13,david.friedman@gmail.com,059-1206766,Tel Aviv - Yafo
957415121,Stav,,Barkat,2000-07-04,stav.barkat@gmail.com,050-8574426,Haifa
272064671,Michael,,David,1974-05-20,michael.david@hotmail.com,050-9544906,Ashdod
219141685,Ilan,,Segal,2002-05-25,ilan.segal@walla.co.il,050-8630079,Petah-Tikva
428987253,Rachel,Bat,Hoffman,1988-04-18,rachel.hoffman@checkpoints.com,054-5918001,Haifa
297211078,Inbal,Yosef,Klein,2007-02-25,inbal.klein@gmail.com,055-4038080,Jerusalem
731052193,Tamar,Leah,Sharon,1948-12-07,tamar.sharon@teva.com,050-5556644,Petah-Tikva
896617454,Rotem,,Frank,1974-10-25,rotem.frank@hotmail.com,050-4493756,Haifa
551686952,Ronit,,Yadin,2000-01-25,ronit.yadin@gmail.com,052-8890740,Rehovot
184721244,Sigal,,Heller,1981-08-11,sigal.heller@teva.com,058-1404438,Haifa
390284374,Tal,,Tal,1960-01-31,tal.tal@gmail.com,051-7413341,Tel Aviv - Yafo
241103890,Ori,,David,1998-08-17,ori.david@gmail.com,058-2525364,Haifa
913303658,Sivan,,Asulin,1960-06-16,sivan.asulin@walla.co.il,054-9035774,Eilat
559518421,Eyal,,Bareket,1989-05-06,eyal.bareket@walla.co.il,056-1986289,Tel Aviv - Yafo
637085539,Zohar,,Gabay,1985-04-25,zohar.gabay@gmail.com,058-4870860,Ashdod
981396409,Limor,,Shani,1957-11-19,limor.shani@gmail.com,059-1545746,Ashdod
413077261,Eli,Yosef,Ramon,1981-07-20,eli.ramon@gmail.com,050-7772356,Nahariya
984634188,Noga,,Stern,1943-01-04,noga.stern@teva.com,052-4311495,Herzeliya
347455860,Maya,,Lavi,1969-04-28,maya.lavi@gmail.com,057-1655531,Eilat
269350920,Itai,,Ben-David,1961-03-08,itai.ben-david@walla.co.il,055-5602343,Rehovot
301317633,Omer,,Ben-Gurion,1993-06-12,omer.ben-gurion@gmail.com,052-4343730,Ashdod
836929662,Kim,,Klein,1976-04-20,kim.klein@gmail.com,050-4491964,Jerusalem
102124225,Shalom,Sarah,Mizrachi,1974-09-20,shalom.mizrachi@gmail.com,054-7766353,Ashdod
356917100,Kobi,,Omer,2008-03-25,kobi.omer@hotmail.com,058-2509635,Beer-Sheva
370714544,Itai,,Green,2006-06-16,itai.green@hotmail.com,051-7450555,Nahariya
908493840,Linoy,,Yadin,1987-06-11,linoy.yadin@gmail.com,057-4381305,Ashdod
896893126,Motti,,Bareket,1939-02-26,motti.bareket@hotmail.com,057-1750435,Rehovot
109563155,Lior,,Shamir,1959-10-16,lior.shamir@checkpoints.com,051-8134635,Ashdod
377039590,Lihi,Ben,Saban,1954-12-31,lihi.saban@checkpoints.com,059-9641104,Petah-Tikva
203917887,Eden,,Saban,2001-02-18,eden.saban@gmail.com,058-2428797,Herzeliya
199285593,Limor,,Harel,1975-05-25,limor.harel@teva.com,054-6531885,Eilat
251957685,May,,Geva,1980-10-22,may.geva@gmail.com,050-4172782,Petah-Tikva
964276116,Osnat,Bat,Levi,1979-06-22,osnat.levi@checkpoints.com,053-5659604,Rehovot
563794658,Hadar,,Klein,1999-12-19,hadar.klein@gmail.com,058-3314386,Petah-Tikva
858426762,Noga,,Lavi,1946-09-30,noga.lavi@hotmail.com,052-3311443,Jerusalem
410296315,Avraham,,Levine,1973-06-13,avraham.levine@gmail.com,050-9906662,Herzeliya
637726803,Chaim,,Harari,1979-05-26,chaim.harari@gmail.com,057-4815164,Herzeliya
338659718,Tal,Michael,Blau,2000-09-16,tal.blau@gmail.com,059-2588823,Eilat
249775416,Gadi,,Yarkoni,1959-04-14,gadi.yarkoni@gmail.com,056-2165065,Haifa
944285110,Tali,,Rubin,2006-12-05,tali.rubin@gmail.com,056-2919686,Tel Aviv - Yafo
165318142,Stav,,Harel,2003-07-26,stav.harel@gmail.com,056-7851790,Tel Aviv - Yafo
157748100,Daniel,,Hadad,1961-09-01,daniel.hadad@gmail.com,057-2454012,Tel Aviv - Yafo
196348005,Eden,,Peres,1990-07-18,eden.peres@gmail.com,059-8167490,Beer-Sheva
476719621,Michael,Michael,Hadad,1960-10-09,michael.hadad@teva.com,055-1193413,Ashdod
889660383,Gal,,Spector,1988-05-27,gal.spector@checkpoints.com,054-6235440,Rehovot
254969471,Hadar,,Kraus,1951-08-27,hadar.kraus@gmail.com,056-1422000,Beer-Sheva
767909542,Michael,,Weiss,1975-09-14,michael.weiss@walla.co.il,053-6186301,Ashdod
674192091,Tomers,,Shapira,1940-08-19,tomers.shapira@gmail.com,052-8698180,Haifa
523313146,Rotem,,Cohen,1971-01-02,rotem.cohen@teva.com,056-6890185,Rehovot
263898908,Yosef,,Vaknin,1952-10-13,yosef.vaknin@walla.co.il,056-8415493,Eilat
389440522,Eli,,Marciano,2001-04-23,eli.marciano@teva.com,052-2008134,Jerusalem
488271081,Moshe,,Biton,1998-10-08,moshe.biton@checkpoints.com,058-6088664,Eilat
707335545,Ben,,Elbaz,1997-04-08,ben.elbaz@gmail.com,055-5561309,Jerusalem
893410057,Coral,,Berger,1998-08-16,coral.berger@gmail.com,051-6641815,Rehovot
275693103,Hila,,Turgeman,1993-02-04,hila.turgeman@gmail.com,056-5637428,Petah-Tikva
790220666,Michael,Leah,Netanyahu,1944-10-24,michael.netanyahu@hotmail.com,057-4281032,Eilat
691021047,Daniel,Bat,Peles,2008-04-22,daniel.peles@checkpoints.com,056-4917508,Petah-Tikva
408701001,Asaf,,Arad,1943-07-31,asaf.arad@gmail.com,058-9670753,Petah-Tikva
729949812,Dor,Yosef,Dotan,1972-03-08,dor.dotan@gmail.com,050-6827007,Beer-Sheva
976773205,Noam,,Dahan,1994-02-02,noam.dahan@checkpoints.com,055-6217749,Jerusalem
804923873,Kim,Leah,Vaknin,1991-10-21,kim.vaknin@gmail.com,050-2987493,Rehovot
154715416,Avigail,,Ben-Ari,1961-03-05,avigail.ben-ari@walla.co.il,050-5021791,Ashdod
316514058,Ori,,Gal,1955-05-27,ori.gal@hotmail.com,059-1830449,Beer-Sheva
196062787,Maya,,Biton,1989-09-15,maya.biton@gmail.com,057-2959183,Jerusalem
206194604,Kobi,,Heller,1958-10-06,kobi.heller@walla.co.il,050-2760974,Rehovot
267061425,May,,Silberman,1953-03-12,may.silberman@checkpoints.com,050-9511530,Petah-Tikva
205787377,Motti,,Porat,1951-06-19,motti.porat@walla.co.il,058-6513945,Herzeliya
110120646,Tali,Yosef,Ohayon,1977-12-19,tali.ohayon@gmail.com,055-9893755,Haifa
858242981,Itai,,Mizrachi,1993-08-07,itai.mizrachi@hotmail.com,058-8443053,Eilat
899591245,Avraham,Yosef,Frank,1954-10-26,avraham.frank@checkpoints.com,050-4803354,Ashdod
220206586,Dor,,David,1958-12-18,dor.david@teva.com,058-2863415,Nahariya
826757971,Dudi,,Olmert,1974-01-24,dudi.olmert@gmail.com,057-9227714,Beer-Sheva
674960654,Guy,,Shaham,1988-03-12,guy.shaham@gmail.com,057-8033433,Eilat
213862140,Avraham,,Zamir,1959-06-16,avraham.zamir@gmail.com,058-7146104,Herzeliya
599850534,Asaf,Leah,Biton,1985-06-27,asaf.biton@teva.com,054-4257374,Haifa
329015470,Erez,,Zamir,1997-08-18,erez.zamir@walla.co.il,059-1638397,Rehovot
478399041,Shani,,Sarusi,1966-03-05,shani.sarusi@gmail.com,056-8423649,Herzeliya
171181802,Mor,,Oz,1986-06-22,mor.oz@hotmail.com,055-3382994,Beer-Sheva
445588170,Shalom,Yosef,Rabin,1981-10-12,shalom.rabin@checkpoints.com,052-7516190,Beer-Sheva
104737159,Ben,,Levi,1975-11-18,ben.levi@gmail.com,058-5328985,Haifa
402869605,Niv,,Yarkoni,1998-06-10,niv.yarkoni@hotmail.com,058-4726746,Nahariya
247052758,Noa,,Lavi,1963-05-16,noa.lavi@gmail.com,053-1395692,Tel Aviv - Yafo
423655601,Ori,,Rabin,2001-11-03,ori.rabin@checkpoints.com,050-6308190,Jerusalem
150305579,Omer,,Yosef,2002-02-20,omer.yosef@walla.co.il,057-7119127,Eilat
952752789,Rachel,, Dayan,1953-05-29,rachel. dayan@checkpoints.com,055-4903597,Petah-Tikva
690504980,Michael,Ben,Azoulay,1997-11-26,michael.azoulay@checkpoints.com,054-9366276,Rehovot
378718330,Noga,,Levine,1956-01-12,noga.levine@checkpoints.com,056-3051509,Herzeliya
607298616,Rachel,,Tamir,1941-09-29,rachel.tamir@checkpoints.com,051-3295387,Eilat
499556522,May,,Ramon,1999-09-13,may.ramon@gmail.com,055-5355320,Haifa
888504451,Lihi,,Mizrachi,1937-12-13,lihi.mizrachi@gmail.com,056-7204411,Petah-Tikva
554033342,Noga,,Heller,2005-03-30,noga.heller1@gmail.com,051-8407861,Beer-Sheva
129330836,Shani,Sarah,Liberman,1966-12-02,shani.liberman@gmail.com,055-7447049,Petah-Tikva
910351552,Sigal,,Kramer,1951-01-03,sigal.kramer@checkpoints.com,053-9072431,Tel Aviv - Yafo
332479101,Noam,,Shaham,1988-01-21,noam.shaham@hotmail.com,050-4115736,Ashdod
418371805,Shlomo,,Elbaz,1979-06-09,shlomo.elbaz@teva.com,057-4037815,Rehovot
378700607,Noga,,Sharon,1961-02-26,noga.sharon@walla.co.il,052-8564314,Haifa
581782458,Dor,,Lazar,2007-08-11,dor.lazar@walla.co.il,056-4470776,Haifa
613500698,Chaim,,Eshkol,1978-03-09,chaim.eshkol@gmail.com,058-7725763,Ashdod
234626127,Niv,,Peles,1963-04-28,niv.peles@checkpoints.com,057-1874398,Rehovot
821363297,Meital,,Peretz,1962-02-24,meital.peretz@hotmail.com,056-4921774,Haifa
161777067,Meital,,Weiss,1938-10-15,meital.weiss@gmail.com,054-1101106,Herzeliya
946330579,David,,Nir,1954-05-07,david.nir@checkpoints.com,052-8956852,Jerusalem
720311933,Dor,Michael,Peres,1955-01-18,dor.peres@checkpoints.com,057-8198504,Petah-Tikva
933773051,Moshe,,Melamed,1949-08-29,moshe.melamed@teva.com,055-7903721,Ashdod
162033292,Linoy,,Frank,1966-12-18,linoy.frank@walla.co.il,055-6775756,Petah-Tikva
129658094,Sarah,,Peles,1992-04-20,sarah.peles@walla.co.il,053-7751842,Haifa
589026761,Agam,,Liberman,1945-03-07,agam.liberman@gmail.com,052-3470026,Ashdod
210904055,Ori,Yosef,Olmert,1975-04-02,ori.olmert@teva.com,057-8145858,Nahariya
229592059,Dan,,David,2003-05-27,dan.david@checkpoints.com,054-3644334,Nahariya
998882657,Gadi,,Green,1987-08-29,gadi.green@gmail.com,055-3948116,Beer-Sheva
997160365,Gal,Sarah,Sela,1992-06-16,gal.sela@gmail.com,050-4022966,Rehovot
710571363,Gadi,Michael,Levi,1991-12-29,gadi.levi1@teva.com,056-5506991,Ashdod
989944350,Shlomo,,Friedman,2006-04-07,shlomo.friedman@checkpoints.com,051-8559426,Ashdod
915478157,Yosef,,Barkat,2001-04-27,yosef.barkat@walla.co.il,053-8476736,Tel Aviv - Yafo
467685023,Dorit,,Levi,1982-05-29,dorit.levi@hotmail.com,053-4501045,Haifa
221475051,Hadar,,Shapira,1938-05-01,hadar.shapira@walla.co.il,056-5054482,Eilat
105722375,Lior,,Ben-David,2005-08-13,lior.ben-david@teva.com,056-6454212,Petah-Tikva
165353918,Eitan,,Goldberg,1953-07-24,eitan.goldberg@checkpoints.com,058-6453433,Beer-Sheva
341448388,Yosef,,Heller,1940-07-09,yosef.heller@walla.co.il,052-2459729,Haifa
714815898,Itai,,Altman,1950-01-08,itai.altman@gmail.com,054-8201418,Tel Aviv - Yafo
234688718,Mor,,Ben-Gurion,1973-01-31,mor.ben-gurion@teva.com,055-3879733,Ashdod
278460662,Gadi,,Porat,1990-02-08,gadi.porat@hotmail.com,057-5442187,Nahariya
586022322,Eden,,Cohen,1959-07-16,eden.cohen@walla.co.il,054-1046795,Rehovot
903356114,Nir,,Feldman,2006-08-02,nir.feldman@gmail.com,050-1171623,Beer-Sheva
706712173,Tomers,Bat,Gal,1939-04-22,tomers.gal@gmail.com,055-6021304,Jerusalem
765394079,Yitzhak,,Vaknin,1957-03-06,yitzhak.vaknin@gmail.com,059-4777735,Haifa
286093591,Avraham,,Segal,2002-07-02,avraham.segal@gmail.com,052-7278697,Herzeliya
883171617,Ofek,,Schwartz,1937-02-06,ofek.schwartz@teva.com,050-4792260,Rehovot
405841449,Meital,,Liberman,1940-10-17,meital.liberman@checkpoints.com,053-4233776,Haifa
735757701,Gal,Sarah,Hadad,2006-02-21,gal.hadad@gmail.com,059-4867004,Beer-Sheva
235641085,Tamar,,Sharon,1994-01-10,tamar.sharon@hotmail.com,050-8454637,Herzeliya
906763267,Dudi,,Zilber,1953-08-26,dudi.zilber@hotmail.com,059-3246423,Tel Aviv - Yafo
226598884,Omer,,Saban,1972-07-07,omer.saban@gmail.com,051-9071889,Ashdod
431775492,Kobi,,Deutsch,2002-08-26,kobi.deutsch@gmail.com,056-4057686,Nahariya
932014577,Tamar,Bat,Porat,1968-04-30,tamar.porat@gmail.com,059-2640625,Nahariya
242205389,Amit,,Zilber,1945-06-19,amit.zilber@gmail.com,051-9080202,Herzeliya
349236017,Eden,Yosef,Green,1983-12-12,eden.green@walla.co.il,055-3535788,Eilat
252328549,Sivan,,Peretz,1970-05-04,sivan.peretz@gmail.com,057-4834745,Tel Aviv - Yafo
104842001,Yaron,,Peled,1941-12-24,yaron.peled@hotmail.com,054-6291618,Haifa
390427960,Shalom,,Ronen,1999-01-13,shalom.ronen@gmail.com,055-4863318,Herzeliya
480776483,Moshe,Bat,Melamed,1943-12-16,moshe.melamed@checkpoints.com,052-2683887,Nahariya
787030766,Ori,,Elbaz,2004-02-08,ori.elbaz@hotmail.com,057-9138870,Nahariya
594990130,Orly,,Grosman,1954-03-20,orly.grosman@gmail.com,055-5216521,Haifa
445031986,Sivan,,Lavi,1955-07-16,sivan.lavi@gmail.com,050-6075294,Eilat
618727377,Nir,,Dahan,1951-08-26,nir.dahan@walla.co.il,059-4326490,Jerusalem
699351974,Mor,,Silberman,1953-02-18,mor.silberman@gmail.com,052-6709174,Ashdod
869241149,Lior,,Livne,1969-08-29,lior.livne@gmail.com,050-9720215,Herzeliya
783479418,Asaf,,Silberman,1960-12-12,asaf.silberman@gmail.com,058-3882262,Herzeliya
244929032,Yuval,Sarah,Golan,1984-08-28,yuval.golan@walla.co.il,057-3102676,Nahariya
936357521,Tomers,,Feldman,1989-02-02,tomers.feldman@checkpoints.com,055-7261796,Beer-Sheva
943677182,Motti,,Zilber,1994-04-08,motti.zilber@gmail.com,052-6878116,Tel Aviv - Yafo
912750574,Yael,,fuchs,1971-08-24,yael.fuchs@gmail.com,059-5227053,Haifa
793765080,Moshe,,Azoulay,1993-04-28,moshe.azoulay@checkpoints.com,052-5121891,Petah-Tikva
193619024,Noa,,Ramon,1955-03-30,noa.ramon@gmail.com,050-8004579,Rehovot
282794814,Meital,Yosef,Guttman,1972-10-12,meital.guttman@gmail.com,054-6749403,Tel Aviv - Yafo
723535243,Inbal,,Spector,2002-07-18,inbal.spector@walla.co.il,054-1659984,Tel Aviv - Yafo
870062349,Gil,Leah,Ben-Ari,1940-04-29,gil.ben-ari@gmail.com,059-4684377,Jerusalem
498074249,May,,Stern,1992-08-06,may.stern@gmail.com,052-5997574,Ashdod
200551789,Michael,,Peled,2008-01-06,michael.peled@teva.com,050-8044283,Tel Aviv - Yafo
667876929,Omer,,Heller,2005-03-10,omer.heller@gmail.com,056-5714172,Rehovot
219075046,Dorit,,Peres,2003-08-11,dorit.peres@walla.co.il,056-3177667,Rehovot
402129682,Niv,,Eshkol,1976-10-10,niv.eshkol@gmail.com,050-6462064,Jerusalem
196778194,Hadar,,Lazar,1988-07-13,hadar.lazar@teva.com,051-4449160,Jerusalem
762732952,Leah,,Asulin,1969-06-25,leah.asulin@gmail.com,052-4356275,Beer-Sheva
517781575,Tal,,Vaknin,1982-09-21,tal.vaknin@gmail.com,053-8713605,Haifa
661952340,Inbal,,Kramer,1941-01-23,inbal.kramer@gmail.com,056-4496845,Petah-Tikva
748975104,Shira,,Zamir,2004-06-30,shira.zamir@checkpoints.com,054-8190159,Beer-Sheva
608289487,Michal,Sarah,Schwartz,1968-12-07,michal.schwartz@gmail.com,051-9294894,Nahariya
848755841,Amit,,Dahan,1982-10-13,amit.dahan@hotmail.com,053-8470832,Petah-Tikva
386268916,Noga,Yosef,Gabay,1993-06-10,noga.gabay@gmail.com,054-6794019,Rehovot
938490142,Anat,,Stern,1973-08-29,anat.stern@hotmail.com,054-8526850,Nahariya
916962365,Moshe,,Segal,1982-03-18,moshe.segal@checkpoints.com,058-7202924,Jerusalem
709692055,Yaakov,,Vaknin,1993-01-06,yaakov.vaknin@gmail.com,058-8279188,Petah-Tikva
103449831,Dudi,,Schwartz,1978-04-13,dudi.schwartz@teva.com,055-9081732,Petah-Tikva
287240259,Michael,,Zilber,1987-07-02,michael.zilber@gmail.com,059-1268493,Tel Aviv - Yafo
183378822,Leah,,Bareket,1981-03-12,leah.bareket@walla.co.il,056-2574763,Petah-Tikva
338509183,Shani,,Arad,1961-08-27,shani.arad@gmail.com,054-4561445,Ashdod
155007087,Erez,,Shamir,1959-11-21,erez.shamir@checkpoints.com,057-6895559,Rehovot
375315150,Dor,Yosef,Heller,1940-10-18,dor.heller@gmail.com,056-2126482,Herzeliya
807726398,Yael,Michael,Tal,1962-02-07,yael.tal@teva.com,059-1563010,Tel Aviv - Yafo
279247413,Yaron,Sarah,Omer,1980-11-23,yaron.omer@gmail.com,050-8623936,Eilat
513453687,Yosef,,Marciano,1975-12-09,yosef.marciano@walla.co.il,056-1558114,Herzeliya
139196925,Gil,,Eshkol,1984-07-30,gil.eshkol@walla.co.il,059-9542892,Jerusalem
326853761,David,,Zilber,1969-01-21,david.zilber@teva.com,053-1373346,Rehovot
245641613,Amit,,Rabin,1971-09-21,amit.rabin@checkpoints.com,057-5717908,Beer-Sheva
759608584,Yosef,,Netanyahu,1962-12-14,yosef.netanyahu@teva.com,058-8229435,Herzeliya
334107913,Asaf,,Olmert,1954-11-26,asaf.olmert@checkpoints.com,050-7496319,Ashdod
427147583,Dorit,,Segal,1946-04-23,dorit.segal@hotmail.com,058-9079535,Rehovot
125845386,Linoy,,Melamed,1951-04-29,linoy.melamed@gmail.com,050-6078183,Nahariya
163010075,Leah,,Porat,1970-08-15,leah.porat@checkpoints.com,051-7735594,Ashdod
131932597,Bar,,Zilber,2003-01-16,bar.zilber@checkpoints.com,051-7748117,Haifa
720494385,Iris,,Levi,1956-06-24,iris.levi@hotmail.com,052-9539102,Nahariya
185998255,Iris,,Ramon,1994-03-15,iris.ramon@walla.co.il,051-3582323,Rehovot
963592105,Gil,Leah,Heller,2007-12-27,gil.heller@hotmail.com,056-6166727,Nahariya
351703873,Michael,,Bareket,1979-03-19,michael.bareket@gmail.com,059-1323425,Beer-Sheva
403092603,Hila,,Lapid,1970-12-26,hila.lapid@walla.co.il,050-7381740,Nahariya
292878637,Chaim,,Ben-Ari,1960-03-18,chaim.ben-ari@walla.co.il,053-1033416,Herzeliya
377523113,Roni,,Peles,1984-03-03,roni.peles@gmail.com,058-9600498,Petah-Tikva
544835436,Ron,,Arad,2008-01-13,ron.arad@walla.co.il,056-5547956,Jerusalem
827783103,David,,Schwartz,1961-03-11,david.schwartz@hotmail.com,050-2727317,Rehovot
798459802,Rivka,,Netanyahu,1943-09-12,rivka.netanyahu@teva.com,052-9573194,Beer-Sheva
452796749,Avraham,,Stern,1939-01-12,avraham.stern@gmail.com,051-8985182,Tel Aviv - Yafo
743254102,Adam,,Hoffman,2004-09-19,adam.hoffman@walla.co.il,050-4415624,Tel Aviv - Yafo
651020120,Tali,Leah,Lavi,2002-08-25,tali.lavi@walla.co.il,052-7746305,Haifa
667678860,Tomers,,Gal,1959-03-02,tomers.gal1@gmail.com,054-6018860,Eilat
450307172,Coral,,Peretz,2006-10-22,coral.peretz@walla.co.il,052-9662750,Eilat
808423806,Motti,,Schwartz,1992-01-15,motti.schwartz@teva.com,057-5623969,Beer-Sheva
180811924,Dor,Sarah,Lavi,1947-01-16,dor.lavi@gmail.com,059-7457188,Beer-Sheva
116703112,Rami,,Biton,2007-01-12,rami.biton@gmail.com,059-3014052,Ashdod
161008495,Orly,,Sharon,1970-09-27,orly.sharon@gmail.com,054-5707871,Petah-Tikva
334442969,Michal,,Gal,1950-02-18,michal.gal@gmail.com,054-6603722,Eilat
830645666,Dan,Ben,Cohen,1942-07-10,dan.cohen@teva.com,054-3392501,Petah-Tikva
274275053,Limor,,Deutsch,1955-01-02,limor.deutsch@gmail.com,059-2510365,Haifa
504502731,Sigal,,Olmert,1996-09-14,sigal.olmert@checkpoints.com,054-5064835,Rehovot
441713055,Ariel,,Olmert,1980-11-14,ariel.olmert@gmail.com,055-6953559,Jerusalem
849902580,May,,Lazar,1940-11-24,may.lazar@gmail.com,058-8375522,Herzeliya
936320817,Maya,Bat,Bareket,1972-08-21,maya.bareket@checkpoints.com,054-9556729,Eilat
257700676,Itai,,Silberman,1957-05-26,itai.silberman@walla.co.il,057-5173662,Eilat
496681764,Maya,,Ben-Gurion,1994-11-15,maya.ben-gurion@gmail.com,052-4872535,Rehovot
141275037,Neta,,Green,1954-04-26,neta.green@checkpoints.com,059-9874133,Rehovot
404624645,Motti,Sarah,Malka,1980-09-07,motti.malka1@hotmail.com,057-3922248,Haifa
903690084,Israel,,Turgeman,1961-06-26,israel.turgeman@walla.co.il,052-3781420,Rehovot
705242004,Eli,Yosef,Hadad,1972-10-24,eli.hadad@gmail.com,057-7848147,Haifa
303091604,Tal,,Berger,1955-08-08,tal.berger@hotmail.com,052-5159882,Jerusalem
444259092,Coral,,Tamir,1972-08-30,coral.tamir@hotmail.com,058-8784482,Ashdod
584192935,Avi,,Zamir,1938-06-20,avi.zamir@walla.co.il,050-6051751,Beer-Sheva
365277647,Rivka,,Peles,1961-08-03,rivka.peles@checkpoints.com,054-5144296,Beer-Sheva
303580792,May,Bat,Gal,1972-06-05,may.gal@gmail.com,050-1074138,Beer-Sheva
410947975,Yael,,Avraham,1949-06-25,yael.avraham@teva.com,057-7692367,Haifa
343555636,Yitzhak,,Asulin,1957-12-07,yitzhak.asulin@gmail.com,053-6041872,Beer-Sheva
632260418,Michal,,Levine,1959-10-08,michal.levine@walla.co.il,052-1556534,Nahariya
758093743,Lior,,Spector,1948-04-20,lior.spector@walla.co.il,054-3680477,Haifa
418741838,Moshe,,Weiss,1944-11-20,moshe.weiss@teva.com,052-1933001,Eilat
296120509,Gil,,Schwartz,2005-10-02,gil.schwartz@hotmail.com,057-8157599,Rehovot
753512782,Ori,,Oz,1958-05-30,ori.oz@hotmail.com,056-3098869,Nahariya
976661230,Yitzhak,,Koren,1975-05-04,yitzhak.koren@walla.co.il,058-3209703,Tel Aviv - Yafo
539203518,Noam,,Peles,1978-08-22,noam.peles@walla.co.il,052-5871762,Tel Aviv - Yafo
432452044,Rachel,,Aharon,1997-09-20,rachel.aharon@teva.com,052-6334947,Jerusalem
177892030,Limor,,Ronen,1953-01-11,limor.ronen@gmail.com,056-2626268,Tel Aviv - Yafo
155651824,Nir,,Shaham,1950-11-27,nir.shaham@gmail.com,051-9327019,Herzeliya
166689973,Ofek,Sarah,Kraus,1940-03-10,ofek.kraus@teva.com,052-1754781,Haifa
846261080,Anat,,Oz,1956-02-27,anat.oz@hotmail.com,051-4326518,Eilat
619990881,Alon,,Liberman,1991-07-02,alon.liberman@gmail.com,052-5931213,Petah-Tikva
395345217,Rotem,,Asulin,2008-07-11,rotem.asulin@checkpoints.com,054-9277581,Rehovot
127565844,Hadar,,Peres,1971-03-20,hadar.peres@checkpoints.com,052-4783139,Herzeliya
170532937,Avraham,,Tal,1971-06-08,avraham.tal@gmail.com,051-2196088,Ashdod
938859478,Hila,,Azoulay,1987-02-06,hila.azoulay@teva.com,052-6823594,Beer-Sheva
387746209,Hila,,Altman,1985-08-02,hila.altman@gmail.com,059-2231020,Eilat
953394816,Hila,Michael,Bar-On,1959-09-04,hila.bar-on@teva.com,051-2601153,Herzeliya
996754612,Rotem,,Sarusi,1936-09-10,rotem.sarusi@hotmail.com,056-7136189,Jerusalem
746690369,Osnat,,Omer,2004-04-29,osnat.omer@teva.com,057-8932181,Tel Aviv - Yafo
154308173,Noa,,Levi,1936-08-28,noa.levi@gmail.com,054-6350811,Petah-Tikva
225874394,Lior,,Vaknin,1940-03-31,lior.vaknin@gmail.com,059-3510061,Haifa
187440056,Lior,,Peretz,1955-09-24,lior.peretz@walla.co.il,056-3689700,Tel Aviv - Yafo
356138322,Eyal,,Deutsch,1959-09-24,eyal.deutsch1@hotmail.com,056-5675830,Tel Aviv - Yafo
808746345,Hadar,,Dotan,1994-12-08,hadar.dotan@walla.co.il,055-3641536,Nahariya
849272633,Roni,,Azoulay,1974-04-02,roni.azoulay@gmail.com,056-4466954,Jerusalem
875644153,Sarah,,Schwartz,1996-09-04,sarah.schwartz@gmail.com,050-4185548,Nahariya
602965098,Yael,,Sarusi,1963-05-25,yael.sarusi@hotmail.com,050-8247800,Ashdod
145710799,Asaf,,Begin,1958-06-09,asaf.begin@walla.co.il,050-3821719,Tel Aviv - Yafo
829606364,Sapir,,Ohayon,1953-05-07,sapir.ohayon@gmail.com,058-5733649,Jerusalem
184676105,Michael,,Stern,1995-07-03,michael.stern@checkpoints.com,056-7351389,Beer-Sheva
203346052,Anat,,Dotan,1978-03-01,anat.dotan@hotmail.com,050-6753078,Haifa
959361214,Yuval,,Eitan,1997-10-30,yuval.eitan@gmail.com,059-7765880,Tel Aviv - Yafo
417042260,Shani,,Nir,1994-04-11,shani.nir@gmail.com,050-6260319,Jerusalem
744910480,Ron,Yosef,Bareket,1984-01-28,ron.bareket@gmail.com,054-5970516,Ashdod
879976256,Sivan,,Friedman,1947-08-17,sivan.friedman@teva.com,052-4299848,Beer-Sheva
576519145,Coral,,Agbaria,1941-08-13,coral.agbaria@gmail.com,059-6686779,Jerusalem
719097080,Tamar,,Kraus,1964-12-09,tamar.kraus@checkpoints.com,056-7848024,Haifa
537490935,Amit,,Saban,1940-06-11,amit.saban@hotmail.com,056-1046574,Herzeliya
349203827,Moshe,,Grosman,2001-12-03,moshe.grosman@teva.com,058-6053412,Tel Aviv - Yafo
239307133,Dana,,Shaham,1968-04-21,dana.shaham@gmail.com,053-7513948,Eilat
530876241,Israel,,Weiss,2003-11-19,israel.weiss@walla.co.il,053-1696757,Rehovot
498320183,Yaakov,,Hadad,1951-01-08,yaakov.hadad@gmail.com,056-5462435,Tel Aviv - Yafo
332310060,Kobi,,Dahan,1993-09-27,kobi.dahan@gmail.com,053-1483393,Haifa
491740160,Ariel,,Mizrachi,1978-02-14,ariel.mizrachi@gmail.com,053-8718660,Herzeliya
300438534,Erez,Leah,Dahan,1960-09-04,erez.dahan@walla.co.il,050-3232174,Ashdod
474539267,Nir,,Marciano,1985-05-28,nir.marciano@checkpoints.com,054-3299522,Tel Aviv - Yafo
442548088,Noa,,Peres,1954-04-05,noa.peres@gmail.com,054-6526040,Jerusalem
651682876,Michael,,Ohayon,1951-12-16,michael.ohayon@hotmail.com,051-7531196,Herzeliya
775652564,Tal,,Peles,1983-02-22,tal.peles@checkpoints.com,055-7679628,Rehovot
498352510,Adam,,Ohayon,1964-02-14,adam.ohayon@gmail.com,055-7835058,Rehovot
112961799,Sarah,Yosef,Hoffman,1996-01-06,sarah.hoffman@gmail.com,058-8097721,Tel Aviv - Yafo
580655111,Moshe,,Marciano,1951-02-01,moshe.marciano@gmail.com,056-7813311,Tel Aviv - Yafo
240748043,Guy,,Silberman,2002-11-22,guy.silberman@gmail.com,058-7126467,Tel Aviv - Yafo
172855040,Hadar,, Dayan,1951-08-01,hadar. dayan@gmail.com,056-9339122,Beer-Sheva
439338270,Gal,,Avraham,1969-01-20,gal.avraham@hotmail.com,050-7264942,Haifa
292460426,Rivka,Bat,Elbaz,1955-07-15,rivka.elbaz@gmail.com,054-8421194,Nahariya
384915553,Shalom,,Eshkol,1984-10-30,shalom.eshkol@teva.com,055-4586870,Beer-Sheva
830154541,Adi,,Tal,1966-08-03,adi.tal@hotmail.com,050-6357265,Ashdod
232186465,Yaron,Leah,Rabin,1961-06-17,yaron.rabin@teva.com,059-9917377,Rehovot
534452834,Motti,,Barkat,1973-09-10,motti.barkat@gmail.com,058-4943509,Jerusalem
446033849,Sapir,,Harel,1952-04-06,sapir.harel@teva.com,058-8717621,Rehovot
687270868,Avraham,,Deutsch,2004-02-14,avraham.deutsch@checkpoints.com,052-5074974,Ashdod
609004951,Agam,,Azoulay,1986-08-11,agam.azoulay@checkpoints.com,050-2682110,Nahariya
564379001,Dan,,Eitan,1995-08-24,dan.eitan@teva.com,059-9037259,Jerusalem
944104931,Dorit,,Grosman,1972-03-18,dorit.grosman@gmail.com,054-1669715,Haifa
275949363,Erez,,Blau,1955-04-08,erez.blau@teva.com,052-5333341,Haifa
861399583,Eitan,,Ben-David,1978-03-13,eitan.ben-david@teva.com,052-1784068,Haifa
355871037,Dorit,Ben,Zamir,1985-12-25,dorit.zamir@teva.com,050-2094858,Rehovot
762334790,Alon,, Dayan,1992-10-25,alon. dayan@hotmail.com,054-5921346,Haifa
328081895,Yael,,Harari,1954-04-15,yael.harari@hotmail.com,058-3505690,Nahariya
109763308,Iris,,Kramer,1979-09-23,iris.kramer@checkpoints.com,051-6507216,Petah-Tikva
161824924,Hadar,,Rubin,1946-08-28,hadar.rubin@hotmail.com,059-2165010,Jerusalem
691754292,Ofek,Leah,Ohayon,1973-03-30,ofek.ohayon@checkpoints.com,054-5124760,Jerusalem
823094929,Adam,,Zamir,1969-09-24,adam.zamir@teva.com,052-3152197,Ashdod
180994747,Dor,,Begin,2005-07-03,dor.begin@walla.co.il,056-6011987,Ashdod
130362354,Hadar,,Cohen,1976-02-07,hadar.cohen@gmail.com,053-7349373,Tel Aviv - Yafo
459765872,Avi,,Melamed,1963-05-15,avi.melamed@checkpoints.com,054-3269488,Petah-Tikva
191068710,Agam,,Biton,1937-07-24,agam.biton@teva.com,054-1900026,Haifa
632639286,Tamar,,Mizrachi,1969-07-26,tamar.mizrachi@walla.co.il,055-9494968,Haifa
559591173,Shani,Sarah,Kraus,2008-04-25,shani.kraus@checkpoints.com,056-3682694,Tel Aviv - Yafo
964201380,Eyal,,Tzur,1951-08-18,eyal.tzur@checkpoints.com,056-5401874,Rehovot
882681026,Shlomo,,Asulin,1984-07-22,shlomo.asulin@gmail.com,059-9148714,Nahariya
730366539,Sivan,,Netanyahu,1965-01-28,sivan.netanyahu@teva.com,059-5660649,Nahariya
947819529,Shlomo,,Turgeman,1945-03-10,shlomo.turgeman@hotmail.com,056-1576829,Nahariya
894668618,Eli,,Melamed,2007-04-05,eli.melamed@checkpoints.com,054-4481895,Haifa
984275842,Dor,,Lapid,1981-12-04,dor.lapid@gmail.com,052-3211036,Jerusalem
734020498,Rivka,Ben,Berger,1994-06-15,rivka.berger@teva.com,058-9953454,Beer-Sheva
703856167,Roni,, Dayan,2008-03-02,roni. dayan@teva.com,051-4061044,Ashdod
569157942,Linoy,,Yarkoni,1993-11-17,linoy.yarkoni@gmail.com,053-9909616,Petah-Tikva
634409591,Yael,,Golan,1951-05-22,yael.golan@gmail.com,055-7672159,Ashdod
238263447,Roy,,fuchs,1959-07-19,roy.fuchs@teva.com,057-1969866,Herzeliya
805732367,Lior,Sarah,Marciano,2004-02-04,lior.marciano@walla.co.il,051-4354243,Petah-Tikva
717975516,Ronit,,Deutsch,1966-08-03,ronit.deutsch@teva.com,059-5546937,Rehovot
126308198,Coral,,Bareket,1970-02-06,coral.bareket@teva.com,057-5518767,Nahariya
577572472,Adam,,Stern,1997-10-29,adam.stern@gmail.com,058-1995794,Nahariya
251085001,Dor,,Katz,1996-08-27,dor.katz@gmail.com,051-8024530,Herzeliya
482604954,Adi,,Shamir,1963-02-01,adi.shamir@walla.co.il,054-6545607,Ashdod
814585584,Oren,,Green,1941-02-07,oren.green@checkpoints.com,055-9280100,Herzeliya
394846466,Avraham,Sarah,Cohen,1968-06-26,avraham.cohen@gmail.com,058-7961284,Eilat
242584768,Shira,Ben,Nir,1971-04-30,shira.nir@walla.co.il,055-5284129,Herzeliya
214365722,Adam,,Golan,1981-05-23,adam.golan@gmail.com,051-9594836,Nahariya
756724492,Ron,,Marciano,1990-06-09,ron.marciano@gmail.com,058-7820540,Eilat
998182240,Adi,,Frank,1943-01-10,adi.frank@gmail.com,057-1333528,Jerusalem
650501575,Ronit,Ben,Hoffman,1937-01-01,ronit.hoffman1@teva.com,055-1813885,Eilat
756553956,Linoy,,Dotan,1953-12-03,linoy.dotan@checkpoints.com,054-2160364,Jerusalem
565207619,Orly,,Agbaria,1965-11-11,orly.agbaria@hotmail.com,057-9170146,Haifa
392848031,Roni,,Levine,1998-09-16,roni.levine@gmail.com,055-7530373,Nahariya
390234350,Zohar,,Levi,2004-09-28,zohar.levi@walla.co.il,053-6938085,Rehovot
907230588,Meital,,Shaham,1962-10-30,meital.shaham@gmail.com,059-6400050,Ashdod
774242552,May,Leah,Tamir,1969-10-04,may.tamir1@gmail.com,052-5210656,Petah-Tikva
196661752,Hila,,Peles,1940-02-09,hila.peles@gmail.com,055-9733958,Petah-Tikva
435199547,Adam,,Dahan,1957-12-23,adam.dahan1@teva.com,057-8714773,Ashdod
406770994,Shahar,,Spector,1953-11-02,shahar.spector@gmail.com,051-6180176,Beer-Sheva
651350641,Gal,,Rabin,1946-12-04,gal.rabin@hotmail.com,052-4380048,Tel Aviv - Yafo
751088958,Adi,,Porat,1972-12-19,adi.porat@teva.com,058-5638123,Beer-Sheva
712625050,Dor,,Shapira,1939-10-09,dor.shapira@gmail.com,052-8203514,Tel Aviv - Yafo
504525652,Sapir,,Oz,1993-08-30,sapir.oz@walla.co.il,056-9062552,Petah-Tikva
654430604,Roy,,Yosef,1968-09-30,roy.yosef@gmail.com,050-7441596,Rehovot
295199069,Kobi,,Barkat,1950-12-01,kobi.barkat@teva.com,051-7233246,Beer-Sheva
971839315,Zohar,Sarah,Olmert,1963-08-14,zohar.olmert@gmail.com,054-3460905,Rehovot
984042458,Inbal,,Schwartz,1971-05-13,inbal.schwartz@hotmail.com,058-1392646,Rehovot
264027540,Sarah,,Grosman,1995-07-30,sarah.grosman@gmail.com,057-2997279,Ashdod
770738389,Asaf,Bat,Sela,1993-03-03,asaf.sela1@gmail.com,057-1949825,Tel Aviv - Yafo
392844527,Sapir,,Lavi,1968-05-04,sapir.lavi@gmail.com,058-5707149,Ashdod
579563332,Motti,,Rubin,2002-03-14,motti.rubin@teva.com,057-8058498,Ashdod
444032888,Nir,Sarah,Harel,1981-05-24,nir.harel@gmail.com,058-7553290,Haifa
534851516,Gadi,,Liberman,1959-02-23,gadi.liberman@hotmail.com,057-7895853,Jerusalem
663847201,Yosef,,Levine,1947-01-21,yosef.levine@walla.co.il,056-2329989,Haifa
355330790,Kobi,,Green,1992-05-07,kobi.green@gmail.com,059-1467368,Herzeliya
892666015,Michael,,Tamir,1959-06-23,michael.tamir@gmail.com,052-9774395,Rehovot
804013071,May,,Yosef,1996-07-12,may.yosef@checkpoints.com,050-9194903,Tel Aviv - Yafo
531418689,Lihi,,Ben-Gurion,1955-01-24,lihi.ben-gurion@gmail.com,051-1789792,Ashdod
257555041,Kobi,Sarah,Shani,1954-02-07,kobi.shani@gmail.com,053-5612072,Eilat
811626272,Mor,,Tzur,1967-10-17,mor.tzur@gmail.com,053-6304667,Tel Aviv - Yafo
551748017,Dan,,Rubin,1953-06-07,dan.rubin@walla.co.il,058-4779679,Jerusalem
463267502,Hila,,Tal,1936-09-23,hila.tal@walla.co.il,057-4961530,Beer-Sheva
334097644,Noam,,Rubin,1951-10-28,noam.rubin@gmail.com,055-8381610,Tel Aviv - Yafo
483837363,Yosef,Yosef,Porat,1953-02-06,yosef.porat1@hotmail.com,053-9666745,Petah-Tikva
863332016,Maya,Michael,Sarusi,1962-11-10,maya.sarusi@hotmail.com,053-2756081,Beer-Sheva
155197049,Sigal,Bat,Yarkoni,1988-03-08,sigal.yarkoni@teva.com,055-1825767,Jerusalem
530137052,Shahar,Leah,Guttman,1941-03-30,shahar.guttman@walla.co.il,058-2252381,Tel Aviv - Yafo
725754532,Orly,,Guttman,1968-02-18,orly.guttman@hotmail.com,057-1896520,Haifa
773840709,Tamar,,Silberman,1982-05-06,tamar.silberman@gmail.com,056-8936104,Nahariya
969951270,Shira,,Peretz,1987-09-24,shira.peretz@checkpoints.com,056-8168450,Petah-Tikva
974459132,Yosef,,Agbaria,1996-06-12,yosef.agbaria@hotmail.com,055-9049135,Jerusalem
914307019,Nir,,Arad,1997-11-08,nir.arad@gmail.com,059-9358735,Herzeliya
586411508,Shir,,Shapira,1945-06-09,shir.shapira@teva.com,052-8368255,Jerusalem
212163699,Eyal,,Zilber,1939-02-03,eyal.zilber@teva.com,053-1633270,Haifa
857225039,Limor,,Elbaz,1988-03-10,limor.elbaz@gmail.com,052-6034606,Beer-Sheva
503635940,Linoy,Michael,Deutsch,1952-04-19,linoy.deutsch@teva.com,054-5151336,Nahariya
564780359,Lihi,,Peretz,1989-12-08,lihi.peretz@gmail.com,054-7447495,Ashdod
231352681,Tal,,Peres,1976-07-12,tal.peres@hotmail.com,054-2381286,Ashdod
387478023,Linoy,Ben,Ben-Ari,1968-11-19,linoy.ben-ari1@gmail.com,055-1220250,Haifa
277795347,Shlomo,,Bar-On,1972-03-30,shlomo.bar-on@hotmail.com,058-2204692,Petah-Tikva
206173603,Gil,,Olmert,1984-01-01,gil.olmert@teva.com,057-7486138,Tel Aviv - Yafo
857238597,Kobi,,Turgeman,1990-04-15,kobi.turgeman@teva.com,057-8545527,Petah-Tikva
127735234,Linoy,,Hadad,1944-01-12,linoy.hadad@checkpoints.com,052-9992831,Rehovot
316125325,Noga,,Peretz,1970-06-05,noga.peretz@checkpoints.com,055-1496104,Nahariya
879546238,Ronit,,Sela,1991-09-28,ronit.sela1@gmail.com,058-4164310,Rehovot
504920475,Rotem,Leah,Blau,1974-08-30,rotem.blau@walla.co.il,056-8306601,Beer-Sheva
134436645,Ariel,Leah,Hadad,1988-10-12,ariel.hadad@gmail.com,059-1664676,Beer-Sheva
324150872,Eden,,Guttman,1958-11-09,eden.guttman@gmail.com,056-9191008,Herzeliya
762710205,Linoy,,Mizrachi,1967-12-14,linoy.mizrachi@hotmail.com,051-6492824,Haifa
782539782,Yael,,Vaknin,1997-09-28,yael.vaknin@gmail.com,054-1451336,Nahariya
276313335,Niv,,Saban,1977-02-03,niv.saban@gmail.com,057-6101036,Rehovot
487080174,Mor,,Aharon,1974-09-20,mor.aharon@checkpoints.com,050-2846226,Eilat
512027060,Rachel,,Shaham,1974-06-23,rachel.shaham@gmail.com,051-6984503,Rehovot
757495663,Orly,,Weiss,1940-07-15,orly.weiss@gmail.com,052-9153183,Ashdod
503328665,Leah,,Azoulay,2004-07-01,leah.azoulay@gmail.com,053-6425355,Tel Aviv - Yafo
292093081,Kim,,Weiss,1943-03-02,kim.weiss@teva.com,053-5548071,Petah-Tikva
833737187,Rivka,,Tamir,1995-11-30,rivka.tamir@gmail.com,058-9991642,Jerusalem
358986887,Gil,,Agbaria,1976-02-17,gil.agbaria@gmail.com,056-2404119,Herzeliya
312571950,Adam,Michael,Silberman,1946-01-12,adam.silberman@checkpoints.com,059-8683770,Eilat
655187465,Stav,,Peled,1989-05-13,stav.peled@gmail.com,052-1135513,Petah-Tikva
573318556,Nir,,Koren,2000-01-12,nir.koren@hotmail.com,053-1868514,Eilat
963708439,Dana,Ben,Arad,1943-08-30,dana.arad@teva.com,058-9060164,Jerusalem
192099240,Avigail,,Liberman,1979-06-01,avigail.liberman@gmail.com,051-5197166,Jerusalem
565074258,Ben,,Dotan,1951-11-24,ben.dotan@gmail.com,050-9151801,Eilat
183339806,Gadi,Sarah,Blau,1948-04-19,gadi.blau@walla.co.il,058-6370110,Rehovot
156778439,Bar,,Porat,2008-04-29,bar.porat@gmail.com,056-4320590,Jerusalem
968265838,Eden,,Malka,1984-11-29,eden.malka@gmail.com,053-1205309,Rehovot
135691579,Israel,,Zamir,1991-12-08,israel.zamir@hotmail.com,056-6624404,Herzeliya
846652786,Yosef,,Bareket,1996-02-22,yosef.bareket@gmail.com,054-2603506,Beer-Sheva
410607842,Adam,,Peretz,1965-06-08,adam.peretz@gmail.com,051-6285445,Beer-Sheva
374979435,Adi,,Rabin,1995-10-28,adi.rabin@gmail.com,051-7741007,Rehovot
238217410,Ariel,,Grosman,2005-09-15,ariel.grosman@gmail.com,053-3189287,Haifa
813865691,Idan,,Avraham,1995-12-27,idan.avraham@teva.com,050-2603998,Nahariya
913368384,Yaakov,Bat,Malka,1985-07-25,yaakov.malka@hotmail.com,054-4507711,Jerusalem
287163204,Inbal,,Zamir,1998-01-22,inbal.zamir@checkpoints.com,053-3656233,Jerusalem
886985545,Dudi,,Turgeman,1971-08-06,dudi.turgeman@teva.com,054-6591117,Haifa
332549218,Yael,,Zamir,1981-10-05,yael.zamir@checkpoints.com,054-8427582,Rehovot
951532333,Avraham,,Golan,1962-08-07,avraham.golan@walla.co.il,056-4243483,Petah-Tikva
286688954,Kim,,Avraham,1956-03-14,kim.avraham@gmail.com,053-8336096,Ashdod
981482739,Rachel,,Vaknin,1959-03-06,rachel.vaknin@teva.com,055-3975387,Nahariya
606696308,Gil,,Silberman,1939-01-22,gil.silberman@gmail.com,055-3979023,Rehovot
534096846,Dana,,Weiss,2002-08-01,dana.weiss@gmail.com,057-7544569,Haifa
496996648,Rachel,,Gur,1952-12-12,rachel.gur@walla.co.il,056-6035619,Beer-Sheva
386260684,Ron,,Deutsch,1972-04-05,ron.deutsch@checkpoints.com,059-7222167,Haifa
409821320,Hadar,,Lapid,1984-03-28,hadar.lapid@checkpoints.com,056-8286382,Herzeliya
723371785,Sivan,,Tal,1971-12-15,sivan.tal@gmail.com,059-6688883,Jerusalem
265459293,Shira,,Stern,1945-02-05,shira.stern@checkpoints.com,056-9285497,Nahariya
261849986,Yael,,David,2001-03-12,yael.david@gmail.com,057-8018710,Jerusalem
899880385,Tali,,Tamir,1979-06-20,tali.tamir@gmail.com,053-5808672,Rehovot
688978276,Anat,,Arad,1986-06-07,anat.arad@teva.com,059-1438459,Rehovot
942664268,Noam,,Zilber,1995-05-03,noam.zilber@gmail.com,059-8891816,Nahariya
786030276,Sarah,,Ben-Ari,1940-06-12,sarah.ben-ari@hotmail.com,051-7967251,Beer-Sheva
653265930,Sigal,,Stern,2000-08-08,sigal.stern@gmail.com,053-1387913,Ashdod
965868694,Roy,Ben,Frank,1966-03-25,roy.frank@teva.com,052-1068231,Beer-Sheva
617515162,Gadi,Bat,Ben-Gurion,1973-11-06,gadi.ben-gurion@teva.com,054-4489768,Beer-Sheva
241535182,Itai,,Asulin,1990-11-28,itai.asulin@hotmail.com,054-8415891,Rehovot
297507871,Michal,,Porat,1995-08-08,michal.porat@teva.com,059-3758975,Rehovot
854337212,Shira,,Goldberg,1990-02-17,shira.goldberg@checkpoints.com,053-2826783,Ashdod
248922222,Kim,,Sela,1955-09-22,kim.sela@teva.com,054-1190390,Jerusalem
524569982,Yaron,,Sarusi,1948-11-17,yaron.sarusi@gmail.com,051-4045434,Rehovot
594097964,Michael,,Oz,1948-03-23,michael.oz@gmail.com,056-4761391,Jerusalem
452870829,Ofek,Ben,Gal,1973-07-30,ofek.gal@gmail.com,052-6870420,Nahariya
129570739,David,,Green,1986-05-20,david.green@hotmail.com,059-5565225,Nahariya
136386265,May,Bat,Sharon,1987-10-03,may.sharon@gmail.com,054-4614553,Ashdod
207793876,Noa,,Dahan,1959-08-06,noa.dahan@checkpoints.com,054-2486644,Tel Aviv - Yafo
176406146,Mor,,Harari,2005-02-24,mor.harari@gmail.com,054-2529090,Beer-Sheva
529987108,Moshe,,Asulin,1944-10-20,moshe.asulin@hotmail.com,051-1418009,Tel Aviv - Yafo
434524825,Sigal,,Shapira,2005-01-24,sigal.shapira@gmail.com,058-7999942,Rehovot
227850368,Yuval,,Lavi,1941-06-05,yuval.lavi@gmail.com,059-1663631,Jerusalem
413509067,Omer,,Ohayon,1939-06-25,omer.ohayon@gmail.com,054-9421225,Herzeliya
424660244,Gadi,,Sarusi,2003-02-27,gadi.sarusi@gmail.com,055-4313194,Beer-Sheva
556841831,Shalom,,Yarkoni,1948-04-22,shalom.yarkoni@gmail.com,057-2672509,Jerusalem
683627205,Neta,,Friedman,1965-06-03,neta.friedman1@gmail.com,051-9313318,Beer-Sheva
318268278,Ariel,Leah,Eshkol,1980-10-09,ariel.eshkol@checkpoints.com,050-3270943,Petah-Tikva
598141520,Osnat,,Cohen,1961-10-24,osnat.cohen@hotmail.com,051-5854121,Beer-Sheva
228023421,Yosef,,Dotan,1951-11-01,yosef.dotan@gmail.com,055-3293737,Ashdod
848613214,Shlomo,,Netanyahu,1989-05-31,shlomo.netanyahu@walla.co.il,057-9557662,Herzeliya
946772144,Daniel,,Biton,1963-09-27,daniel.biton@gmail.com,059-2865605,Rehovot
151416270,Shlomo,,Eshkol,1978-06-07,shlomo.eshkol@gmail.com,055-1862334,Rehovot
740821972,Limor,,Spector,1991-11-21,limor.spector@walla.co.il,051-7820273,Eilat
371947554,Tal,,Schwartz,1979-07-17,tal.schwartz@gmail.com,057-6232610,Beer-Sheva
102165309,Ariel,,Gur,1964-11-18,ariel.gur@teva.com,051-8827320,Nahariya
682830807,Dudi,,Eshkol,1961-10-30,dudi.eshkol@hotmail.com,055-8145732,Rehovot
749086625,Noa,,Arad,1954-11-23,noa.arad@gmail.com,050-1513810,Herzeliya
213781087,Kobi,,Yadin,1977-12-18,kobi.yadin@walla.co.il,057-6836258,Rehovot
323560797,Inbal,,Feldman,1981-12-15,inbal.feldman@gmail.com,052-8520468,Beer-Sheva
589287766,Adam,,Altman,1940-04-24,adam.altman@teva.com,055-7796343,Herzeliya
611542358,Yosef,Michael,Tzur,1949-11-13,yosef.tzur@gmail.com,051-4732633,Tel Aviv - Yafo
978762956,Neta,,Bar-On,1970-10-07,neta.bar-on@checkpoints.com,052-5373434,Tel Aviv - Yafo
945521529,Sivan,,Bar-On,1999-04-30,sivan.bar-on@gmail.com,050-7909697,Rehovot
681426233,Dudi,,Friedman,1940-05-18,dudi.friedman@gmail.com,057-3274581,Eilat
251095447,Avraham,,Frank,1991-04-17,avraham.frank@hotmail.com,051-3042032,Herzeliya
951201964,Limor,Bat,Shapira,1958-12-29,limor.shapira@gmail.com,052-3935832,Eilat
134305816,Avraham,Leah,Gabay,1941-02-17,avraham.gabay@hotmail.com,054-8589528,Nahariya
939403372,Ori,Bat,Eshkol,1977-05-26,ori.eshkol@teva.com,050-6275068,Jerusalem
276879621,Noga,,Porat,1996-10-04,noga.porat@checkpoints.com,050-8326285,Petah-Tikva
226336657,Orly,,Yarkoni,1976-04-16,orly.yarkoni@walla.co.il,058-1686773,Nahariya
915153519,Stav,,Peles,1997-01-30,stav.peles@hotmail.com,050-2221178,Tel Aviv - Yafo
864820968,Anat,,Saban,1953-07-07,anat.saban@gmail.com,052-9565416,Beer-Sheva
775177517,Yosef,Ben,Tamir,1950-12-23,yosef.tamir@hotmail.com,058-4745893,Tel Aviv - Yafo
513955271,Ofek,,Sharon,1958-05-12,ofek.sharon@teva.com,050-4814207,Ashdod
699482034,Motti,Bat,Netanyahu,1999-10-20,motti.netanyahu@gmail.com,059-8459700,Petah-Tikva
357215696,Eden,,Green,2007-04-20,eden.green@gmail.com,055-6421773,Herzeliya
398776562,Amit,,Geva,2008-06-22,amit.geva@checkpoints.com,056-8212951,Nahariya
784652979,Israel,,Tal,1994-10-15,israel.tal@hotmail.com,059-8199955,Tel Aviv - Yafo
505082191,Chaim,Michael,Shamir,1970-10-27,chaim.shamir@walla.co.il,053-4917953,Ashdod
146419246,Daniel,,Green,1968-09-07,daniel.green@walla.co.il,051-4735794,Rehovot
812838024,Rami,,Agbaria,1959-01-10,rami.agbaria@gmail.com,052-7001450,Jerusalem
417570922,Tamar,,Elbaz,1963-10-11,tamar.elbaz@checkpoints.com,052-6420863,Tel Aviv - Yafo
670697818,Noa,,Bareket,1941-10-16,noa.bareket@gmail.com,054-3921062,Jerusalem
423713330,Eyal,,Cohen,1983-12-17,eyal.cohen@gmail.com,057-3114248,Petah-Tikva
218767591,Eden,,Weiss,1972-10-18,eden.weiss@hotmail.com,051-6496688,Eilat
462964007,Adi,,Blau,1956-01-21,adi.blau@gmail.com,056-3921201,Ashdod
704623578,Neta,,Levi,1993-10-09,neta.levi@gmail.com,057-2030693,Jerusalem
919145719,Niv,,Ben-David,1952-11-09,niv.ben-david@checkpoints.com,055-5884127,Herzeliya
294651280,Ofek,,Katz,1960-04-13,ofek.katz@checkpoints.com,052-9814090,Rehovot
841052105,Eli,Bat,Gal,1999-08-20,eli.gal@walla.co.il,054-3633591,Nahariya
249072469,Yosef,,Peretz,1971-12-30,yosef.peretz@walla.co.il,058-3966773,Beer-Sheva
485669380,Dorit,,Eitan,1972-02-06,dorit.eitan@walla.co.il,059-4521807,Ashdod
995729198,Avraham,,Zilber,1997-03-18,avraham.zilber@checkpoints.com,055-1553932,Jerusalem
230040865,Gil,,Peled,2004-06-25,gil.peled@gmail.com,058-7011139,Tel Aviv - Yafo
820936490,Motti,Bat,Avraham,1950-11-06,motti.avraham1@gmail.com,053-7269172,Nahariya
342335931,Dan,,Harel,1954-05-16,dan.harel@gmail.com,050-1975340,Tel Aviv - Yafo
297361395,Shir,,Sela,1969-12-06,shir.sela@gmail.com,056-3453246,Haifa
465622014,Neta,,Ben-Gurion,1983-05-06,neta.ben-gurion@teva.com,057-2073579,Eilat
431898275,Avraham,,Shamir,1952-10-05,avraham.shamir@checkpoints.com,052-4806825,Tel Aviv - Yafo
406719360,Roni,,Goldberg,1989-01-17,roni.goldberg@gmail.com,053-2389888,Rehovot
798887348,Tali,,Heller,1938-05-23,tali.heller@hotmail.com,051-5779221,Herzeliya
504633664,Shira,,Guttman,1986-07-19,shira.guttman@walla.co.il,050-2984236,Nahariya
819492928,Rotem,,Harari,1970-10-15,rotem.harari@teva.com,056-6703940,Tel Aviv - Yafo
470012350,Idan,,Tzur,1940-05-19,idan.tzur@walla.co.il,051-3097514,Tel Aviv - Yafo
941548925,Yaron,,Shapira,1945-09-15,yaron.shapira@teva.com,055-8999210,Eilat
158995729,Bar,Leah,Tzur,1952-06-19,bar.tzur@gmail.com,052-3215354,Jerusalem
174353909,Iris,,Omer,1952-05-14,iris.omer@hotmail.com,057-1403331,Rehovot
775597843,Ben,,Yadin,1978-06-14,ben.yadin@gmail.com,052-3536188,Jerusalem
834391465,Dan,,Ohayon,1955-12-25,dan.ohayon@gmail.com,051-3316253,Rehovot
979110488,Orly,,Navon,1950-06-24,orly.navon@hotmail.com,055-7947194,Jerusalem
634702154,Daniel,,Katz,1994-11-16,daniel.katz@hotmail.com,054-4230706,Tel Aviv - Yafo
711815503,Coral,,Dotan,1946-01-05,coral.dotan@gmail.com,053-2227246,Jerusalem
253761150,Leah,,Spector,1949-06-09,leah.spector@teva.com,058-7376999,Rehovot
757780473,Roy,,Hadad,1940-10-20,roy.hadad@hotmail.com,054-2732776,Ashdod
807714938,Gadi,,Stern,1963-12-14,gadi.stern@walla.co.il,055-2200885,Herzeliya
325817903,Zohar,Ben,Grosman,1938-08-26,zohar.grosman@gmail.com,050-7506795,Herzeliya
275736606,Sivan,,Lazar,1992-01-11,sivan.lazar@walla.co.il,057-4696506,Herzeliya
168304647,Omer,,Shaham,1983-06-12,omer.shaham@gmail.com,055-4701177,Jerusalem
625069355,Inbal,,Bareket,1941-02-15,inbal.bareket@walla.co.il,059-8872904,Rehovot
379363689,Zohar,,Guttman,1955-09-21,zohar.guttman@walla.co.il,052-3762984,Petah-Tikva
771597906,Ariel,Yosef,Melamed,1956-08-16,ariel.melamed@gmail.com,059-8026409,Herzeliya
511326341,Shahar,,Weiss,1995-09-15,shahar.weiss@checkpoints.com,050-8074975,Haifa
906051348,Rotem,,Kraus,1992-06-11,rotem.kraus@hotmail.com,053-6361607,Tel Aviv - Yafo
759158247,Hadar,,Sela,1985-06-10,hadar.sela@teva.com,054-3323359,Beer-Sheva
240649883,Yaron,,Omer,1938-04-29,yaron.omer@teva.com,055-1073322,Haifa
258209699,Guy,,Marciano,1967-02-18,guy.marciano@hotmail.com,050-5812955,Herzeliya
412788206,Sivan,Ben,Koren,1990-04-08,sivan.koren@gmail.com,059-9886887,Haifa
200510003,Shira,,fuchs,1995-08-12,shira.fuchs@checkpoints.com,053-4239141,Ashdod
168753065,Sapir,,Zilber,1939-10-26,sapir.zilber@teva.com,057-1197144,Rehovot
311667113,Bar,,Yadin,1995-12-02,bar.yadin@checkpoints.com,058-8152773,Jerusalem
152624468,Eden,,Bareket,1963-05-17,eden.bareket@gmail.com,052-7504497,Petah-Tikva
930254571,Lior,,Liberman,1941-01-01,lior.liberman@gmail.com,056-8572545,Nahariya
842318351,Lior,,Harel,1943-08-08,lior.harel@teva.com,051-4470291,Rehovot
109370610,Anat,,Gur,1954-02-11,anat.gur1@gmail.com,056-3232725,Tel Aviv - Yafo
867931864,Israel,,Omer,1995-06-22,israel.omer@gmail.com,059-7200711,Beer-Sheva
705510298,Niv,Leah,Deutsch,2008-06-14,niv.deutsch@gmail.com,051-6566718,Petah-Tikva
520374694,David,,Frank,1960-12-06,david.frank@teva.com,050-1818519,Jerusalem
662557672,Agam,,Bar-On,1940-08-03,agam.bar-on@teva.com,050-5795620,Petah-Tikva
391992557,Sarah,,Agbaria,1973-12-30,sarah.agbaria@hotmail.com,055-2272514,Jerusalem
995111822,Anat,,Ronen,1949-10-24,anat.ronen@gmail.com,054-9641131,Jerusalem
642976037,Israel,Leah,Stern,2007-06-16,israel.stern@gmail.com,056-9662405,Herzeliya
975788656,Rotem,,Tamir,2000-05-08,rotem.tamir@hotmail.com,050-3596571,Ashdod
948588711,Limor,,David,1954-02-20,limor.david@hotmail.com,058-4426007,Ashdod
654004494,Lihi,,Lazar,1962-02-13,lihi.lazar@walla.co.il,051-2429208,Nahariya
713413941,Ron,,Altman,1956-07-29,ron.altman@teva.com,058-4388404,Jerusalem
271617618,Bar,,Agbaria,2004-10-17,bar.agbaria@teva.com,055-1471169,Herzeliya
675858195,Roy,,Deutsch,1976-07-18,roy.deutsch@teva.com,058-2123634,Nahariya
473423258,Gal,,Rubin,1995-01-30,gal.rubin@hotmail.com,055-5142525,Herzeliya
357070361,Rachel,,Sela,1939-05-31,rachel.sela@checkpoints.com,058-3736271,Petah-Tikva
270963711,Lihi,,Green,2000-01-29,lihi.green@walla.co.il,057-6622902,Eilat
146508439,Chaim,,Nir,1984-07-08,chaim.nir@walla.co.il,056-9134892,Nahariya
323357083,Avraham,,Lapid,1994-12-06,avraham.lapid@checkpoints.com,058-6720567,Jerusalem
269211291,Stav,,Golan,1974-01-22,stav.golan@walla.co.il,059-4724182,Petah-Tikva
235057312,Oren,,Deutsch,1970-04-10,oren.deutsch@gmail.com,053-1074124,Eilat
601561699,Alon,,Cohen,1957-11-27,alon.cohen@walla.co.il,052-1133760,Ashdod
921976984,Ofek,,Shani,1993-07-23,ofek.shani@walla.co.il,057-8870908,Ashdod
901972909,Coral,,Omer,1963-07-25,coral.omer@gmail.com,052-6352593,Haifa
844418816,Agam,,Kramer,1973-07-20,agam.kramer@gmail.com,050-2031438,Tel Aviv - Yafo
251994625,Sapir,Michael,Vaknin,1947-12-19,sapir.vaknin@gmail.com,057-4634051,Tel Aviv - Yafo
982240807,Meital,,Tzur,1966-05-26,meital.tzur@gmail.com,059-8167112,Beer-Sheva
827842037,Motti,,Sela,1998-10-25,motti.sela@walla.co.il,055-8289742,Herzeliya
536711889,Shira,,Dahan,1943-08-19,shira.dahan@teva.com,056-9791515,Jerusalem
309134166,Noa,,Lapid,2006-12-19,noa.lapid@hotmail.com,055-3555826,Haifa
984892178,Noa,,Grosman,1974-06-15,noa.grosman@teva.com,055-4292975,Ashdod
770168441,Guy,,Tal,2000-08-13,guy.tal@hotmail.com,051-5334775,Jerusalem
769764671,Shir,,Levi,1976-01-27,shir.levi@teva.com,054-9023548,Jerusalem
552403329,Israel,Yosef,Olmert,1937-10-14,israel.olmert@teva.com,059-2917457,Beer-Sheva
452995849,Yitzhak,,Peres,2004-08-06,yitzhak.peres@gmail.com,056-3539937,Rehovot
109570651,David,Yosef,Arad,1977-04-03,david.arad@hotmail.com,059-4505346,Petah-Tikva
697328599,Roy,,Ben-David,1962-12-29,roy.ben-david@hotmail.com,053-7008871,Ashdod
195840932,Dudi,Sarah,Zamir,1972-05-21,dudi.zamir@walla.co.il,059-2531586,Petah-Tikva
543635340,Orly,,Altman,1947-08-21,orly.altman@checkpoints.com,053-3613325,Tel Aviv - Yafo
322982284,Michael,,Harari,1949-07-22,michael.harari@walla.co.il,056-7121455,Haifa
936101486,Oren,,Klein,1960-03-15,oren.klein@gmail.com,054-3792503,Ashdod
136918075,Meital,,Rabin,1995-11-11,meital.rabin@gmail.com,058-7561954,Tel Aviv - Yafo
192729088,Yael,,Livne,1937-09-01,yael.livne@gmail.com,055-2443116,Nahariya
792525544,Sivan,,Begin,1987-07-01,sivan.begin@gmail.com,056-4641837,Rehovot
742390409,Sapir,,Olmert,1990-07-10,sapir.olmert@checkpoints.com,050-2500036,Tel Aviv - Yafo
665135403,Dudi,,Peled,1958-12-01,dudi.peled@walla.co.il,058-2911898,Tel Aviv - Yafo
969239391,Avigail,,Dotan,1992-12-20,avigail.dotan@hotmail.com,053-6635841,Petah-Tikva
744391846,Coral,,Zamir,2003-12-30,coral.zamir@hotmail.com,053-1828273,Petah-Tikva
858359280,Ofek,,Gur,1970-06-07,ofek.gur@gmail.com,053-8004222,Rehovot
282958826,Shahar,,Porat,2001-02-22,shahar.porat@gmail.com,052-8198924,Eilat
937314397,Shani,,Yarkoni,1939-07-15,shani.yarkoni@walla.co.il,050-6829790,Jerusalem
179081233,Michael,,Biton,1947-06-13,michael.biton@hotmail.com,053-5102144,Tel Aviv - Yafo
749249037,Rotem,,Oz,1996-01-07,rotem.oz@gmail.com,058-3093662,Petah-Tikva
250249575,Osnat,,Lazar,1965-12-22,osnat.lazar@walla.co.il,055-1482875,Beer-Sheva
535441011,Dan,,Lazar,1999-09-19,dan.lazar@hotmail.com,057-9031525,Rehovot
234502571,Limor,,Peles,1989-02-01,limor.peles@walla.co.il,053-8255176,Eilat
194254760,Agam,,Koren,1938-12-03,agam.koren@checkpoints.com,052-8715677,Rehovot
284573605,Kobi,,Shapira,1969-10-02,kobi.shapira@walla.co.il,057-9635622,Eilat
112018458,Ilan,,Yarkoni,1968-05-19,ilan.yarkoni@teva.com,056-2436553,Rehovot
723607953,Motti,,Eitan,1957-10-16,motti.eitan@hotmail.com,051-3274639,Herzeliya
263524359,Mor,,Rubin,1964-01-13,mor.rubin@walla.co.il,054-1418382,Eilat
301821554,Rami,,Deutsch,1960-10-14,rami.deutsch@gmail.com,055-1492012,Beer-Sheva
692099952,Motti,,Ronen,1996-01-21,motti.ronen@hotmail.com,055-7651859,Herzeliya
960531478,Michael,,Dotan,2001-05-01,michael.dotan@teva.com,051-6173587,Eilat
560131145,Yaakov,,Friedman,1976-02-21,yaakov.friedman@checkpoints.com,050-1073195,Nahariya
297177303,Leah,,Gabay,1951-03-30,leah.gabay@gmail.com,058-8502867,Eilat
996865037,Dan,,Goldberg,2004-01-25,dan.goldberg@teva.com,053-1279513,Haifa
733132508,Guy,Leah,Mizrachi,1995-01-31,guy.mizrachi1@gmail.com,050-2070518,Eilat
531107521,Limor,,Porat,1995-02-22,limor.porat@gmail.com,052-4809467,Jerusalem
780739347,Rami,,Mizrachi,2004-10-11,rami.mizrachi@gmail.com,057-4281046,Tel Aviv - Yafo
246137875,Leah,,Golan,1950-02-10,leah.golan@teva.com,056-3330234,Petah-Tikva
853497266,Yaron,,fuchs,1966-05-29,yaron.fuchs@checkpoints.com,054-1417460,Herzeliya
631306928,Meital,,Azoulay,1940-02-11,meital.azoulay@gmail.com,054-7560365,Nahariya
494577133,Bar,,Bareket,1964-01-12,bar.bareket@gmail.com,050-7382546,Eilat
371819915,Dana,,Ben-David,1943-07-13,dana.ben-david@gmail.com,054-7389052,Rehovot
689455353,Shahar,,Tzur,1976-10-12,shahar.tzur@checkpoints.com,058-4332402,Petah-Tikva
560591776,Tali,,Shapira,1964-03-02,tali.shapira@gmail.com,056-7570579,Petah-Tikva
655752874,Adi,,Eitan,1949-01-19,adi.eitan@checkpoints.com,057-8931634,Herzeliya
753852734,Shira,,Saban,1950-03-07,shira.saban@walla.co.il,059-4664866,Petah-Tikva
422945077,Rachel,,Shamir,1954-12-20,rachel.shamir@teva.com,055-9985406,Tel Aviv - Yafo
428137196,Adi,,Friedman,1943-11-16,adi.friedman@gmail.com,059-3933805,Eilat
310615559,Ilan,,Dahan,1968-06-12,ilan.dahan@gmail.com,057-3380326,Nahariya
105140193,Sarah,,Shani,2002-11-04,sarah.shani@walla.co.il,052-6621751,Eilat
477059584,David,Bat,Silberman,1946-09-16,david.silberman@teva.com,050-6031442,Herzeliya
169503511,Ariel,,Heller,1939-04-18,ariel.heller@teva.com,053-4754689,Ashdod
766192957,May,,Weiss,1936-12-26,may.weiss@teva.com,051-2873601,Haifa
594693358,Leah,,Levine,1947-12-02,leah.levine@walla.co.il,052-6770456,Beer-Sheva
339921653,Zohar,,Ronen,1947-10-22,zohar.ronen@gmail.com,055-5908268,Herzeliya
143999572,Roni,Bat,Yadin,1979-06-14,roni.yadin@gmail.com,051-8996632,Petah-Tikva
336136792,Meital,,Blau,1939-11-30,meital.blau@walla.co.il,052-8950828,Haifa
683918267,Ori,,Kraus,1986-05-02,ori.kraus@walla.co.il,054-7463778,Beer-Sheva
610701357,Dana,,Lazar,1940-02-16,dana.lazar@checkpoints.com,052-8137060,Petah-Tikva
208988708,Idan,,Sharon,1962-06-13,idan.sharon@gmail.com,058-2988574,Eilat
941315490,Sigal,,Guttman,2007-04-08,sigal.guttman@hotmail.com,059-1993391,Rehovot
713127985,Gil,,Katz,1969-10-28,gil.katz@gmail.com,050-4940487,Nahariya
630505579,Shalom,,Aharon,1944-08-19,shalom.aharon@gmail.com,059-3396435,Haifa
344345007,Iris,,Yosef,1940-04-19,iris.yosef@gmail.com,054-4844528,Eilat
697057829,Zohar,,Biton,1977-08-28,zohar.biton@checkpoints.com,051-5894791,Haifa
161401186,Omer,,Deutsch,1986-10-18,omer.deutsch@walla.co.il,054-7144953,Tel Aviv - Yafo
829631072,Omer,,Tamir,1943-09-23,omer.tamir@gmail.com,051-5132505,Petah-Tikva
242286492,Ron,,Feldman,1968-12-01,ron.feldman@walla.co.il,057-4100519,Nahariya
414396543,Kobi,,Peretz,1952-02-17,kobi.peretz@gmail.com,053-2427420,Eilat
859401717,Guy,,Porat,1969-06-06,guy.porat@hotmail.com,055-4775273,Beer-Sheva
813471849,Motti,,Kramer,1947-09-09,motti.kramer@teva.com,051-6380339,Tel Aviv - Yafo
538086917,Omer,,Nir,1948-02-22,omer.nir@walla.co.il,059-3122436,Rehovot
939944482,Roni,,Agbaria,1989-05-14,roni.agbaria@checkpoints.com,052-9543522,Beer-Sheva
898476584,Israel,,Shamir,1988-01-10,israel.shamir@checkpoints.com,059-3610866,Haifa
709026473,Shlomo,,Rubin,1947-08-01,shlomo.rubin@walla.co.il,056-9120950,Beer-Sheva
929869347,David,Sarah,Silberman,1947-04-23,david.silberman@walla.co.il,057-1016421,Ashdod
895089814,Eli,,Shamir,1990-11-27,eli.shamir@gmail.com,054-5599709,Herzeliya
793854062,Neta,,Peres,1986-08-22,neta.peres@hotmail.com,057-1574034,Jerusalem
899697241,Avigail,,Gur,2003-07-29,avigail.gur@gmail.com,059-6305096,Eilat
355271068,Sigal,Ben,Lapid,1954-04-17,sigal.lapid@checkpoints.com,053-5582570,Rehovot
419542823,Tali,,Agbaria,1943-08-14,tali.agbaria@gmail.com,053-8112937,Eilat
642227400,Noam,Bat,Dahan,1959-03-29,noam.dahan@teva.com,052-8489470,Haifa
176956109,Israel,,Sharon,1986-09-02,israel.sharon@gmail.com,054-7296438,Tel Aviv - Yafo
207964786,Lior,,Aharon,2008-04-09,lior.aharon@gmail.com,053-9982809,Eilat
281525693,Inbal,,Eitan,1939-05-15,inbal.eitan@hotmail.com,053-2288445,Rehovot
661536783,Itai,,Begin,1971-08-27,itai.begin@gmail.com,056-1151625,Jerusalem
192292087,Sigal,,Yarkoni,1986-07-04,sigal.yarkoni1@teva.com,056-1211902,Ashdod
904325154,Eyal,,Peled,1950-05-25,eyal.peled@walla.co.il,056-9089012,Haifa
149577858,Yaakov,,Mizrachi,2001-04-14,yaakov.mizrachi@gmail.com,051-1844801,Ashdod
109486493,Shani,,Omer,1984-05-26,shani.omer@hotmail.com,055-1462791,Eilat
999741821,Roni,Bat,Rubin,1967-05-17,roni.rubin@gmail.com,058-7229621,Beer-Sheva
921141717,David,,Lapid,2001-04-24,david.lapid@hotmail.com,054-6099136,Herzeliya
378680786,Inbal,,Kraus,1995-10-25,inbal.kraus@hotmail.com,056-6773327,Herzeliya
559331830,Nir,,Katz,1968-07-04,nir.katz@teva.com,051-9405818,Eilat
358253884,Motti,,Silberman,1996-06-20,motti.silberman@teva.com,056-7403574,Ashdod
684011182,Ofek,,Peretz,1964-03-05,ofek.peretz@gmail.com,057-2651642,Jerusalem
983865927,Yaakov,,Segal,1989-01-10,yaakov.segal@teva.com,054-7388440,Beer-Sheva
424190481,Yael,,Zilber,1992-10-01,yael.zilber@walla.co.il,056-4435865,Jerusalem
100911043,Shira,,Nir,1967-07-12,shira.nir1@walla.co.il,051-6002802,Haifa
417313888,Eyal,Yosef, Dayan,1960-10-25,eyal. dayan@teva.com,056-4476389,Rehovot
381247214,Ben,,Peretz,1973-09-12,ben.peretz@gmail.com,056-7501157,Nahariya
648160036,Ben,,Mizrachi,1959-01-31,ben.mizrachi@hotmail.com,053-1050162,Tel Aviv - Yafo
747843616,Ronit,, Dayan,1988-03-02,ronit. dayan@teva.com,051-6780009,Nahariya
859078422,Dudi,,Omer,1993-06-28,dudi.omer@walla.co.il,050-7430736,Herzeliya
742430594,Ofek,Michael,Vaknin,2004-01-22,ofek.vaknin@walla.co.il,052-2580209,Beer-Sheva
683273847,Rotem,Bat,Segal,1983-05-06,rotem.segal@walla.co.il,051-9700561,Jerusalem
121928229,Michael,Leah,Dotan,1956-03-12,michael.dotan@checkpoints.com,056-1896378,Ashdod
459344678,Iris,,fuchs,1943-02-14,iris.fuchs@checkpoints.com,058-5228602,Nahariya
612243896,Noa,,Sela,1952-07-11,noa.sela@hotmail.com,050-6296966,Haifa
244763884,Ori,Michael,Shaham,1959-07-11,ori.shaham@checkpoints.com,056-6632977,Rehovot
361191977,Noam,,Hoffman,2000-02-02,noam.hoffman@gmail.com,059-8734268,Herzeliya
994215458,Hila,,fuchs,1941-09-16,hila.fuchs@checkpoints.com,056-2734021,Rehovot
740684021,Avigail,,Harel,1964-10-02,avigail.harel@hotmail.com,058-2191695,Beer-Sheva
862922925,Kobi,,Porat,1956-01-11,kobi.porat@gmail.com,056-9898656,Haifa
790418078,Moshe,Yosef,Harari,1977-04-22,moshe.harari@gmail.com,052-2928025,Rehovot
229422754,Sarah,,Malka,1961-04-07,sarah.malka@gmail.com,054-1614565,Tel Aviv - Yafo
433367080,Meital,,Harel,1986-10-06,meital.harel@walla.co.il,052-6993780,Petah-Tikva
498971883,Oren,,Lapid,1988-05-10,oren.lapid@gmail.com,056-4932915,Nahariya
729209054,Gadi,,Olmert,1994-10-17,gadi.olmert@walla.co.il,054-4654534,Nahariya
171692520,Tali,,Rabin,1985-09-27,tali.rabin@checkpoints.com,057-8062735,Haifa
214131975,Shir,,Zamir,1972-02-16,shir.zamir@checkpoints.com,050-3038671,Eilat
524305155,Gil,,Geva,1976-05-31,gil.geva@gmail.com,051-4488137,Eilat
370249137,Adi,Yosef, Dayan,1989-01-03,adi. dayan@checkpoints.com,050-5066150,Tel Aviv - Yafo
928727323,Ron,,Gal,1949-03-10,ron.gal@teva.com,055-1774125,Nahariya
560258366,Sivan,,Tzur,1937-10-25,sivan.tzur@hotmail.com,058-8798283,Haifa
776068391,Maya,Leah,Shamir,1953-09-10,maya.shamir@hotmail.com,052-2805415,Ashdod
619106028,Orly,,Lapid,1979-01-19,orly.lapid@teva.com,051-8021886,Rehovot
645699513,Chaim,,Agbaria,1989-03-04,chaim.agbaria@hotmail.com,057-4223062,Rehovot
586213132,David,,Kramer,1997-09-04,david.kramer@walla.co.il,053-5928043,Tel Aviv - Yafo
858434529,Amit,Bat,Aharon,1950-07-19,amit.aharon@gmail.com,054-2578024,Nahariya
663940539,Eden,, Dayan,2003-01-12,eden. dayan@walla.co.il,053-4100890,Jerusalem
565874575,Adi,,Aharon,2000-02-02,adi.aharon@hotmail.com,051-6201002,Petah-Tikva
388251879,Tomers,,Marciano,1958-12-11,tomers.marciano@checkpoints.com,054-3605524,Tel Aviv - Yafo
998490017,Coral,Sarah,Deutsch,1980-12-06,coral.deutsch@walla.co.il,056-6889428,Beer-Sheva
226717996,Osnat,,Rabin,1949-07-23,osnat.rabin@gmail.com,055-7988187,Petah-Tikva
108659059,Avi,,Geva,1980-10-26,avi.geva@walla.co.il,055-4228028,Nahariya
678909734,Eli,Bat,Eshkol,1966-08-06,eli.eshkol@gmail.com,055-6218487,Haifa
422210519,Michal,,Azoulay,1952-08-03,michal.azoulay@gmail.com,058-4004521,Rehovot
181704545,Osnat,Leah,Lapid,1990-08-16,osnat.lapid@gmail.com,056-6360739,Nahariya
386869241,Amit,,Peres,1992-10-17,amit.peres@gmail.com,052-5057769,Ashdod
812927059,Gal,,Gal,1993-06-21,gal.gal@hotmail.com,055-4921299,Jerusalem
676877953,Lihi,,Azoulay,2000-03-14,lihi.azoulay@checkpoints.com,051-4219121,Nahariya
826716299,Yosef,,Oz,1938-04-01,yosef.oz@checkpoints.com,054-3127628,Petah-Tikva
506461429,Gal,,Bareket,1941-09-22,gal.bareket@gmail.com,054-7880529,Jerusalem
316436018,Yael,,Bareket,1954-04-20,yael.bareket@gmail.com,053-5317688,Jerusalem
607493145,Dana,,David,1942-05-13,dana.david@hotmail.com,056-8317885,Nahariya
933273151,Inbal,,Asulin,1986-03-09,inbal.asulin@teva.com,058-3962773,Rehovot
765958477,Ariel,,Tamir,2006-08-31,ariel.tamir@walla.co.il,054-4425948,Herzeliya
275115711,May,,Shani,1961-08-10,may.shani@checkpoints.com,059-7261552,Nahariya
749666568,Gal,,Asulin,1979-08-01,gal.asulin@hotmail.com,051-8890729,Rehovot
452334763,Yaakov,,Sarusi,1959-03-29,yaakov.sarusi@hotmail.com,053-1076004,Tel Aviv - Yafo
918215023,Kobi,,Peled,1996-04-19,kobi.peled@hotmail.com,058-8639157,Jerusalem
395033851,Noa,,Rabin,1950-08-30,noa.rabin@walla.co.il,056-9662828,Rehovot
561386307,Rotem,,Peled,1956-07-21,rotem.peled@gmail.com,057-1275165,Rehovot
852474211,Ori,,Blau,1950-11-23,ori.blau@gmail.com,056-1863863,Beer-Sheva
380098706,Eli,,Guttman,2001-04-14,eli.guttman@gmail.com,053-9784541,Petah-Tikva
954824896,Sapir,Yosef,fuchs,1965-06-07,sapir.fuchs@checkpoints.com,055-8026823,Rehovot
881571976,Michal,,Cohen,2001-08-30,michal.cohen@hotmail.com,058-8086318,Tel Aviv - Yafo
414102957,Leah,,Ramon,1947-04-02,leah.ramon@gmail.com,053-5766182,Jerusalem
495069737,Avi,,Gur,1956-11-26,avi.gur@hotmail.com,055-1312837,Petah-Tikva
448112611,May,,Mizrachi,1938-06-02,may.mizrachi@walla.co.il,056-4847454,Ashdod
468460612,Avigail,Leah,Dahan,1941-04-20,avigail.dahan@gmail.com,052-8291940,Beer-Sheva
832816859,Sarah,,Dotan,1945-03-21,sarah.dotan@walla.co.il,056-3892889,Rehovot
992195121,Yael,,Bar-On,2002-02-18,yael.bar-on@teva.com,056-5183703,Eilat
794523088,Noa,,Geva,1941-05-15,noa.geva@walla.co.il,058-1868567,Rehovot
310305599,Michal,,Bar-On,2006-11-01,michal.bar-on@teva.com,051-1364663,Beer-Sheva
920475331,Omer,,Guttman,1974-09-05,omer.guttman@hotmail.com,055-2410278,Nahariya
860330588,Dan,,Blau,1974-10-18,dan.blau@checkpoints.com,057-1818269,Jerusalem
515850822,Michal,Bat,Kraus,1941-06-26,michal.kraus@walla.co.il,053-5256873,Petah-Tikva
830147472,Noa,,Barkat,1985-05-16,noa.barkat@walla.co.il,058-7333733,Jerusalem
349783650,Ori,Bat,Dotan,1990-12-07,ori.dotan1@gmail.com,055-8377687,Rehovot
195323866,Ben,,Ben-Gurion,2004-03-30,ben.ben-gurion@walla.co.il,053-3080909,Ashdod
423682852,Maya,,Silberman,1970-02-19,maya.silberman@gmail.com,056-3280105,Rehovot
384505193,Nir,,Netanyahu,1953-07-07,nir.netanyahu1@gmail.com,054-5016918,Petah-Tikva
639485907,Sapir,Michael,Weiss,1991-06-19,sapir.weiss@walla.co.il,057-5257217,Tel Aviv - Yafo
908782525,Sarah,,Frank,1970-11-11,sarah.frank@hotmail.com,057-5720983,Tel Aviv - Yafo
615415905,Dor,,Heller,1980-11-21,dor.heller@hotmail.com,057-6884311,Jerusalem
420026154,Michael,,Malka,1966-04-06,michael.malka@checkpoints.com,053-4489005,Tel Aviv - Yafo
767856972,Kobi,,Friedman,1950-10-25,kobi.friedman@teva.com,050-5660093,Tel Aviv - Yafo
955030011,Bar,,Deutsch,1943-05-28,bar.deutsch@hotmail.com,052-5062907,Petah-Tikva
875619007,Leah,,Schwartz,1936-09-19,leah.schwartz@gmail.com,056-7131350,Jerusalem
467172954,Amit,,Stern,1996-11-09,amit.stern@walla.co.il,056-1535053,Tel Aviv - Yafo
139534273,Leah,Sarah,Heller,1942-06-05,leah.heller@gmail.com,051-2005458,Jerusalem
975027376,Avigail,,Sela,1948-10-24,avigail.sela@gmail.com,056-2305210,Beer-Sheva
437539518,Daniel,,Azoulay,1947-04-10,daniel.azoulay@gmail.com,058-4607712,Ashdod
945631194,Maya,,Green,1980-07-18,maya.green@teva.com,054-8891731,Ashdod
556394196,Michael,,Bar-On,1950-05-29,michael.bar-on@walla.co.il,058-9168168,Tel Aviv - Yafo
401360817,Eden,,Heller,1971-08-10,eden.heller@walla.co.il,056-3470633,Nahariya
116989506,Linoy,,Deutsch,1975-06-11,linoy.deutsch@walla.co.il,055-7290235,Tel Aviv - Yafo
665597871,Ronit,Leah,Oz,1993-10-24,ronit.oz@teva.com,053-4884887,Tel Aviv - Yafo
438814661,Maya,,Kramer,1952-08-17,maya.kramer@hotmail.com,056-3931569,Haifa
172032329,Rivka,,Friedman,1989-02-16,rivka.friedman@gmail.com,058-7518783,Rehovot
134608333,Avigail,,Shaham,1986-09-04,avigail.shaham@gmail.com,058-2514792,Petah-Tikva
587245729,Agam,,Rabin,1993-06-29,agam.rabin@gmail.com,057-6020284,Petah-Tikva
750373616,Leah,Leah,Asulin,1948-03-24,leah.asulin1@gmail.com,053-9464916,Ashdod
792713483,Ofek,,Silberman,1960-05-01,ofek.silberman@teva.com,056-7939388,Petah-Tikva
633542934,Ben,Ben,Elbaz,1990-04-09,ben.elbaz1@gmail.com,051-9480589,Jerusalem
109301481,Omer,,Silberman,1990-12-26,omer.silberman@gmail.com,056-6339847,Eilat
767868236,Zohar,,Lapid,1951-04-28,zohar.lapid@gmail.com,051-9203376,Eilat
746733407,Michal,,Schwartz,1952-12-02,michal.schwartz1@gmail.com,059-9766338,Petah-Tikva
857934826,Iris,,Malka,1958-10-31,iris.malka@walla.co.il,055-7056674,Eilat
218758081,Neta,,Blau,1952-11-01,neta.blau@gmail.com,053-4448288,Beer-Sheva
730927112,Ofek,,Aharon,1957-03-22,ofek.aharon@gmail.com,058-1688743,Tel Aviv - Yafo
310537146,Shahar,,Agbaria,1973-12-23,shahar.agbaria@gmail.com,054-3132975,Nahariya
976635303,Idan,,Aharon,1999-04-24,idan.aharon@teva.com,059-7207157,Nahariya
597475626,Kim,,Eitan,2003-11-13,kim.eitan@checkpoints.com,059-2704646,Haifa
167983122,Eyal,,Melamed,1991-03-15,eyal.melamed@gmail.com,051-2462235,Petah-Tikva
877098180,Yuval,,Azoulay,2001-01-04,yuval.azoulay@gmail.com,055-7080788,Jerusalem
157953960,Chaim,,Rubin,1991-07-04,chaim.rubin@gmail.com,054-5980024,Tel Aviv - Yafo
582947871,Hadar,Leah,Dotan,1999-07-31,hadar.dotan@gmail.com,059-7832808,Herzeliya
759182324,Gadi,,Elbaz,1980-06-19,gadi.elbaz@gmail.com,057-7824589,Rehovot
425962070,Itai,,Shani,1992-01-18,itai.shani@hotmail.com,059-2648873,Haifa
536593786,Avi,,Gal,1994-11-01,avi.gal@gmail.com,056-6147015,Beer-Sheva
763705212,Agam,Ben,David,1946-03-15,agam.david@teva.com,056-7384324,Nahariya
200162338,Yosef,,Friedman,1945-07-11,yosef.friedman@teva.com,058-3221550,Haifa
813129717,Rivka,,Grosman,1997-06-15,rivka.grosman@walla.co.il,058-3372220,Rehovot
189892241,Orly,,Harari,1951-04-17,orly.harari@walla.co.il,052-7392603,Nahariya
633187276,Yaron,Ben,Eshkol,2007-07-15,yaron.eshkol@gmail.com,059-4865379,Haifa
780270121,Hila,Bat,Harari,1959-01-29,hila.harari@teva.com,057-1824706,Jerusalem
269544529,Omer,Leah,Peretz,1949-03-26,omer.peretz@walla.co.il,054-6697547,Nahariya
305486907,Rami,,Heller,1995-07-19,rami.heller@hotmail.com,055-2482641,Petah-Tikva
455604686,Iris,,Bar-On,1950-11-21,iris.bar-on@gmail.com,052-9657185,Rehovot
117110715,Neta,,Dahan,2005-12-17,neta.dahan@gmail.com,052-5398103,Tel Aviv - Yafo
549370650,Hila,,Elbaz,1984-11-22,hila.elbaz@walla.co.il,056-6722127,Tel Aviv - Yafo
870964994,Motti,,Mizrachi,2001-01-18,motti.mizrachi@teva.com,058-9473491,Herzeliya
567777330,Erez,,Tal,2005-05-15,erez.tal@gmail.com,056-6523544,Herzeliya
563228518,Ariel,,Ben-David,1964-05-19,ariel.ben-david@hotmail.com,058-9563936,Ashdod
758571408,Eli,Yosef,Eitan,1949-05-30,eli.eitan@gmail.com,056-3147096,Haifa
958310961,Agam,,Ronen,2007-09-19,agam.ronen@gmail.com,057-5648869,Ashdod
185514406,Coral,,Geva,1989-04-22,coral.geva@hotmail.com,050-4478160,Herzeliya
230194626,May,,Begin,1961-10-15,may.begin@hotmail.com,055-5125381,Eilat
280913084,Sapir,,Ramon,2001-12-12,sapir.ramon@hotmail.com,051-5355625,Ashdod
968527300,Ilan,Michael,Shamir,1987-08-07,ilan.shamir@gmail.com,057-3149929,Eilat
889647519,Bar,,Frank,2003-06-26,bar.frank@checkpoints.com,059-6559653,Jerusalem
235393023,Limor,,Shamir,2007-10-31,limor.shamir@checkpoints.com,058-5292408,Eilat
667709348,Kim,,Netanyahu,1936-10-16,kim.netanyahu@gmail.com,056-3503994,Nahariya
270564185,Zohar,,Segal,2008-05-22,zohar.segal@checkpoints.com,051-9840625,Jerusalem
265638001,Rachel,,Deutsch,1969-05-07,rachel.deutsch@hotmail.com,058-6752035,Rehovot
674642822,Agam,,Elbaz,1970-08-21,agam.elbaz@walla.co.il,056-9308229,Eilat
960829732,Gadi,,Ben-David,1984-06-01,gadi.ben-david@teva.com,054-6460208,Nahariya
609967119,Anat,Michael,Klein,1951-06-17,anat.klein@gmail.com,051-9012394,Herzeliya
774855580,Eitan,,Arad,1964-09-14,eitan.arad@gmail.com,058-8673126,Petah-Tikva
412601246,Zohar,,Altman,1994-06-30,zohar.altman@walla.co.il,057-6422908,Beer-Sheva
903364932,Sigal,,Ohayon,1953-01-06,sigal.ohayon@walla.co.il,056-5314628,Herzeliya
340539372,Tamar,,Ben-Ari,1937-12-01,tamar.ben-ari@gmail.com,051-7009438,Rehovot
668426481,Dudi,,Lazar,1943-09-15,dudi.lazar@gmail.com,050-4465248,Herzeliya
890701302,Asaf,Ben,Zamir,1973-01-02,asaf.zamir@checkpoints.com,053-1631480,Beer-Sheva
914541546,Linoy,,Rubin,1950-01-08,linoy.rubin@teva.com,052-3894941,Petah-Tikva
255245364,Yosef,,Peles,1959-12-16,yosef.peles@checkpoints.com,053-6122245,Nahariya
279736849,Ben,,Berger,2004-02-26,ben.berger@hotmail.com,058-5262080,Rehovot
803200853,Meital,,Avraham,1951-09-04,meital.avraham@checkpoints.com,058-1563480,Petah-Tikva
108704457,Roy,,Stern,1958-11-15,roy.stern@gmail.com,051-6597615,Jerusalem
621806732,Ori,,Goldberg,1984-01-30,ori.goldberg@walla.co.il,050-6788983,Jerusalem
728966342,Adam,Yosef,Zilber,1965-01-23,adam.zilber@checkpoints.com,054-7759550,Haifa
632331787,Ariel,,Avraham,1941-04-21,ariel.avraham@gmail.com,056-6014920,Nahariya
715668084,Chaim,,David,1994-10-17,chaim.david@teva.com,058-6855653,Rehovot
875944748,Sigal,,Tzur,1986-06-22,sigal.tzur@checkpoints.com,050-9340414,Ashdod
465269903,Adi,Bat,Tamir,1973-11-17,adi.tamir@gmail.com,056-5359083,Jerusalem
752126276,Dana,,Zilber,1962-08-07,dana.zilber@gmail.com,054-7634113,Tel Aviv - Yafo
124025873,Ben,,Schwartz,1958-01-23,ben.schwartz@teva.com,059-2678642,Nahariya
642102655,Chaim,,Blau,1975-04-24,chaim.blau@gmail.com,052-5652939,Petah-Tikva
464055618,Roy,Michael,Bareket,1952-12-01,roy.bareket@hotmail.com,052-9724378,Jerusalem
712424236,Ron,,Gabay,1969-07-25,ron.gabay@gmail.com,056-6355946,Nahariya
425335588,Eden,,Ben-Ari,1937-04-27,eden.ben-ari@teva.com,053-6132445,Jerusalem
922309126,Mor,,Dotan,1964-05-03,mor.dotan@gmail.com,055-7887503,Nahariya
287605603,Omer,Sarah,Begin,1984-09-13,omer.begin@checkpoints.com,059-1902080,Ashdod
534774523,Meital,,Eitan,1998-06-08,meital.eitan@gmail.com,053-7038824,Nahariya
598015272,Stav,,Ohayon,1948-12-18,stav.ohayon@gmail.com,051-3064760,Herzeliya
790898108,Rivka,,Heller,1988-01-06,rivka.heller@checkpoints.com,054-5409566,Jerusalem
812118810,Shlomo,,Tzur,1960-05-25,shlomo.tzur@walla.co.il,052-3901599,Herzeliya
492219007,Stav,,Arad,1985-09-11,stav.arad@gmail.com,053-6748021,Petah-Tikva
795954125,Agam,,Gur,1999-12-28,agam.gur@walla.co.il,058-6516331,Herzeliya
602074165,Niv,,Oz,1994-12-05,niv.oz@gmail.com,052-9999410,Herzeliya
500376095,Tal,,Tamir,1948-01-20,tal.tamir@teva.com,059-6771537,Ashdod
901910509,Dudi,,Elbaz,1976-01-17,dudi.elbaz@hotmail.com,051-7858260,Rehovot
147578908,Adam,,Peles,1984-12-25,adam.peles@teva.com,051-4244994,Rehovot
280006670,Sarah,,Barkat,1949-10-02,sarah.barkat@checkpoints.com,054-8449748,Tel Aviv - Yafo
422748556,Yosef,Yosef,Heller,1955-05-05,yosef.heller1@walla.co.il,051-5269556,Ashdod
818806764,Kobi,,Shaham,1946-04-25,kobi.shaham@gmail.com,054-3088521,Eilat
475057454,Sapir,,Melamed,2004-10-15,sapir.melamed@hotmail.com,053-9377094,Petah-Tikva
500358926,Sapir,,Netanyahu,1997-07-12,sapir.netanyahu@walla.co.il,050-4203835,Nahariya
985456508,Lihi,Yosef,Yosef,1977-04-26,lihi.yosef@hotmail.com,050-1659573,Beer-Sheva
570652648,Kim,,Biton,1967-04-07,kim.biton@hotmail.com,054-1561089,Ashdod
527208012,Shir,,Levine,1975-10-10,shir.levine@hotmail.com,053-8117239,Ashdod
531434021,Iris,,Saban,1990-10-10,iris.saban@checkpoints.com,056-9167266,Jerusalem
495152475,Iris,,Silberman,1955-03-19,iris.silberman@walla.co.il,050-9204893,Tel Aviv - Yafo
587966880,Yosef,,Grosman,1989-04-19,yosef.grosman1@gmail.com,051-4584136,Jerusalem
959901261,Tal,,David,1953-08-14,tal.david@gmail.com,051-5565163,Jerusalem
150603678,Roni,,Heller,1980-09-24,roni.heller@gmail.com,057-6196843,Nahariya
343429068,Mor,,Green,1988-05-06,mor.green@gmail.com,057-7946545,Ashdod
816787711,Moshe,Yosef,Livne,1948-02-09,moshe.livne1@teva.com,053-7110350,Rehovot
491655300,Rami,,Levine,2006-04-10,rami.levine@hotmail.com,052-6749638,Haifa
818750379,Dor,,Eitan,1966-04-16,dor.eitan@checkpoints.com,059-5436173,Beer-Sheva
560811579,Motti,Bat,David,1948-03-23,motti.david@gmail.com,053-3789161,Beer-Sheva
383311170,Tali,,Tzur,1994-04-06,tali.tzur@checkpoints.com,056-2385938,Beer-Sheva
728762664,Dan,,Porat,1995-05-15,dan.porat@checkpoints.com,055-6136075,Rehovot
914136036,May,,Melamed,1984-11-02,may.melamed@teva.com,054-7334110,Herzeliya
979364546,Adi,,Vaknin,2001-09-05,adi.vaknin@gmail.com,058-2636713,Eilat
814825057,May,,Yarkoni,1989-05-08,may.yarkoni@walla.co.il,057-4147074,Eilat
119639059,Dorit,Bat,Schwartz,1958-12-15,dorit.schwartz@checkpoints.com,058-2682205,Nahariya
332344597,Hadar,,Begin,1981-07-15,hadar.begin@checkpoints.com,051-5688532,Ashdod
660737567,Rachel,,Stern,1984-08-01,rachel.stern@gmail.com,051-2867171,Haifa
575577319,Tomers,,Lavi,1973-08-14,tomers.lavi@gmail.com,053-1027169,Eilat
603276564,Ben,,Dahan,2007-08-02,ben.dahan@walla.co.il,057-8306319,Beer-Sheva
683539043,Sarah,,Lapid,1995-07-31,sarah.lapid1@teva.com,059-7260863,Tel Aviv - Yafo
618813636,Dor,,Koren,2002-08-22,dor.koren@teva.com,056-4112874,Beer-Sheva
635783912,Omer,,Dahan,1961-07-25,omer.dahan@checkpoints.com,058-7622837,Eilat
152963104,Limor,Yosef,Elbaz,1957-01-04,limor.elbaz1@gmail.com,050-4794808,Haifa
515669761,Yael,,Koren,1972-08-04,yael.koren@gmail.com,059-8204131,Ashdod
420523334,Ori,,Peled,1972-07-13,ori.peled@gmail.com,055-4870352,Nahariya
832002840,Yosef,,Altman,1986-02-02,yosef.altman@checkpoints.com,059-1556841,Nahariya
872361966,Shir,,Sharon,2007-02-23,shir.sharon@gmail.com,054-3192587,Herzeliya
974402433,Limor,,Omer,1955-01-18,limor.omer@walla.co.il,050-3070020,Eilat
207203508,Alon,,Zilber,1995-10-11,alon.zilber@hotmail.com,056-8793803,Tel Aviv - Yafo
596467660,Maya,Michael,Golan,1986-05-30,maya.golan@gmail.com,059-5176993,Rehovot
882355658,Ariel,,Lapid,1993-02-11,ariel.lapid@walla.co.il,050-3358804,Haifa
221420441,Gal,,Geva,1940-08-23,gal.geva@gmail.com,058-9557119,Ashdod
493889731,Maya,,Bar-On,1954-05-24,maya.bar-on@gmail.com,053-7174975,Eilat
347809316,Coral,,Arad,1991-04-19,coral.arad@teva.com,059-2387188,Tel Aviv - Yafo
538358997,Inbal,,fuchs,1979-04-06,inbal.fuchs@checkpoints.com,051-9053365,Petah-Tikva
463001974,Rivka,,Berger,1939-04-27,rivka.berger1@teva.com,055-3048795,Tel Aviv - Yafo
274938712,Linoy,,Katz,1939-11-21,linoy.katz@gmail.com,052-5102758,Jerusalem
193179911,Yaron,,Weiss,1951-08-02,yaron.weiss@hotmail.com,057-1200226,Jerusalem
463864010,May,,Harel,1964-04-28,may.harel@walla.co.il,051-9152593,Tel Aviv - Yafo
306422125,Yitzhak,,Goldberg,1967-12-29,yitzhak.goldberg@gmail.com,059-6091294,Beer-Sheva
239124162,Rivka,,Yarkoni,1978-12-06,rivka.yarkoni@gmail.com,056-5250843,Eilat
533482274,Shani,,Heller,1969-06-15,shani.heller@checkpoints.com,050-1157537,Rehovot
350372786,Daniel,,Gur,1940-04-28,daniel.gur@gmail.com,050-4819276,Jerusalem
903606476,Eden,,Begin,1940-10-21,eden.begin@walla.co.il,054-6709049,Beer-Sheva
672657956,Yaakov,,Peled,1969-03-02,yaakov.peled@teva.com,053-2964069,Eilat
199567689,Tal,Michael,Altman,1982-07-24,tal.altman@gmail.com,057-1863428,Ashdod
486416739,Motti,,Ben-Gurion,1965-09-17,motti.ben-gurion@walla.co.il,051-2764731,Beer-Sheva
155002408,Ben,,Geva,1981-01-07,ben.geva@walla.co.il,055-5864218,Herzeliya
549175816,Roni,Sarah,Heller,1937-08-21,roni.heller@walla.co.il,052-3792054,Rehovot
462767277,Tamar,Bat,Nir,1956-07-02,tamar.nir@gmail.com,059-9513944,Petah-Tikva
835815026,Neta,,Peles,1941-12-30,neta.peles@walla.co.il,050-8279185,Rehovot
797883290,Sapir,Sarah,Hoffman,1996-09-02,sapir.hoffman@walla.co.il,058-8991958,Tel Aviv - Yafo
770869311,Noga,,Guttman,1967-08-09,noga.guttman@walla.co.il,059-7284497,Ashdod
706665007,Bar,,Klein,1963-12-12,bar.klein@walla.co.il,059-4082605,Ashdod
174903247,Osnat,Yosef,Katz,1940-05-31,osnat.katz@gmail.com,055-3066998,Haifa
694744132,Dudi,,Kraus,1949-04-05,dudi.kraus@checkpoints.com,050-7826089,Eilat
801323114,Tomers,,Asulin,1987-09-26,tomers.asulin@gmail.com,053-1870498,Haifa
370831157,Maya,Yosef,Berger,1944-12-25,maya.berger@gmail.com,056-5338420,Jerusalem
830199142,Avraham,,Green,1949-10-29,avraham.green@gmail.com,053-6721425,Ashdod
677335662,Erez,,Rubin,1954-10-24,erez.rubin@gmail.com,051-3290763,Eilat
468974778,Rachel,,Kramer,2004-03-05,rachel.kramer@gmail.com,056-5444302,Petah-Tikva
670224031,Rami,,Schwartz,1965-07-28,rami.schwartz@checkpoints.com,055-5117278,Beer-Sheva
225034990,Motti,,Yadin,1936-10-20,motti.yadin@hotmail.com,050-5293710,Haifa
488812650,Tal,,Aharon,1961-01-14,tal.aharon@checkpoints.com,050-6435540,Jerusalem
576812652,Bar,,Olmert,1996-09-09,bar.olmert@gmail.com,055-1501027,Ashdod
698214656,Gal,,Tamir,1968-06-18,gal.tamir@hotmail.com,056-1459914,Haifa
180703238,Ben,,Biton,2000-03-09,ben.biton@hotmail.com,055-7732424,Rehovot
241431698,Lior,,Frank,1938-11-06,lior.frank@walla.co.il,052-9713995,Ashdod
269120170,Avigail,,Ramon,1971-11-13,avigail.ramon@gmail.com,059-2897507,Ashdod
223324899,Gal,,Levi,1940-04-30,gal.levi@gmail.com,058-9498639,Tel Aviv - Yafo
605740329,Avraham,,Mizrachi,1945-08-04,avraham.mizrachi@gmail.com,052-9842784,Ashdod
435243089,Roni,Ben,Nir,1995-05-02,roni.nir@teva.com,052-1060841,Beer-Sheva
876485521,Dan,,Feldman,1984-03-02,dan.feldman@gmail.com,056-5620894,Eilat
635033969,Eli,,Grosman,1946-01-28,eli.grosman@gmail.com,050-5514080,Rehovot
894269858,Yosef,Bat,Lapid,1972-02-18,yosef.lapid@teva.com,059-8504725,Petah-Tikva
396111085,Tomers,,Avraham,1943-10-28,tomers.avraham@walla.co.il,050-9074562,Eilat
964372245,Alon,Michael,Stern,1962-12-27,alon.stern@walla.co.il,052-4991428,Eilat
332107967,Erez,,Dotan,2007-08-06,erez.dotan@walla.co.il,050-2475128,Petah-Tikva
244506497,Yuval,Leah,Shaham,1948-12-29,yuval.shaham@hotmail.com,055-9391420,Beer-Sheva
766751583,Orly,Michael,Blau,2004-07-23,orly.blau@teva.com,051-8252546,Ashdod
754235618,Ben,Sarah,Livne,1996-12-12,ben.livne1@gmail.com,051-3192711,Tel Aviv - Yafo
874028813,Hila,,Hadad,1945-04-13,hila.hadad@gmail.com,059-8549131,Tel Aviv - Yafo
992645294,Tamar,,Geva,1990-10-18,tamar.geva@checkpoints.com,057-6712069,Eilat
273436506,Kobi,,David,1951-11-13,kobi.david@gmail.com,055-3095356,Beer-Sheva
561017825,Niv,,Harel,2001-01-23,niv.harel@gmail.com,059-3766121,Tel Aviv - Yafo
945634034,Stav,,Weiss,1967-04-24,stav.weiss@gmail.com,051-6197128,Haifa
725802391,Bar,,Shapira,1977-07-04,bar.shapira@hotmail.com,051-9676026,Eilat
801298681,Yaron,,Frank,1987-05-24,yaron.frank@checkpoints.com,056-8735772,Ashdod
284523693,Coral,,Sarusi,1951-07-14,coral.sarusi@gmail.com,053-6748005,Petah-Tikva
768550205,Stav,,Navon,1954-05-20,stav.navon@checkpoints.com,056-7071727,Ashdod
218452671,Roni,,Green,1980-12-15,roni.green@gmail.com,058-1721598,Haifa
758615338,Yaron,,Avraham,1988-03-22,yaron.avraham@gmail.com,058-1314787,Petah-Tikva
234605410,Shira,,Frank,1970-12-19,shira.frank@gmail.com,050-1836164,Nahariya
408250309,Moshe,Leah,Gal,1976-09-29,moshe.gal@walla.co.il,053-9017533,Rehovot
235174163,Inbal,,Sarusi,2005-07-26,inbal.sarusi@gmail.com,056-4874343,Tel Aviv - Yafo
739341065,May,,Katz,1984-06-14,may.katz@checkpoints.com,050-2682013,Herzeliya
259245019,Stav,Leah,Eitan,1998-05-03,stav.eitan@checkpoints.com,057-4092823,Haifa
452465217,Dor,,Geva,2007-05-23,dor.geva@gmail.com,051-9752729,Petah-Tikva
393021330,Rotem,,Aharon,1956-12-05,rotem.aharon@hotmail.com,053-6419744,Nahariya
616791389,Ben,,Katz,1986-03-06,ben.katz@checkpoints.com,059-1333515,Haifa
278417333,Mor,,Netanyahu,1941-12-27,mor.netanyahu1@gmail.com,057-4964080,Rehovot
448372578,Moshe,,Dahan,1995-09-06,moshe.dahan@hotmail.com,059-1266744,Nahariya
140733027,Shir,Michael,Gur,1967-11-13,shir.gur@walla.co.il,051-6230534,Petah-Tikva
256389404,Rotem,,Arad,1942-05-14,rotem.arad@teva.com,055-6336813,Petah-Tikva
807229411,Israel,,Ben-Gurion,1992-09-27,israel.ben-gurion@teva.com,053-3096161,Rehovot
764907326,Nir,Leah,Gal,1941-04-03,nir.gal@gmail.com,056-8430203,Herzeliya
310939708,Avigail,, Dayan,1972-08-16,avigail. dayan@hotmail.com,050-5650251,Herzeliya
327645802,Linoy,,Lapid,1992-02-05,linoy.lapid@checkpoints.com,055-3927917,Eilat
603380764,Rami,,Tal,1967-07-25,rami.tal@gmail.com,053-9572172,Beer-Sheva
337635242,Rachel,,Mizrachi,1987-09-06,rachel.mizrachi@gmail.com,055-5170012,Jerusalem
154195645,Amit,, Dayan,1999-06-07,amit. dayan@checkpoints.com,052-3558979,Petah-Tikva
914060565,Ron,Sarah,Turgeman,1960-03-14,ron.turgeman@gmail.com,053-8694639,Haifa
159017926,Sarah,, Dayan,1979-06-13,sarah. dayan@gmail.com,056-1808624,Haifa
366865760,Yosef,Ben,Rubin,1964-10-19,yosef.rubin@teva.com,051-7134379,Herzeliya
448178166,Shahar,Sarah,Harari,1984-08-07,shahar.harari@teva.com,050-5586602,Haifa
263544419,Ronit,,Nir,1977-12-13,ronit.nir@walla.co.il,054-2194645,Beer-Sheva
737514090,Eli,,Shapira,1975-02-19,eli.shapira@checkpoints.com,051-3207812,Herzeliya
927527207,Oren,,Malka,1986-02-25,oren.malka@checkpoints.com,055-1357715,Herzeliya
868258865,Kim,,Ben-David,1980-09-18,kim.ben-david@hotmail.com,054-2147253,Nahariya
865524890,Ron,,Omer,1963-12-05,ron.omer@checkpoints.com,055-7005275,Ashdod
230219625,Erez,,Spector,1992-12-13,erez.spector@hotmail.com,052-5658481,Rehovot
364174171,Yosef,Yosef,Spector,1996-07-01,yosef.spector@checkpoints.com,051-7118380,Rehovot
354956283,Adi,,Hadad,2008-06-18,adi.hadad@walla.co.il,056-2227380,Herzeliya
144598454,Shira,Sarah,Levine,1958-01-30,shira.levine@teva.com,056-9404963,Herzeliya
816877957,Sigal,,Kraus,1967-03-19,sigal.kraus@gmail.com,054-4185111,Jerusalem
843813587,Gal,,Peretz,1963-03-19,gal.peretz@gmail.com,059-1636561,Beer-Sheva
147385648,Daniel,,Asulin,1971-01-26,daniel.asulin@teva.com,051-1839786,Jerusalem
744133120,Adam,,Shaham,1961-06-25,adam.shaham@hotmail.com,058-2646905,Eilat
360997634,Rami,Sarah,Navon,1966-02-01,rami.navon@teva.com,058-6910853,Beer-Sheva
666336774,Dorit,,Silberman,1955-01-28,dorit.silberman@gmail.com,055-1590299,Nahariya
509964781,Anat,,Green,1960-06-02,anat.green@checkpoints.com,052-7378588,Ashdod
289082936,Zohar,Bat,Biton,1944-06-06,zohar.biton@walla.co.il,052-1029823,Eilat
220538092,Iris,,Livne,1982-06-25,iris.livne@walla.co.il,052-4240610,Ashdod
600481817,Oren,,Ben-David,1944-08-30,oren.ben-david@checkpoints.com,050-9950095,Jerusalem
658806232,May,,Gal,1957-06-04,may.gal1@gmail.com,051-5283277,Herzeliya
595478800,Daniel,,Sarusi,1984-11-24,daniel.sarusi@hotmail.com,050-8294423,Rehovot
665706460,Eyal,,Begin,1975-02-09,eyal.begin@gmail.com,058-6664429,Ashdod
426063402,Rachel,Ben,Sharon,1952-05-22,rachel.sharon@teva.com,057-4514978,Nahariya
257356483,Yosef,Michael,Begin,1961-01-19,yosef.begin@checkpoints.com,055-8189410,Herzeliya
914349140,Niv,,Eitan,1945-06-02,niv.eitan@walla.co.il,057-5059317,Tel Aviv - Yafo
826930601,Guy,,Yosef,1946-11-08,guy.yosef@hotmail.com,057-2816391,Nahariya
940487246,Eitan,Michael,Kraus,1959-06-01,eitan.kraus@walla.co.il,052-1211648,Beer-Sheva
254164973,Leah,Michael,Livne,1982-07-05,leah.livne@gmail.com,055-1398879,Tel Aviv - Yafo
467328707,Shira,,Peled,1963-01-09,shira.peled@teva.com,050-4502761,Nahariya
658805730,Eyal,Yosef,Kramer,1999-10-18,eyal.kramer@walla.co.il,053-1221284,Jerusalem
957204592,Noga,,Asulin,1988-10-25,noga.asulin@checkpoints.com,050-1461323,Tel Aviv - Yafo
723052768,Daniel,,Marciano,1994-05-31,daniel.marciano@hotmail.com,054-4792077,Tel Aviv - Yafo
627978826,Meital,,Ben-Gurion,1969-04-08,meital.ben-gurion@hotmail.com,059-7925241,Herzeliya
391488572,Bar,,Sharon,1962-08-08,bar.sharon@hotmail.com,057-4265708,Herzeliya
207133761,Oren,,Harel,1994-06-21,oren.harel@gmail.com,055-3603872,Ashdod
935359438,Michal,,Yadin,2008-02-28,michal.yadin@gmail.com,052-5191144,Tel Aviv - Yafo
239199119,Ofek,Yosef,Asulin,1941-10-29,ofek.asulin@walla.co.il,057-2712694,Haifa
485930437,Daniel,,Tzur,1957-12-12,daniel.tzur@teva.com,050-5402249,Beer-Sheva
654676496,Tali,,Segal,1963-01-23,tali.segal@gmail.com,055-2165173,Rehovot
532231483,Mor,,Dahan,1936-09-01,mor.dahan@gmail.com,052-4649210,Nahariya
236461556,Dan,,Peles,1939-05-03,dan.peles@gmail.com,057-1564477,Nahariya
697938709,Neta,,Ronen,1979-04-03,neta.ronen@gmail.com,057-7558348,Nahariya
446774671,Gadi,,Asulin,1994-08-08,gadi.asulin@gmail.com,052-3685540,Petah-Tikva
684351597,Erez,,Ronen,1986-08-13,erez.ronen@checkpoints.com,057-4937704,Ashdod
182473484,Yael,Ben,Feldman,1998-09-04,yael.feldman@hotmail.com,050-3558518,Rehovot
511495212,Daniel,,Peretz,1938-05-01,daniel.peretz@checkpoints.com,051-9411435,Nahariya
974651521,Motti,Michael,Ben-Ari,1974-08-03,motti.ben-ari@teva.com,059-3399386,Petah-Tikva
879838395,Dan,,Hoffman,1948-07-04,dan.hoffman@checkpoints.com,053-5856434,Beer-Sheva
148604517,Ofek,Ben,Sarusi,1990-10-08,ofek.sarusi@checkpoints.com,051-9651484,Beer-Sheva
219039671,Rami,Ben,Gur,1977-11-13,rami.gur@gmail.com,053-3626848,Herzeliya
783094030,David,,Guttman,1948-07-23,david.guttman@gmail.com,054-6231456,Ashdod
966157627,Lihi,Leah,Blau,1963-05-18,lihi.blau@walla.co.il,058-4568180,Beer-Sheva
123387118,Guy,,David,1976-10-20,guy.david@checkpoints.com,056-5559481,Herzeliya
948856783,Israel,,Blau,2006-01-30,israel.blau@gmail.com,053-8545277,Petah-Tikva
377316621,Eli,,Yadin,1961-05-30,eli.yadin@walla.co.il,050-4853231,Jerusalem
753327440,Ori,,Eshkol,1941-06-12,ori.eshkol@hotmail.com,054-2492527,Haifa
975980425,Tali,,Green,2002-03-07,tali.green@gmail.com,056-1283893,Jerusalem
280205750,Gal,,Olmert,1977-01-29,gal.olmert@gmail.com,051-1762915,Herzeliya
624963576,Erez,,Eitan,2005-04-14,erez.eitan@gmail.com,050-9955936,Nahariya
535988990,Ronit,,Weiss,1937-12-11,ronit.weiss@gmail.com,052-6404262,Jerusalem
122890375,Shalom,,Vaknin,1961-10-15,shalom.vaknin@walla.co.il,057-6038426,Eilat
506487543,Roni,,Gur,1961-12-27,roni.gur@hotmail.com,054-9535670,Petah-Tikva
654871652,Chaim,Leah,Heller,1986-06-04,chaim.heller@walla.co.il,051-1425355,Tel Aviv - Yafo
589620796,Stav,,Cohen,1968-08-27,stav.cohen@walla.co.il,053-9060974,Herzeliya
716458815,Avigail,,Gal,1990-05-31,avigail.gal@checkpoints.com,050-8451620,Eilat
716042634,Shir,,Olmert,2003-11-11,shir.olmert@gmail.com,054-1396379,Haifa
969895920,Hila,,Weiss,1970-08-06,hila.weiss@walla.co.il,054-4815971,Jerusalem
812526377,Ilan,,Shamir,1945-08-12,ilan.shamir1@gmail.com,055-3713858,Jerusalem
709398852,Ori,,Kramer,2006-02-26,ori.kramer@checkpoints.com,053-4928188,Herzeliya
361781578,Avraham,Sarah,Sharon,1946-03-17,avraham.sharon@checkpoints.com,059-4021783,Rehovot
772707557,Yuval,,Goldberg,1973-11-29,yuval.goldberg@teva.com,051-9013176,Ashdod
971650033,Rami,,Goldberg,1974-10-16,rami.goldberg@checkpoints.com,055-5086952,Nahariya
694217441,Shani,Leah,Tzur,2001-07-07,shani.tzur@gmail.com,054-4368163,Beer-Sheva
921526464,Ben,,Harel,2005-07-16,ben.harel@walla.co.il,050-7128570,Herzeliya
700452586,Ronit,,Yosef,1987-12-28,ronit.yosef@checkpoints.com,055-8759588,Nahariya
234534905,Itai,Bat,Ben-Gurion,1978-02-13,itai.ben-gurion@gmail.com,056-4153748,Herzeliya
905430244,Leah,,Zilber,1989-10-25,leah.zilber@checkpoints.com,059-9977736,Nahariya
580886467,Moshe,,David,1949-02-01,moshe.david@teva.com,055-7050186,Ashdod
105264105,Gil,,Gal,1986-01-21,gil.gal@teva.com,052-8976494,Beer-Sheva
877709698,Lior,,Zilber,1941-06-26,lior.zilber@hotmail.com,052-7075296,Herzeliya
235445214,Roni,Ben,Koren,1952-10-22,roni.koren@gmail.com,056-1899191,Tel Aviv - Yafo
954990894,David,,Livne,2003-07-26,david.livne@gmail.com,055-8115760,Beer-Sheva
545901527,Shlomo,,Sela,1958-02-16,shlomo.sela@gmail.com,054-9628019,Beer-Sheva
249588410,Michael,Leah, Dayan,1942-02-27,michael. dayan@hotmail.com,058-3347663,Jerusalem
993576614,Yaron,Leah,Oz,1946-12-08,yaron.oz@teva.com,058-7792742,Ashdod
237285099,Guy,,Bareket,2001-12-07,guy.bareket@gmail.com,054-5402331,Eilat
234076996,Nir,,Bareket,1966-09-16,nir.bareket@teva.com,053-7923821,Herzeliya
440386829,Eden,Bat,Kraus,1997-03-10,eden.kraus@gmail.com,058-3285269,Haifa
122539199,Bar,,Barkat,1961-04-27,bar.barkat@teva.com,056-5822224,Beer-Sheva
616139379,Lihi,,Agbaria,1952-04-01,lihi.agbaria@teva.com,053-1487474,Haifa
303563518,Bar,,Sarusi,1946-08-09,bar.sarusi@teva.com,056-5005322,Rehovot
644111095,Alon,,Melamed,1953-11-08,alon.melamed@hotmail.com,051-7942866,Ashdod
566589584,Maya,,Levi,1995-04-25,maya.levi@gmail.com,059-2136149,Nahariya
468604197,Ariel,Leah,Dotan,1972-06-09,ariel.dotan@checkpoints.com,057-2706225,Haifa
508595597,Roni,,Eitan,1985-03-16,roni.eitan@hotmail.com,059-6383442,Haifa
300252933,Adi,,Zamir,1971-05-08,adi.zamir@checkpoints.com,054-5330840,Petah-Tikva
834218365,Oren,,Vaknin,1986-04-04,oren.vaknin@checkpoints.com,056-8298194,Eilat
338975040,Ofek,,Dahan,2006-05-09,ofek.dahan@hotmail.com,058-1411407,Herzeliya
703366241,Nir,Michael,Kramer,1980-01-26,nir.kramer@teva.com,055-1935938,Rehovot
850116496,Tomers,,Lapid,1965-07-27,tomers.lapid@hotmail.com,050-3881158,Herzeliya
719685716,Noam,,Tal,1944-07-18,noam.tal@teva.com,054-7546024,Jerusalem
602470450,Tomers,,Omer,1943-07-16,tomers.omer@walla.co.il,056-1377274,Jerusalem
256502391,Alon,,Rubin,2002-01-12,alon.rubin@hotmail.com,050-3939520,Nahariya
443033595,Tal,,Tzur,1957-08-06,tal.tzur@walla.co.il,057-4814778,Ashdod
485476525,Dan,,Sela,1977-06-20,dan.sela@gmail.com,059-3450291,Petah-Tikva
872891882,Rotem,,Gabay,2001-12-09,rotem.gabay@gmail.com,057-4633465,Rehovot
801084706,Stav,Bat,Spector,1975-10-23,stav.spector@hotmail.com,054-3690523,Jerusalem
323332161,David,,Levi,1976-02-07,david.levi@walla.co.il,053-1538101,Eilat
851002240,Omer,,Geva,1952-03-02,omer.geva@gmail.com,058-3337324,Eilat
600726238,Ofek,,Segal,2005-01-02,ofek.segal@walla.co.il,058-9804078,Jerusalem
189361676,Tomers,,Gur,1944-04-10,tomers.gur@walla.co.il,055-5875593,Eilat
474666864,Adam,Bat,Zamir,2007-12-11,adam.zamir@gmail.com,059-8536142,Tel Aviv - Yafo
691001660,Shira,,Grosman,1985-10-20,shira.grosman@checkpoints.com,051-8329186,Haifa
626194403,Avi,,Yarkoni,1989-10-02,avi.yarkoni@teva.com,056-6473518,Beer-Sheva
479548891,Anat,,Azoulay,2006-10-14,anat.azoulay@gmail.com,055-2354996,Tel Aviv - Yafo
651116857,David,,Oz,1960-04-15,david.oz@checkpoints.com,054-3162548,Haifa
560929902,Idan,,Liberman,2007-05-19,idan.liberman@gmail.com,056-1180109,Ashdod
264863105,Kim,,Koren,2008-04-12,kim.koren@teva.com,053-5558647,Haifa
979689710,Orly,,Vaknin,1967-07-18,orly.vaknin@gmail.com,053-2924816,Rehovot
924118397,Yaron,,Klein,1958-04-09,yaron.klein@gmail.com,059-2876652,Rehovot
942414476,Gal,,Ben-Ari,1958-06-17,gal.ben-ari@walla.co.il,054-1155184,Jerusalem
321557294,Avraham,,Turgeman,1985-11-10,avraham.turgeman@gmail.com,050-7535309,Beer-Sheva
568037732,Erez,,Sarusi,2008-02-24,erez.sarusi@gmail.com,058-5821676,Petah-Tikva
946944948,Linoy,,Weiss,1999-07-30,linoy.weiss@gmail.com,051-9217504,Rehovot
421396378,Omer,,Sela,1946-05-03,omer.sela@gmail.com,058-1060279,Nahariya
239150423,Shira,Ben,Yosef,1980-01-07,shira.yosef1@checkpoints.com,050-7844188,Nahariya
715410526,Shir,Leah,Kraus,1939-03-14,shir.kraus@gmail.com,051-6534739,Haifa
860583176,Anat,,Deutsch,1986-08-05,anat.deutsch@teva.com,052-3234039,Eilat
151533382,Michal,,Arad,1991-03-18,michal.arad@walla.co.il,057-6102969,Jerusalem
475639404,Tamar,Leah,Rabin,1944-07-22,tamar.rabin@gmail.com,057-7787925,Haifa
464924434,Kim,,Bareket,1975-11-13,kim.bareket@gmail.com,051-2458604,Beer-Sheva
442890106,Asaf,,Nir,1992-03-30,asaf.nir@walla.co.il,057-3972390,Rehovot
396739691,Shahar,Bat,Peled,2006-10-01,shahar.peled@gmail.com,055-9953106,Eilat
843175867,Noga,,Marciano,1975-11-02,noga.marciano@hotmail.com,052-1758255,Herzeliya
890759554,Hila,,Ramon,1979-09-20,hila.ramon@walla.co.il,057-2480812,Beer-Sheva
830809546,Alon,,fuchs,1936-12-27,alon.fuchs@hotmail.com,053-1307382,Petah-Tikva
914536385,Anat,,Heller,1995-09-21,anat.heller@walla.co.il,054-6454918,Beer-Sheva
482944682,Zohar,,Geva,2005-01-13,zohar.geva@checkpoints.com,051-6849049,Haifa
503685061,Shalom,,Cohen,1990-12-21,shalom.cohen@gmail.com,057-8258208,Beer-Sheva
239484115,Osnat,,Arad,1962-03-22,osnat.arad@hotmail.com,059-4813147,Tel Aviv - Yafo
884392691,Yaron,,Harel,1965-07-18,yaron.harel@hotmail.com,059-3124764,Ashdod
621570091,Kim,,Lavi,1947-10-31,kim.lavi@gmail.com,052-9612818,Herzeliya
352170486,Yaron,,Heller,1986-10-04,yaron.heller@gmail.com,059-1143494,Tel Aviv - Yafo
760862890,Motti,,Ben-Ari,1943-03-22,motti.ben-ari1@teva.com,054-5642138,Herzeliya
596664434,Dorit,,Porat,1936-10-06,dorit.porat@gmail.com,054-2850851,Tel Aviv - Yafo
585223370,Yuval,,Sela,1993-04-01,yuval.sela@teva.com,056-3272267,Rehovot
787462682,Noga,,Schwartz,1987-09-12,noga.schwartz@gmail.com,057-6950148,Nahariya
217172257,Meital,,Zilber,1942-09-19,meital.zilber@gmail.com,053-6719060,Nahariya
800358209,Eyal,,Liberman,1962-04-07,eyal.liberman@gmail.com,059-1909160,Ashdod
560842793,Inbal,,Arad,1968-02-14,inbal.arad@hotmail.com,053-9336250,Herzeliya
547363494,Osnat,Yosef,Tamir,1961-04-27,osnat.tamir1@gmail.com,053-6143609,Tel Aviv - Yafo
624851130,Meital,Yosef,Liberman,1950-01-10,meital.liberman@teva.com,051-8817694,Ashdod
516536103,Noam,,Nir,1991-03-11,noam.nir@gmail.com,050-1043856,Ashdod
457588944,Dorit,Bat,Netanyahu,1988-06-02,dorit.netanyahu@gmail.com,052-7586532,Herzeliya
309988936,Eitan,,Blau,1946-03-29,eitan.blau@teva.com,055-2994494,Petah-Tikva
840851713,Israel,Bat,Ronen,1986-06-29,israel.ronen@gmail.com,057-9175518,Beer-Sheva
135841318,Motti,,Saban,1980-05-14,motti.saban@gmail.com,055-8574654,Tel Aviv - Yafo
259769048,Yitzhak,,Dahan,1966-05-06,yitzhak.dahan@gmail.com,051-4264201,Rehovot
431966738,Leah,,Feldman,1936-10-27,leah.feldman@walla.co.il,056-2864906,Haifa
215720968,Gadi,,Ramon,1949-01-30,gadi.ramon@hotmail.com,051-3474218,Ashdod
826924077,Agam,,Sharon,1970-12-28,agam.sharon@gmail.com,050-8341700,Rehovot
210990496,Adam,,Segal,1959-12-30,adam.segal@teva.com,053-1443165,Herzeliya
514682628,Shira,,Asulin,1946-03-09,shira.asulin@gmail.com,053-1073332,Petah-Tikva
498335005,Dana,,Rubin,1978-01-08,dana.rubin@hotmail.com,055-1856562,Haifa
107104897,Nir,,Harari,1960-03-08,nir.harari@hotmail.com,054-4630379,Jerusalem
793815464,Ariel,,Shaham,1991-05-03,ariel.shaham@hotmail.com,059-2035429,Petah-Tikva
828398741,Bar,Bat,Biton,1946-03-31,bar.biton@teva.com,053-7716043,Nahariya
504832514,Eden,,Tzur,1995-10-14,eden.tzur@walla.co.il,059-1291453,Haifa
836213139,Amit,Yosef,Levine,1974-12-07,amit.levine@gmail.com,050-7717783,Beer-Sheva
591678787,Noga,Leah,Harel,1967-01-24,noga.harel@gmail.com,051-6717009,Beer-Sheva
324181309,Rivka,,Aharon,1967-07-11,rivka.aharon@walla.co.il,059-8979634,Haifa
222949034,Neta,,Zamir,1959-01-30,neta.zamir@teva.com,053-4987452,Jerusalem
731538641,Linoy,,Gur,2002-01-09,linoy.gur@teva.com,059-3643272,Nahariya
505793302,Sigal,Ben,Ben-Ari,1978-04-14,sigal.ben-ari@gmail.com,050-9059505,Beer-Sheva
271385746,Idan,Ben,Kraus,1958-05-13,idan.kraus@gmail.com,052-9571611,Jerusalem
800474552,Stav,,Guttman,1992-03-21,stav.guttman@walla.co.il,050-6294160,Petah-Tikva
681402974,Shahar,,Guttman,1959-06-01,shahar.guttman@gmail.com,050-7714734,Jerusalem
261840697,Eitan,,Tal,1946-04-19,eitan.tal@teva.com,050-2327921,Haifa
552462395,Yaron,Michael,Tamir,1985-04-29,yaron.tamir1@walla.co.il,056-7135005,Eilat
722329873,Michal,,Grosman,1984-03-30,michal.grosman@walla.co.il,056-1220468,Nahariya
547703056,Meital,,Mizrachi,1984-09-25,meital.mizrachi@walla.co.il,052-5312912,Herzeliya
631306826,Gadi,,Dotan,1968-12-03,gadi.dotan@gmail.com,059-5573210,Rehovot
156755575,Mor,Sarah,Azoulay,1962-06-04,mor.azoulay@hotmail.com,059-8612834,Haifa
686000918,Avigail,,Levine,2003-01-13,avigail.levine@checkpoints.com,059-3287252,Eilat
955395254,Omer,,Green,2002-02-22,omer.green@teva.com,056-5314387,Beer-Sheva
569812347,David,,Cohen,1964-05-01,david.cohen@gmail.com,058-8117654,Tel Aviv - Yafo
459369434,Lihi,,Shamir,1959-11-04,lihi.shamir@hotmail.com,050-4376662,Beer-Sheva
840853620,Ronit,,Green,1966-03-12,ronit.green@checkpoints.com,059-7168683,Beer-Sheva
254989517,Stav,,Sela,1997-06-24,stav.sela@gmail.com,054-3240364,Eilat
821824369,Dorit,Yosef,Gabay,1937-07-01,dorit.gabay@gmail.com,051-2436128,Nahariya
697394405,Dorit,,Sarusi,1961-09-04,dorit.sarusi@walla.co.il,050-2988097,Ashdod
101261301,Meital,,Bar-On,1947-01-24,meital.bar-on@walla.co.il,057-2724223,Herzeliya
283126711,Yaakov,,Kramer,1999-04-02,yaakov.kramer@teva.com,050-8907028,Petah-Tikva
162508055,Noa,,Ben-David,1959-05-17,noa.ben-david@hotmail.com,055-8426175,Nahariya
507277898,Rotem,,Yarkoni,1982-03-09,rotem.yarkoni@walla.co.il,051-1901080,Herzeliya
712730673,Avraham,,Avraham,2003-12-16,avraham.avraham@checkpoints.com,051-9327575,Eilat
891250268,Inbal,,Peretz,2007-06-22,inbal.peretz@gmail.com,050-3493048,Herzeliya
836670170,May,,Yadin,1947-04-16,may.yadin@hotmail.com,052-1549824,Beer-Sheva
605375873,Inbal,,Oz,1966-01-24,inbal.oz@gmail.com,057-6599609,Jerusalem
992726733,May,,Segal,1974-02-13,may.segal@teva.com,059-5327097,Haifa
160297407,Noa,,Katz,1998-05-25,noa.katz@gmail.com,053-8395538,Petah-Tikva
142251065,Dorit,Bat,Feldman,1987-02-24,dorit.feldman@walla.co.il,059-4854891,Ashdod
947627611,Gal,,Sharon,1957-02-01,gal.sharon@checkpoints.com,059-8504258,Rehovot
504504391,Noga,,Cohen,1979-10-21,noga.cohen@gmail.com,057-2483166,Ashdod
423388093,Dudi,Michael,Tzur,1961-10-18,dudi.tzur@gmail.com,059-7559647,Eilat
646684841,Daniel,,Vaknin,1953-08-08,daniel.vaknin@gmail.com,058-1978314,Jerusalem
404128204,Linoy,,Dahan,1968-09-06,linoy.dahan@gmail.com,054-6548242,Tel Aviv - Yafo
706596943,Eli,,Geva,1989-10-10,eli.geva@gmail.com,054-7272755,Jerusalem
217338853,Noam,Ben,Omer,1945-08-19,noam.omer@hotmail.com,055-2188167,Eilat
649410704,Avi,,Tamir,1943-04-28,avi.tamir@gmail.com,059-4730791,Haifa
182006134,Rachel,,Silberman,1971-07-26,rachel.silberman@gmail.com,058-4517253,Tel Aviv - Yafo
979109212,Limor,,Blau,1990-09-20,limor.blau@teva.com,054-9923353,Tel Aviv - Yafo
915356141,Yaakov,,Levine,1970-12-24,yaakov.levine@gmail.com,052-6807691,Nahariya
631867365,Limor,,Grosman,1978-10-04,limor.grosman@gmail.com,058-3750882,Nahariya
655169243,Ben,,Tamir,1944-02-05,ben.tamir@hotmail.com,052-2077730,Petah-Tikva
605174444,Dorit,,Turgeman,1960-02-07,dorit.turgeman@gmail.com,057-6117841,Rehovot
105282665,Shira,,Golan,1967-08-27,shira.golan@gmail.com,057-5229032,Ashdod
952982314,Amit,,Katz,2001-06-27,amit.katz@walla.co.il,052-9372443,Herzeliya
674811956,Israel,,Gabay,1995-08-11,israel.gabay@hotmail.com,052-8110574,Ashdod
559408494,Eli,,Arad,1953-01-11,eli.arad@walla.co.il,059-9803619,Ashdod
605342768,Anat,,Marciano,1962-07-15,anat.marciano@gmail.com,057-5947785,Beer-Sheva
352973742,Maya,Sarah,Cohen,1996-04-25,maya.cohen@teva.com,059-4574029,Rehovot
812415093,Chaim,,Yarkoni,1985-12-31,chaim.yarkoni@walla.co.il,053-9655910,Nahariya
129222275,David,,Levine,1961-03-01,david.levine@gmail.com,054-9028183,Nahariya
360276232,Gal,,Begin,1977-03-07,gal.begin@walla.co.il,051-2172819,Herzeliya
539793388,Gadi,Bat,Green,1945-08-16,gadi.green1@gmail.com,050-8807008,Tel Aviv - Yafo
209669955,Neta,Bat,Biton,1968-03-16,neta.biton@teva.com,054-5047880,Jerusalem
156755345,Niv,,Guttman,1992-09-20,niv.guttman@checkpoints.com,057-2130881,Eilat
544374888,Orly,,Koren,1981-10-10,orly.koren@walla.co.il,055-8019080,Jerusalem
167245255,Ori,,Hadad,1989-09-20,ori.hadad@hotmail.com,050-9246718,Eilat
299724629,Rami,,Shaham,1936-12-11,rami.shaham@gmail.com,056-7982617,Beer-Sheva
442469902,Sivan,,Elbaz,1962-09-20,sivan.elbaz@gmail.com,058-7733365,Rehovot
994835716,Shira,,Katz,2005-12-15,shira.katz@gmail.com,058-9761958,Haifa
463556679,Ariel,,Malka,1949-01-27,ariel.malka@hotmail.com,058-7395906,Rehovot
758689884,Tamar,,Altman,1944-05-30,tamar.altman@hotmail.com,058-6203659,Haifa
676445677,Asaf,,Shapira,1960-10-01,asaf.shapira@gmail.com,057-1604035,Herzeliya
265480176,Yaakov,Bat,Saban,1948-01-08,yaakov.saban@gmail.com,059-8722075,Beer-Sheva
325065070,Kim,,Shapira,1989-11-15,kim.shapira@checkpoints.com,056-7402777,Eilat
904202650,Ben,,Lavi,1970-03-08,ben.lavi@hotmail.com,055-4123122,Ashdod
254645823,Zohar,,Heller,2005-12-04,zohar.heller@teva.com,053-3508919,Tel Aviv - Yafo
643118976,Ben,,fuchs,1984-06-07,ben.fuchs@walla.co.il,051-1121687,Rehovot
783553361,Shir,,Deutsch,1977-11-03,shir.deutsch@walla.co.il,052-4235952,Haifa
727077308,Ron,Bat,Barkat,1938-12-02,ron.barkat1@walla.co.il,053-3123388,Haifa
691364231,Tal,,fuchs,2006-07-02,tal.fuchs@gmail.com,052-5271038,Tel Aviv - Yafo
462657536,Shira,,Hoffman,1943-05-12,shira.hoffman@checkpoints.com,053-8547535,Ashdod
797115093,Yitzhak,Yosef,Marciano,1965-10-08,yitzhak.marciano@hotmail.com,058-2160153,Herzeliya
946876253,Motti,,Kraus,1982-12-03,motti.kraus@walla.co.il,057-4906518,Eilat
901130413,Gil,,Liberman,1992-07-14,gil.liberman@hotmail.com,051-3735270,Petah-Tikva
684505346,Roni,,Weiss,1966-10-17,roni.weiss@teva.com,057-1486663,Tel Aviv - Yafo
807848685,Gal,,Shapira,1953-05-12,gal.shapira@gmail.com,055-5681638,Haifa
125801420,Orly,,Shani,1990-01-09,orly.shani@gmail.com,051-3160461,Tel Aviv - Yafo
342009512,Rachel,,Geva,1946-04-16,rachel.geva@gmail.com,053-9465020,Ashdod
197836569,May,Bat,Berger,1986-04-22,may.berger@gmail.com,056-1894914,Herzeliya
688533376,Roni,Leah,Malka,2007-01-06,roni.malka@gmail.com,055-4665145,Jerusalem
590736838,Maya,,Stern,1967-05-30,maya.stern@gmail.com,052-8547260,Ashdod
277919851,Eyal,,Netanyahu,1979-12-08,eyal.netanyahu@walla.co.il,055-8239257,Nahariya
817029618,Shira,,Silberman,1977-12-22,shira.silberman@hotmail.com,055-7221890,Herzeliya
127292416,Roni,,Rubin,1987-01-01,roni.rubin@teva.com,056-3248209,Nahariya
862435713,Tali,,Katz,1981-08-02,tali.katz@hotmail.com,055-5802058,Beer-Sheva
700383573,Ofek,,Oz,1994-02-20,ofek.oz@teva.com,055-3197504,Herzeliya
253987655,Shalom,,Blau,1939-02-16,shalom.blau1@hotmail.com,058-3751892,Beer-Sheva
523438238,Sigal,Ben,Melamed,1953-10-14,sigal.melamed@teva.com,052-2552418,Petah-Tikva
417668163,Adi,Bat,Levine,2004-11-29,adi.levine@checkpoints.com,052-8945425,Rehovot
921449238,Eli,,Sarusi,2006-03-24,eli.sarusi@hotmail.com,058-3373918,Petah-Tikva
160863444,Alon,,Shamir,1986-10-29,alon.shamir@gmail.com,051-3827486,Petah-Tikva
725722562,Guy,,Netanyahu,1982-07-22,guy.netanyahu@teva.com,050-5202935,Beer-Sheva
289008021,Sapir,,Azoulay,2005-01-20,sapir.azoulay@gmail.com,052-6932120,Ashdod
713830417,Adi,,Sela,1945-01-25,adi.sela@gmail.com,054-9027107,Nahariya
803738752,Sarah,,Levine,1972-01-20,sarah.levine@gmail.com,051-2458953,Beer-Sheva
318985733,Yael,,Rabin,1987-08-11,yael.rabin@gmail.com,058-7155388,Ashdod
173720275,Guy,,Barkat,1947-01-09,guy.barkat@hotmail.com,056-3951122,Ashdod
559044997,Lior,Yosef,Kraus,1987-01-27,lior.kraus@gmail.com,052-2945729,Beer-Sheva
261852955,David,,Netanyahu,2000-10-15,david.netanyahu@teva.com,053-9430564,Beer-Sheva
340290885,Yaakov,,Azoulay,1981-02-21,yaakov.azoulay@hotmail.com,050-3730679,Nahariya
792268054,Zohar,Yosef,Ben-Gurion,1947-10-05,zohar.ben-gurion@walla.co.il,054-7047576,Haifa
302138244,David,Sarah,Geva,1955-08-05,david.geva@gmail.com,058-3585029,Beer-Sheva
820159873,Niv,,Ronen,1958-02-24,niv.ronen@teva.com,053-2578739,Ashdod
772200292,Yuval,Michael,Shaham,1944-09-12,yuval.shaham@teva.com,051-9124419,Beer-Sheva
112181793,Sigal,,Barkat,1958-01-03,sigal.barkat@gmail.com,059-2931921,Eilat
951674289,May,,Kramer,1979-09-24,may.kramer@checkpoints.com,050-2879291,Jerusalem
875431611,Roy,Bat,Shapira,1984-02-03,roy.shapira@checkpoints.com,054-7171999,Rehovot
129867139,Nir,,Malka,1961-12-13,nir.malka@walla.co.il,056-6787172,Tel Aviv - Yafo
987314839,Sapir,,Harari,1941-02-22,sapir.harari@teva.com,052-7008021,Ashdod
263234339,Ofek,,Malka,1940-09-19,ofek.malka@teva.com,053-2974207,Rehovot
128021957,Guy,,Tzur,1950-11-22,guy.tzur@hotmail.com,051-2557294,Tel Aviv - Yafo
133261229,Alon,,Olmert,1953-08-16,alon.olmert@walla.co.il,053-2013796,Rehovot
528355751,Stav,Sarah,Mizrachi,1954-01-11,stav.mizrachi@gmail.com,056-7658917,Rehovot
837036636,Roni,,Saban,1996-04-01,roni.saban@checkpoints.com,053-4660789,Ashdod
163635537,David,Leah,Harari,1979-12-24,david.harari1@hotmail.com,050-1443388,Nahariya
632014820,Chaim,,Vaknin,1958-05-06,chaim.vaknin@walla.co.il,053-5188384,Haifa
332145821,Yael,,Barkat,1936-11-04,yael.barkat@checkpoints.com,056-6664747,Eilat
935710643,Dan,,Marciano,1946-02-08,dan.marciano@hotmail.com,058-4232933,Nahariya
799103233,Tomers,,Saban,1954-09-22,tomers.saban@teva.com,050-9269280,Haifa
252622349,Zohar,,Rubin,1946-05-30,zohar.rubin@gmail.com,055-6665078,Petah-Tikva
482328031,Adi,,Omer,1939-07-08,adi.omer@gmail.com,059-8060365,Tel Aviv - Yafo
330608862,Avigail,,Navon,1938-09-17,avigail.navon@checkpoints.com,053-8186781,Ashdod
682677786,Rami,,Liberman,1964-08-29,rami.liberman@gmail.com,056-4229757,Haifa
358257050,Shahar,Leah,Mizrachi,1987-06-01,shahar.mizrachi@walla.co.il,054-8364790,Herzeliya
657145122,Avigail,,Hoffman,1936-10-19,avigail.hoffman@gmail.com,058-8226409,Ashdod
864194130,Tamar,,Yosef,1964-06-22,tamar.yosef@checkpoints.com,051-3185558,Tel Aviv - Yafo
529845412,Gil,,David,1977-07-25,gil.david@gmail.com,059-8419974,Ashdod
651243580,Yael,,Cohen,1998-08-01,yael.cohen@teva.com,054-5245664,Beer-Sheva
497146454,Hadar,,Golan,1945-02-16,hadar.golan@gmail.com,053-7362669,Beer-Sheva
209497482,Avigail,,Altman,1990-09-30,avigail.altman@walla.co.il,051-2498640,Eilat
777093600,Tamar,,Berger,1985-05-15,tamar.berger@gmail.com,056-9401630,Jerusalem
507780140,Asaf,,Sharon,1938-08-29,asaf.sharon@checkpoints.com,053-9385787,Ashdod
958237376,Iris,,Gabay,1980-04-17,iris.gabay@gmail.com,055-6942025,Rehovot
946032622,Gal,Ben,Peretz,2000-10-18,gal.peretz1@gmail.com,059-7940102,Haifa
263410357,Nir,Bat,Lapid,1961-08-23,nir.lapid@walla.co.il,059-8911742,Petah-Tikva
837648840,Yosef,,Tal,1943-05-01,yosef.tal@checkpoints.com,057-4483946,Rehovot
956676884,Zohar,, Dayan,1949-06-28,zohar. dayan@checkpoints.com,050-6449979,Ashdod
536355289,Dorit,Ben,Feldman,2002-04-15,dorit.feldman@gmail.com,056-5355728,Tel Aviv - Yafo
703413829,Tamar,,Ronen,1966-01-08,tamar.ronen@checkpoints.com,057-1569186,Tel Aviv - Yafo
758264623,Kim,,Altman,1978-12-28,kim.altman@gmail.com,052-2418404,Ashdod
846586528,Sivan,,Silberman,1996-10-31,sivan.silberman@walla.co.il,055-3827901,Eilat
108324080,Moshe,,Omer,1941-12-03,moshe.omer@teva.com,051-8496547,Jerusalem
940907271,Noa,,Yarkoni,1956-01-17,noa.yarkoni@gmail.com,053-6252015,Beer-Sheva
976296466,Bar,,Ben-Gurion,1988-01-31,bar.ben-gurion@checkpoints.com,052-8089424,Petah-Tikva
886282787,Eyal,,Harel,2000-05-11,eyal.harel@teva.com,050-1889541,Beer-Sheva
577767892,Moshe,,Heller,1999-04-03,moshe.heller@gmail.com,059-5762545,Herzeliya
581542718,Yuval,,Malka,1987-01-21,yuval.malka@gmail.com,054-6062282,Eilat
402625182,Michael,,Yarkoni,1982-08-29,michael.yarkoni@gmail.com,053-6257631,Herzeliya
930934870,Adam,,Lavi,1989-05-26,adam.lavi@walla.co.il,052-9973716,Ashdod
865515431,Hila,,Green,1957-01-21,hila.green@hotmail.com,051-4491652,Tel Aviv - Yafo
248735905,Dor,,Rubin,1951-05-14,dor.rubin@walla.co.il,057-2608201,Beer-Sheva
466845344,Oren,Leah,Shani,1943-02-19,oren.shani@gmail.com,058-8864216,Tel Aviv - Yafo
824921517,Oren,,Gal,1943-10-20,oren.gal@gmail.com,057-3027043,Beer-Sheva
547236945,Itai,,Malka,1972-07-12,itai.malka@gmail.com,054-7405955,Beer-Sheva
914163139,Yaron,,Blau,1981-04-24,yaron.blau@gmail.com,054-9211989,Jerusalem
885623818,Noga,,Livne,1959-06-30,noga.livne@checkpoints.com,055-4099165,Jerusalem
633694436,Eden,,Livne,1982-04-20,eden.livne@hotmail.com,057-8692205,Tel Aviv - Yafo
229922375,Tali,,Klein,1993-01-18,tali.klein@gmail.com,051-3631072,Beer-Sheva
906341819,Sigal,,Shamir,2005-10-08,sigal.shamir@hotmail.com,052-3784969,Rehovot
618693373,Yaron,Yosef,Sela,1948-10-18,yaron.sela@walla.co.il,056-1327637,Haifa
681047454,Mor,,Feldman,1990-04-19,mor.feldman@hotmail.com,053-7056694,Ashdod
986131467,Osnat,Ben,Peles,1939-08-02,osnat.peles@teva.com,050-1232731,Jerusalem
833221345,Kim,,Frank,1941-04-25,kim.frank@hotmail.com,050-8499717,Tel Aviv - Yafo
165252083,Zohar,,Yadin,1942-10-04,zohar.yadin@walla.co.il,056-4771454,Haifa
139282259,Nir,,Sharon,1957-05-04,nir.sharon@hotmail.com,053-5579549,Eilat
842561766,Mor,,Shaham,1960-01-06,mor.shaham@walla.co.il,056-3952830,Nahariya
540068626,Tal,,Friedman,1936-11-25,tal.friedman@gmail.com,054-6709518,Rehovot
440013315,Hadar,,Grosman,1973-01-30,hadar.grosman@gmail.com,054-2506799,Nahariya
647427081,Eitan,Sarah,Arad,1984-03-07,eitan.arad@walla.co.il,057-6872444,Tel Aviv - Yafo
921105612,Yosef,Bat,Sharon,1969-04-15,yosef.sharon@gmail.com,056-4787760,Tel Aviv - Yafo
374544122,Tal,,Segal,1975-03-25,tal.segal@walla.co.il,053-5052068,Tel Aviv - Yafo
756901973,Sapir,Yosef,Olmert,1940-12-07,sapir.olmert1@checkpoints.com,054-1658042,Rehovot
468110453,Omer,Yosef,Porat,1972-09-03,omer.porat@teva.com,057-7175625,Beer-Sheva
617745101,May,,Gur,2006-04-25,may.gur@gmail.com,055-4522233,Rehovot
876669345,Noga,,Hoffman,1989-10-17,noga.hoffman@gmail.com,052-9263901,Rehovot
347549203,Niv,Sarah,Sarusi,1976-09-08,niv.sarusi@teva.com,056-3673296,Eilat
347903183,Stav,,Grosman,1988-11-16,stav.grosman@walla.co.il,052-4124564,Herzeliya
906289061,Motti,Bat,Liberman,1987-12-14,motti.liberman@teva.com,057-1892659,Tel Aviv - Yafo
683276190,Meital,,Sela,1949-10-09,meital.sela@gmail.com,054-1570917,Jerusalem
897858461,Rotem,,Levi,1991-05-23,rotem.levi@gmail.com,053-3076843,Eilat
494207503,Yuval,,Gur,2001-02-17,yuval.gur@gmail.com,055-9168251,Eilat
772094592,Moshe,,Gabay,1969-01-25,moshe.gabay@gmail.com,059-9787315,Herzeliya
908249565,Dorit,Yosef,Bareket,1957-04-10,dorit.bareket@teva.com,056-1277872,Rehovot
417604667,Dana,,Eshkol,1981-05-26,dana.eshkol@teva.com,052-2608248,Herzeliya
625561837,Osnat,,Yarkoni,1988-07-29,osnat.yarkoni@walla.co.il,059-3639760,Rehovot
256196790,Tali,,fuchs,1954-06-24,tali.fuchs@walla.co.il,058-9880506,Herzeliya
762219898,Roy,,Sarusi,1996-08-14,roy.sarusi@hotmail.com,058-4580001,Nahariya
140819526,Ofek,,Harel,1954-01-22,ofek.harel@walla.co.il,058-4652279,Jerusalem
186224320,Meital,Bat,Deutsch,2000-01-18,meital.deutsch@hotmail.com,058-7276875,Nahariya
985058379,Iris,,Kraus,1936-12-14,iris.kraus@gmail.com,051-1500857,Haifa
890747644,Sigal,,Peles,1948-04-29,sigal.peles@checkpoints.com,050-7765788,Ashdod
200524037,Yael,,Ramon,1960-10-24,yael.ramon@walla.co.il,053-3387832,Eilat
726608947,Hila,,Begin,1942-12-23,hila.begin@gmail.com,053-9853960,Herzeliya
298855373,Avigail,,Klein,1974-05-05,avigail.klein@gmail.com,052-2730794,Herzeliya
826928165,Hadar,,Marciano,1947-10-30,hadar.marciano@walla.co.il,053-5314614,Nahariya
461654373,Dudi,Sarah,Asulin,1958-01-13,dudi.asulin@gmail.com,055-5798227,Rehovot
489010069,Mor,,Lapid,1975-07-09,mor.lapid@gmail.com,051-8884119,Tel Aviv - Yafo
890597532,Stav,,Liberman,1974-10-18,stav.liberman@gmail.com,052-6887527,Rehovot
987801615,Amit,,Segal,1990-03-09,amit.segal@gmail.com,058-8583596,Petah-Tikva
705891322,Niv,,Gal,1970-04-23,niv.gal@teva.com,056-1085369,Beer-Sheva
424660545,Gadi,,Navon,1943-12-10,gadi.navon@teva.com,050-8421655,Jerusalem
911163419,Rotem,,Lapid,1957-04-21,rotem.lapid@teva.com,053-8868993,Eilat
483759551,Avi,,Feldman,1983-06-20,avi.feldman@gmail.com,057-8226710,Tel Aviv - Yafo
944918864,Avi,Bat,Livne,1964-01-25,avi.livne@gmail.com,056-5909612,Herzeliya
785584809,Rami,Michael,David,1941-02-19,rami.david@walla.co.il,053-5561727,Rehovot
567431022,Yaron,,Elbaz,1964-03-27,yaron.elbaz@checkpoints.com,053-4922668,Eilat
572961737,Noga,,Tamir,1941-10-08,noga.tamir@checkpoints.com,055-3193922,Eilat
714824589,David,,Tzur,1969-05-08,david.tzur@gmail.com,051-4210865,Ashdod
197249755,Kobi,,Peles,1960-02-10,kobi.peles@hotmail.com,053-8466877,Petah-Tikva
363616056,Leah,,Silberman,1972-05-09,leah.silberman@hotmail.com,055-4595723,Eilat
712729087,Ronit,,Peled,1973-07-20,ronit.peled@gmail.com,056-3774944,Petah-Tikva
338683516,Yael,,Lapid,1976-05-21,yael.lapid@gmail.com,058-7806522,Nahariya
454309715,Idan,,Omer,1999-05-16,idan.omer@teva.com,055-7524254,Tel Aviv - Yafo
983200484,Sarah,,Arad,2008-01-28,sarah.arad@hotmail.com,058-1755089,Jerusalem
454460937,Avigail,,Kraus,1974-04-14,avigail.kraus@walla.co.il,050-6027375,Nahariya
961550008,Shalom,,Barkat,1985-03-31,shalom.barkat@walla.co.il,054-8710067,Rehovot
187959400,Gal,,Katz,1998-02-22,gal.katz@checkpoints.com,055-1742890,Jerusalem
175301380,Orly,,Ramon,2004-07-19,orly.ramon@gmail.com,054-3057276,Herzeliya
500298314,Yosef,,Lavi,1944-05-17,yosef.lavi@teva.com,056-1021298,Beer-Sheva
975016339,Ofek,,Bar-On,1941-04-26,ofek.bar-on@gmail.com,050-3807671,Nahariya
463714985,Ben,,Ronen,2007-07-01,ben.ronen@gmail.com,050-2150580,Haifa
416005786,Hila,Sarah,Heller,2000-03-22,hila.heller@gmail.com,058-1919374,Rehovot
902808418,Sigal,,Azoulay,1954-01-09,sigal.azoulay@hotmail.com,059-2945079,Jerusalem
482511553,Roni,,Ohayon,1948-04-05,roni.ohayon@checkpoints.com,059-4734796,Nahariya
542149936,Shahar,Yosef,Guttman,1937-03-19,shahar.guttman@teva.com,057-2288539,Ashdod
108361038,Shahar,,Levi,1953-10-12,shahar.levi@gmail.com,059-4422677,Haifa
906609429,Rami,,Ben-Gurion,1975-09-24,rami.ben-gurion@gmail.com,057-2701430,Nahariya
553725120,Daniel,,Levine,1988-10-17,daniel.levine@gmail.com,052-2245301,Jerusalem
244707256,Yaakov,,Ramon,1939-04-21,yaakov.ramon@checkpoints.com,054-1693713,Tel Aviv - Yafo
987816714,Niv,,Kramer,2001-12-24,niv.kramer@walla.co.il,057-7093744,Eilat
696647539,Tal,,Altman,1968-04-03,tal.altman1@gmail.com,058-1115847,Rehovot
528880973,Ori,,Agbaria,1992-04-07,ori.agbaria@walla.co.il,052-1550711,Jerusalem
163936558,Lihi,,Peled,1975-04-15,lihi.peled@gmail.com,056-6335169,Ashdod
823459569,Michael,Sarah,Segal,1969-10-23,michael.segal@gmail.com,051-2373530,Beer-Sheva
816427843,Agam,,Hadad,1944-10-17,agam.hadad@teva.com,053-4718703,Jerusalem
163659246,Amit,,Rubin,1941-08-25,amit.rubin@hotmail.com,057-3275964,Tel Aviv - Yafo
560840363,Adam,Michael,Ben-David,1949-01-28,adam.ben-david@gmail.com,059-8222168,Eilat
806635290,Meital,,Arad,1999-01-27,meital.arad@checkpoints.com,050-7491156,Beer-Sheva
712806514,May,,Green,2004-03-10,may.green@gmail.com,055-1517435,Herzeliya
275317676,Michael,Ben,Agbaria,1989-01-19,michael.agbaria@checkpoints.com,056-1098746,Eilat
231478769,Yuval,,Vaknin,1946-09-19,yuval.vaknin@hotmail.com,050-5247531,Petah-Tikva
902247530,Bar,,Dahan,1945-08-08,bar.dahan@gmail.com,059-9381279,Beer-Sheva
375580530,Yitzhak,,Lapid,1987-05-09,yitzhak.lapid@gmail.com,056-6464058,Petah-Tikva
401173250,Ilan,Yosef,Silberman,2007-07-01,ilan.silberman@hotmail.com,055-9413811,Tel Aviv - Yafo
698613062,Ofek,,Nir,1959-07-08,ofek.nir@checkpoints.com,055-1681517,Ashdod
376908983,Omer,,Harel,2001-07-09,omer.harel@gmail.com,052-1269713,Petah-Tikva
766039941,Hila,,Blau,1950-03-04,hila.blau@walla.co.il,056-4005497,Herzeliya
304584956,Iris,,Olmert,1982-09-23,iris.olmert@walla.co.il,056-7552080,Nahariya
191885778,Dudi,,Goldberg,1999-12-12,dudi.goldberg@walla.co.il,054-9310913,Haifa
663109283,Tali,Michael,Green,1948-03-21,tali.green@teva.com,056-9703225,Herzeliya
578878525,Lihi,Yosef,Katz,1973-10-26,lihi.katz@gmail.com,058-7694402,Rehovot
108458931,Noga,,Ronen,1961-09-11,noga.ronen@gmail.com,054-7711232,Eilat
738335244,Tali,,Bareket,1950-03-06,tali.bareket@gmail.com,051-7640993,Herzeliya
506388643,Eitan,,Harari,1947-03-09,eitan.harari@gmail.com,050-3653100,Beer-Sheva
490759257,Nir,,Hadad,1944-03-23,nir.hadad@gmail.com,055-3482342,Petah-Tikva
292534180,Guy,,Schwartz,1941-11-23,guy.schwartz@walla.co.il,050-1011537,Eilat
444702357,Kim,,Navon,1980-10-26,kim.navon@hotmail.com,056-2048892,Ashdod
293008105,Ori,,Feldman,2003-06-17,ori.feldman@gmail.com,052-1138490,Herzeliya
886141104,Gil,,Weiss,2000-09-01,gil.weiss@gmail.com,051-9640862,Petah-Tikva
498859500,Bar,,Mizrachi,1952-07-31,bar.mizrachi@gmail.com,054-3506745,Jerusalem
260441737,Yosef,,Begin,1997-06-12,yosef.begin@gmail.com,059-2429375,Haifa
721323101,Tamar,,Sarusi,1988-03-28,tamar.sarusi@teva.com,051-5650035,Beer-Sheva
401761622,David,,Dotan,1964-12-23,david.dotan@hotmail.com,053-5449975,Jerusalem
831125753,Orly,,Heller,1965-04-26,orly.heller@hotmail.com,058-3535547,Petah-Tikva
148460572,Coral,Ben,Levine,1970-03-21,coral.levine@hotmail.com,052-4826648,Beer-Sheva
333013526,Dan,,Oz,1947-05-26,dan.oz@teva.com,058-2355772,Eilat
963308253,Dorit,,Ramon,1980-08-27,dorit.ramon@gmail.com,056-6768067,Ashdod
657613766,Noga,,Ben-Ari,1969-06-27,noga.ben-ari@checkpoints.com,053-6578358,Herzeliya
641095857,Ron,,fuchs,1938-11-21,ron.fuchs@checkpoints.com,055-3139037,Rehovot
328929200,Noga,,Yarkoni,1961-08-22,noga.yarkoni@hotmail.com,052-4278631,Ashdod
417213020,Kim,Michael,Zamir,1990-05-11,kim.zamir@gmail.com,051-2134281,Ashdod
665203355,Iris,,Shani,1958-11-15,iris.shani@gmail.com,055-1772799,Jerusalem
370330969,Roni,,Feldman,1942-06-26,roni.feldman@hotmail.com,052-9569540,Ashdod
270550824,Avraham,,Sarusi,1966-02-11,avraham.sarusi@walla.co.il,056-7356276,Tel Aviv - Yafo
631656723,Yael,,Rubin,1963-08-17,yael.rubin@walla.co.il,051-3170668,Tel Aviv - Yafo
771914096,Ron,,Melamed,1947-03-03,ron.melamed@checkpoints.com,053-7543549,Eilat
486447984,Roni,,Ronen,1941-03-29,roni.ronen@teva.com,052-7645999,Haifa
417327495,Sapir,,Katz,1984-11-28,sapir.katz@gmail.com,050-3043149,Tel Aviv - Yafo
964651432,Lihi,,Katz,1982-11-11,lihi.katz1@gmail.com,052-7408078,Petah-Tikva
478523220,Shir,,Heller,1990-03-02,shir.heller@gmail.com,051-9033348,Beer-Sheva
564002537,Avi,Ben,Heller,1941-03-31,avi.heller@gmail.com,053-6075855,Jerusalem
416209254,Yael,,Gal,1975-11-07,yael.gal@teva.com,058-6971763,Eilat
869809710,Bar,Sarah,Yadin,1961-07-27,bar.yadin@hotmail.com,051-8988683,Eilat
533223587,Israel,,Eshkol,1996-10-17,israel.eshkol@gmail.com,055-3574403,Ashdod
409738040,Motti,,Dahan,1989-08-20,motti.dahan@gmail.com,051-3687342,Haifa
299948686,Gil,,Harel,1958-08-02,gil.harel@gmail.com,057-1231191,Petah-Tikva
583687353,Roy,Michael,Nir,1942-11-17,roy.nir@teva.com,058-4663192,Rehovot
696544704,Stav,,Aharon,1943-08-31,stav.aharon@checkpoints.com,057-5292254,Tel Aviv - Yafo
869925101,Ariel,,Shapira,1959-03-23,ariel.shapira@checkpoints.com,052-3015718,Haifa
696567733,Leah,,Olmert,1970-04-04,leah.olmert@gmail.com,053-4455946,Jerusalem
111911463,Yael,,Begin,1950-10-09,yael.begin@hotmail.com,056-3786691,Tel Aviv - Yafo
531962380,Yuval,,Tzur,2005-08-15,yuval.tzur@gmail.com,058-6910856,Jerusalem
384137747,Roy,,Schwartz,1943-04-24,roy.schwartz@gmail.com,059-2536329,Beer-Sheva
659263525,Limor,,Aharon,1936-11-29,limor.aharon@walla.co.il,055-2645475,Haifa
380663530,Amit,Yosef,Ohayon,1941-04-21,amit.ohayon@gmail.com,057-2482237,Ashdod
912975221,Shir,,Mizrachi,1944-10-22,shir.mizrachi@teva.com,053-7312675,Petah-Tikva
772075481,Zohar,Yosef,Yosef,1943-05-07,zohar.yosef@gmail.com,059-6865529,Herzeliya
892542863,Gadi,,Yadin,1957-02-25,gadi.yadin@gmail.com,052-2228956,Nahariya
364939282,Nir,,Geva,1999-03-02,nir.geva@gmail.com,056-4245070,Rehovot
461264615,Yaron,,Harari,1972-09-02,yaron.harari@walla.co.il,056-9718561,Ashdod
487491985,Rami,,Lazar,1938-12-15,rami.lazar@gmail.com,051-9145779,Petah-Tikva
931537625,Rami,,Peretz,1950-01-03,rami.peretz@hotmail.com,054-4005742,Rehovot
944629857,Dan,,Hadad,1954-01-02,dan.hadad@hotmail.com,050-9220978,Rehovot
223460432,Inbal,Ben,Peretz,2001-03-06,inbal.peretz1@gmail.com,059-2782784,Herzeliya
430656913,Zohar,,Cohen,1992-01-29,zohar.cohen@teva.com,053-7923925,Petah-Tikva
380835568,Motti,Ben,Harel,1943-05-23,motti.harel@hotmail.com,056-2631564,Rehovot
119915944,Avigail,,Yadin,1949-06-10,avigail.yadin@hotmail.com,059-2502609,Herzeliya
616692710,Ofek,,Peles,2006-02-18,ofek.peles@walla.co.il,057-7390274,Ashdod
815441398,Gil,,Altman,2005-04-02,gil.altman@hotmail.com,056-2982588,Tel Aviv - Yafo
960028003,Amit,,Olmert,1992-04-11,amit.olmert@walla.co.il,054-4753415,Haifa
161348078,Inbal,,Bar-On,1957-08-11,inbal.bar-on@hotmail.com,057-3654684,Petah-Tikva
489845643,Eli,,Frank,1940-12-26,eli.frank@teva.com,055-7071873,Ashdod
624944510,Stav,Leah,Cohen,1978-06-03,stav.cohen@gmail.com,059-2608514,Ashdod
296373724,Agam,Sarah,Hoffman,1970-06-30,agam.hoffman@hotmail.com,055-7816598,Eilat
692517232,Meital,,Dotan,1946-12-06,meital.dotan@hotmail.com,056-2054221,Tel Aviv - Yafo
911950347,Zohar,,Schwartz,1965-12-25,zohar.schwartz@gmail.com,055-9404621,Rehovot
632773755,Israel,,Segal,1995-01-16,israel.segal@walla.co.il,056-9267722,Rehovot
961057930,May,,Goldberg,1936-11-23,may.goldberg@gmail.com,055-9694667,Ashdod
804184200,Linoy,,Altman,1985-04-09,linoy.altman@checkpoints.com,059-5447266,Ashdod
576046044,Rivka,,Melamed,1944-03-20,rivka.melamed@teva.com,052-5247785,Tel Aviv - Yafo
282163588,Dudi,Leah,Porat,1984-01-19,dudi.porat@teva.com,058-7683435,Herzeliya
343729373,Ronit,,Oz,2006-02-10,ronit.oz@gmail.com,057-6861919,Petah-Tikva
694816072,Yitzhak,,Netanyahu,1961-06-08,yitzhak.netanyahu@gmail.com,055-4851580,Eilat
331833949,Guy,,Shamir,1972-05-21,guy.shamir@hotmail.com,053-4129448,Nahariya
229778483,Rachel,,Hoffman,1981-05-10,rachel.hoffman@teva.com,058-1719732,Petah-Tikva
592415918,Roy,,Friedman,1983-11-17,roy.friedman@gmail.com,055-1021943,Rehovot
334530351,Idan,,Eshkol,2005-11-26,idan.eshkol@gmail.com,051-1769899,Haifa
672264692,Rotem,,Yadin,1990-01-20,rotem.yadin@gmail.com,054-7619755,Ashdod
401863889,Ronit,,Lazar,1937-10-11,ronit.lazar@walla.co.il,056-1626506,Jerusalem
941588518,Yaron,,Oz,1998-07-14,yaron.oz@gmail.com,059-3460153,Tel Aviv - Yafo
975868905,Chaim,,Avraham,2006-08-21,chaim.avraham@gmail.com,057-8318400,Tel Aviv - Yafo
618551504,Shahar,,Omer,1955-01-13,shahar.omer@gmail.com,051-7572309,Petah-Tikva
655928004,Leah,,Peled,1965-11-06,leah.peled@hotmail.com,057-4392094,Eilat
310788714,Sarah,,Mizrachi,1984-11-19,sarah.mizrachi@gmail.com,053-6392735,Ashdod
803623828,Dana,,Gabay,1966-02-03,dana.gabay@hotmail.com,059-4529481,Herzeliya
124617565,Tal,,Livne,1950-12-30,tal.livne@teva.com,052-7876886,Tel Aviv - Yafo
299425517,May,Yosef,Heller,1961-03-06,may.heller@walla.co.il,055-8259722,Ashdod
210009186,Sivan,,Rabin,1986-03-30,sivan.rabin@walla.co.il,056-9397813,Ashdod
109643879,Anat,,Tal,2007-06-26,anat.tal@walla.co.il,059-2109614,Tel Aviv - Yafo
387041397,Yaakov,Yosef,Harari,1961-03-10,yaakov.harari@gmail.com,058-6056497,Ashdod
452792099,Limor,,Asulin,2007-11-19,limor.asulin@checkpoints.com,054-5401001,Nahariya
238830751,Ben,,Zamir,1953-06-02,ben.zamir@gmail.com,053-2974411,Ashdod
694939969,Asaf,,Saban,1938-01-11,asaf.saban@walla.co.il,054-5122237,Beer-Sheva
380345875,Tamar,,Dahan,1949-05-31,tamar.dahan@hotmail.com,055-4617370,Tel Aviv - Yafo
314644190,Amit,Leah,Yadin,1975-03-08,amit.yadin@walla.co.il,050-6742471,Haifa
233356499,Kim,,Feldman,1950-04-24,kim.feldman@gmail.com,052-7747887,Rehovot
310274770,Ofek,,Mizrachi,1993-09-19,ofek.mizrachi@gmail.com,055-7703346,Herzeliya
384259400,Avraham,Sarah,Saban,1950-11-17,avraham.saban@hotmail.com,051-6926041,Petah-Tikva
964463352,Shalom,,Zamir,1989-10-30,shalom.zamir@gmail.com,050-2970903,Haifa
699605554,Michal,Bat,Cohen,1990-07-19,michal.cohen@gmail.com,058-3349338,Tel Aviv - Yafo
913964503,Meital,,Altman,1997-03-14,meital.altman@checkpoints.com,050-6049211,Eilat
233622750,Meital,,Biton,2003-07-08,meital.biton@gmail.com,054-9903444,Petah-Tikva
744248368,Rotem,,Liberman,1961-05-24,rotem.liberman@teva.com,052-5544868,Herzeliya
785138280,Dorit,,Rubin,1999-02-12,dorit.rubin@gmail.com,051-9988965,Haifa
621859484,Omer,,Bareket,1962-04-24,omer.bareket@checkpoints.com,052-8324777,Petah-Tikva
205727707,Asaf,,Schwartz,1976-01-10,asaf.schwartz@gmail.com,057-8026343,Eilat
941214959,Zohar,,Tzur,1978-05-05,zohar.tzur@gmail.com,059-1688179,Jerusalem
157592937,Eyal,,Ohayon,1943-03-25,eyal.ohayon@teva.com,059-6508711,Petah-Tikva
210932667,Iris,Leah,Schwartz,1940-02-26,iris.schwartz@gmail.com,058-5726559,Nahariya
802664250,Rivka,,Asulin,1982-06-22,rivka.asulin@gmail.com,053-6577353,Tel Aviv - Yafo
576333044,Bar,,Gal,1977-06-07,bar.gal@checkpoints.com,055-4528753,Herzeliya
457170837,Eyal,Ben,Bar-On,1962-12-23,eyal.bar-on@checkpoints.com,052-3559253,Ashdod
293187264,Dana,,Asulin,1997-12-29,dana.asulin@gmail.com,053-9628763,Ashdod
761097426,Yitzhak,,Mizrachi,1944-10-09,yitzhak.mizrachi@gmail.com,055-7110062,Nahariya
405166536,Gadi,,Aharon,1942-05-25,gadi.aharon@walla.co.il,057-5448505,Beer-Sheva
568556116,Gal,,Hadad,1957-12-19,gal.hadad1@gmail.com,056-9196994,Beer-Sheva
265397058,Anat,,Feldman,1977-09-18,anat.feldman@gmail.com,052-8556510,Rehovot
579695761,Leah,,Oz,2006-08-31,leah.oz@walla.co.il,054-3079114,Haifa
933017703,Adam,Yosef,Shaham,1972-11-21,adam.shaham@gmail.com,053-2052832,Petah-Tikva
316851032,Maya,,David,1951-05-22,maya.david@checkpoints.com,050-1937547,Herzeliya
812494165,Niv,,Liberman,1949-07-01,niv.liberman@walla.co.il,056-7958538,Eilat
108352101,Yael,,Peres,2005-11-04,yael.peres@hotmail.com,056-1852536,Petah-Tikva
315739477,Daniel,Michael,Frank,1947-06-26,daniel.frank@walla.co.il,058-6386492,Haifa
512011420,Yaakov,,Lapid,1947-05-19,yaakov.lapid@gmail.com,051-8050356,Tel Aviv - Yafo
662116906,Yaron,,Navon,1959-07-10,yaron.navon@gmail.com,050-2476312,Tel Aviv - Yafo
495731664,Dana,,Olmert,1954-12-15,dana.olmert@gmail.com,051-2812390,Herzeliya
319697500,Idan,,Dahan,1982-12-17,idan.dahan@gmail.com,050-4185312,Jerusalem
859795666,Niv,,Geva,1963-09-12,niv.geva@hotmail.com,050-4102794,Tel Aviv - Yafo
814778591,Osnat,,Eitan,1951-06-14,osnat.eitan@walla.co.il,058-3844739,Beer-Sheva
908195329,Coral,,Hoffman,1969-10-02,coral.hoffman@walla.co.il,053-5579661,Haifa
893654376,Moshe,,Lavi,1962-07-22,moshe.lavi@teva.com,051-4113753,Petah-Tikva
413642157,Ben,,Vaknin,1971-06-24,ben.vaknin@gmail.com,054-1503082,Petah-Tikva
743462316,Mor,,Hoffman,1955-04-03,mor.hoffman@checkpoints.com,055-9695348,Beer-Sheva
833472359,Meital,,Tamir,1981-05-29,meital.tamir@gmail.com,059-3831402,Petah-Tikva
367706797,Michael,,Rubin,1969-04-25,michael.rubin@walla.co.il,054-3418817,Jerusalem
772812286,Neta,,Sela,1958-09-11,neta.sela@hotmail.com,056-5500806,Nahariya
517257102,Lihi,,Kraus,1961-12-09,lihi.kraus@gmail.com,051-4054488,Haifa
797853223,Tali,Yosef,Porat,1958-04-11,tali.porat1@walla.co.il,052-4116180,Tel Aviv - Yafo
859138222,Rami,,Lapid,1973-10-31,rami.lapid@teva.com,051-4418401,Eilat
659233308,Michal,,Harari,2003-12-01,michal.harari@gmail.com,055-6500544,Nahariya
582491954,Limor,,Green,1948-10-10,limor.green@checkpoints.com,055-8723807,Eilat
513791131,Rami,Michael,Bareket,1978-04-09,rami.bareket@gmail.com,052-7637050,Ashdod
799713028,Gal,,Sarusi,1954-07-22,gal.sarusi@gmail.com,053-7949644,Jerusalem
277821118,Stav,,Biton,1998-11-25,stav.biton@gmail.com,056-6958120,Jerusalem
369842479,Rivka,Michael,Golan,1994-12-29,rivka.golan1@gmail.com,058-8235908,Ashdod
368499883,Shani,Michael,Ben-Gurion,1996-03-20,shani.ben-gurion1@gmail.com,053-6465968,Beer-Sheva
778145460,Yaron,,Azoulay,1961-03-11,yaron.azoulay@gmail.com,050-6709813,Rehovot
439945420,Gadi,Ben,Melamed,1952-05-19,gadi.melamed@gmail.com,053-4114349,Haifa
861897614,Ilan,,Arad,1965-11-06,ilan.arad@walla.co.il,056-4436174,Haifa
626099673,Osnat,,Peled,2004-04-05,osnat.peled@checkpoints.com,054-3161856,Jerusalem
319532141,Gadi,Ben,Yosef,1941-10-15,gadi.yosef@checkpoints.com,058-2298896,Ashdod
146404720,Yitzhak,,Feldman,1954-06-04,yitzhak.feldman@gmail.com,058-5484067,Herzeliya
592985002,Sigal,,Lapid,1982-01-09,sigal.lapid@hotmail.com,056-7070827,Nahariya
607967437,Yosef,,Eshkol,1953-03-26,yosef.eshkol@hotmail.com,056-2605286,Beer-Sheva
106699165,Tali,,Kramer,1941-12-18,tali.kramer@teva.com,055-3072031,Jerusalem
264435745,Ariel,,David,1955-10-24,ariel.david@walla.co.il,054-6690030,Jerusalem
579974763,Sarah,Bat,Levine,2001-02-11,sarah.levine@hotmail.com,052-8440187,Petah-Tikva
367265877,Michael,,Golan,1971-08-22,michael.golan@gmail.com,056-1725375,Haifa
338009649,Guy,Yosef,Green,1976-08-12,guy.green@gmail.com,058-1371961,Rehovot
919087759,Omer,,Turgeman,1978-10-08,omer.turgeman@gmail.com,052-8062979,Ashdod
249084654,Israel,,Bareket,1952-02-06,israel.bareket@walla.co.il,050-3415472,Ashdod
877414024,Adi,Michael,Omer,1941-05-25,adi.omer@checkpoints.com,056-9177688,Tel Aviv - Yafo
557699570,Motti,,Cohen,2001-09-18,motti.cohen@checkpoints.com,051-3983504,Beer-Sheva
849283114,Oren,,Azoulay,1967-11-02,oren.azoulay@checkpoints.com,059-4399222,Haifa
358694431,Inbal,,Ronen,1987-12-07,inbal.ronen@checkpoints.com,053-1280146,Herzeliya
392748563,Zohar,,Asulin,1945-08-28,zohar.asulin@gmail.com,051-8023000,Herzeliya
607966153,Shalom,,Guttman,1991-08-21,shalom.guttman@gmail.com,051-9858588,Jerusalem
134431911,Omer,,Gabay,1947-03-23,omer.gabay@gmail.com,056-9863748,Herzeliya
774395802,Dorit,,Weiss,1957-01-29,dorit.weiss@gmail.com,052-1579170,Petah-Tikva
173899194,Roni,,Koren,1979-07-23,roni.koren@teva.com,054-9462834,Tel Aviv - Yafo
936507017,Adi,Bat,Yosef,1991-06-16,adi.yosef@gmail.com,056-7124098,Jerusalem
106993484,Adi,,Kramer,1975-06-29,adi.kramer@teva.com,054-4246521,Ashdod
680098974,Noa,,Ohayon,1984-11-21,noa.ohayon@gmail.com,057-8532522,Tel Aviv - Yafo
786966602,Ronit,Yosef,Klein,2007-07-28,ronit.klein@checkpoints.com,054-8396003,Tel Aviv - Yafo
219528003,Amit,,Schwartz,1952-09-11,amit.schwartz@gmail.com,058-4757673,Jerusalem
582196838,Ronit,,Lavi,1961-01-21,ronit.lavi@gmail.com,057-7351705,Nahariya
201354517,Nir,,Rabin,1946-09-07,nir.rabin@checkpoints.com,059-5009415,Tel Aviv - Yafo
919773587,Sivan,,Agbaria,1947-01-09,sivan.agbaria@gmail.com,055-2408652,Rehovot
870382324,Sigal,,Malka,1989-07-11,sigal.malka@walla.co.il,054-9381354,Tel Aviv - Yafo
657413930,Roni,,Ben-Gurion,1943-09-13,roni.ben-gurion@gmail.com,050-7471091,Herzeliya
856136892,Sapir,,Yadin,1976-09-09,sapir.yadin@checkpoints.com,052-6604411,Nahariya
317574290,Dana,Yosef,Heller,1974-03-31,dana.heller@checkpoints.com,055-1112516,Nahariya
258060065,Sigal,,Begin,1998-08-09,sigal.begin@hotmail.com,052-7889897,Tel Aviv - Yafo
916137131,Yosef,,Yadin,1937-11-14,yosef.yadin@teva.com,051-3034758,Eilat
568269550,Eyal,,Mizrachi,2006-03-02,eyal.mizrachi@hotmail.com,053-8314955,Tel Aviv - Yafo
730968306,Sigal,,Agbaria,1957-03-28,sigal.agbaria@gmail.com,058-2128152,Ashdod
152568937,Israel,,Stern,1963-09-18,israel.stern@teva.com,056-3820056,Eilat
643872204,Yosef,Michael,Yosef,1970-03-30,yosef.yosef@teva.com,059-7731559,Petah-Tikva
566019118,David,,Shaham,1951-07-02,david.shaham@gmail.com,059-7073637,Rehovot
846641454,Ilan,Sarah,Nir,1993-07-12,ilan.nir@gmail.com,050-6940831,Beer-Sheva
883115248,Ilan,,Rabin,1937-01-09,ilan.rabin@gmail.com,058-3931114,Herzeliya
148193598,Israel,,Harari,1970-06-16,israel.harari@walla.co.il,054-9807052,Rehovot
786080415,Ron,,Ronen,1997-09-16,ron.ronen@hotmail.com,052-2895920,Ashdod
880544094,Nir,,Sarusi,1983-03-22,nir.sarusi@walla.co.il,057-5005695,Herzeliya
457655217,Sigal,,Tamir,1960-05-09,sigal.tamir@gmail.com,055-7486551,Nahariya
721362460,Kobi,,Frank,1992-08-12,kobi.frank@gmail.com,052-1605599,Beer-Sheva
756737058,Guy,,Friedman,1985-09-24,guy.friedman@walla.co.il,059-3065085,Haifa
509657880,Dan,,Omer,1957-07-10,dan.omer@walla.co.il,059-4173395,Jerusalem
496813021,Sarah,Leah,Bareket,2001-09-08,sarah.bareket@gmail.com,058-9026055,Eilat
332733057,Yaakov,,Rubin,1960-12-13,yaakov.rubin@gmail.com,058-9010135,Herzeliya
349261435,Sarah,,Weiss,1992-07-27,sarah.weiss@walla.co.il,052-1893609,Haifa
742336961,Iris,,Vaknin,1964-06-27,iris.vaknin@gmail.com,057-9458750,Beer-Sheva
222123506,Amit,,Shani,1955-07-10,amit.shani@checkpoints.com,059-4304572,Petah-Tikva
901020631,Dana,,Ohayon,1957-05-06,dana.ohayon@gmail.com,052-3305942,Nahariya
337327342,Daniel,,Guttman,1962-09-19,daniel.guttman@walla.co.il,055-1135474,Jerusalem
709518162,Sigal,,Vaknin,1969-02-11,sigal.vaknin@gmail.com,050-6306059,Herzeliya
618097533,Roni,Michael,Ramon,1990-03-31,roni.ramon@gmail.com,052-6054440,Jerusalem
365896141,Asaf,Leah,Yarkoni,1978-11-21,asaf.yarkoni@walla.co.il,055-1531126,Nahariya
251099676,Shani,Michael,Shapira,1962-04-12,shani.shapira@gmail.com,053-7384319,Nahariya
548507720,Amit,,Ben-Ari,1990-08-21,amit.ben-ari@hotmail.com,051-7827264,Eilat
505409929,Shani,,Cohen,1960-05-07,shani.cohen@gmail.com,055-1278043,Rehovot
714856836,May,,Gabay,1956-07-27,may.gabay@teva.com,054-5463116,Beer-Sheva
164900517,Sapir,Bat,Agbaria,1964-11-11,sapir.agbaria@checkpoints.com,059-8951448,Petah-Tikva
768118443,Alon,,Goldberg,1956-02-03,alon.goldberg@gmail.com,051-1023435,Beer-Sheva
663254347,Shlomo,,Arad,1951-01-31,shlomo.arad@hotmail.com,056-2906299,Jerusalem
496974086,Rotem,,Rubin,1981-01-07,rotem.rubin@checkpoints.com,058-2301306,Beer-Sheva
195726788,Michal,,Ben-Gurion,1991-08-11,michal.ben-gurion@gmail.com,057-7198028,Rehovot
157134478,Ronit,,Azoulay,1971-07-27,ronit.azoulay@gmail.com,052-7448293,Haifa
424149699,Anat,,Rubin,1993-12-09,anat.rubin@gmail.com,052-3070990,Jerusalem
768923460,Shir,,Yarkoni,1948-12-30,shir.yarkoni@gmail.com,059-5772963,Tel Aviv - Yafo
815550120,Shira,, Dayan,1974-03-04,shira. dayan@gmail.com,059-6712992,Petah-Tikva
607111542,Dorit,,Avraham,2003-12-28,dorit.avraham@walla.co.il,050-5191541,Nahariya
664240029,Shlomo,,Avraham,1939-02-11,shlomo.avraham@gmail.com,051-7562960,Jerusalem
100488616,Tomers,,Segal,1998-12-17,tomers.segal@walla.co.il,055-7700149,Beer-Sheva
511210646,Eyal,,Dahan,1978-04-05,eyal.dahan@walla.co.il,054-2441062,Eilat
885906202,Anat,Bat,Gabay,1948-01-21,anat.gabay@gmail.com,056-7577771,Herzeliya
571635511,Ronit,Michael,Ben-Ari,1943-04-23,ronit.ben-ari@walla.co.il,058-3859431,Nahariya
962208121,Yael,,Peled,2000-11-06,yael.peled@checkpoints.com,059-2948559,Beer-Sheva
798372266,Noa,,Shapira,1954-01-09,noa.shapira@gmail.com,058-2894198,Petah-Tikva
218281816,Noa,,Cohen,1989-02-13,noa.cohen@checkpoints.com,058-7070282,Rehovot
405490033,Tomers,,Hoffman,2008-01-08,tomers.hoffman@gmail.com,052-1512186,Beer-Sheva
583424981,Yael,,Dahan,1952-12-22,yael.dahan@hotmail.com,054-6154357,Rehovot
763863084,Asaf,,Bar-On,1973-06-15,asaf.bar-on@walla.co.il,055-5987782,Eilat
179567328,Meital,Bat,Lavi,1936-10-28,meital.lavi@hotmail.com,051-5148887,Rehovot
590766724,Osnat,,Rubin,1999-05-27,osnat.rubin@walla.co.il,054-5582036,Nahariya
232879937,Adi,,Ronen,1944-01-01,adi.ronen@gmail.com,058-1426752,Beer-Sheva
205628222,Alon,,Friedman,1996-03-16,alon.friedman@gmail.com,051-7028119,Rehovot
989940130,Shahar,,Netanyahu,1987-05-18,shahar.netanyahu@gmail.com,052-5206142,Tel Aviv - Yafo
880895991,Yosef,,Klein,1942-08-12,yosef.klein@gmail.com,056-3921842,Rehovot
611759939,Daniel,,Yadin,1938-07-11,daniel.yadin@gmail.com,050-3339374,Herzeliya
365103659,Coral,,Turgeman,1960-05-13,coral.turgeman@walla.co.il,057-1660259,Ashdod
781268277,Limor,,Tzur,1960-07-06,limor.tzur@walla.co.il,056-7629333,Ashdod
424682272,Israel,,Lavi,1963-09-30,israel.lavi@walla.co.il,052-2258941,Tel Aviv - Yafo
581918216,Sigal,,Schwartz,1982-04-30,sigal.schwartz@checkpoints.com,050-1343331,Jerusalem
629404649,Omer,,Asulin,1996-03-11,omer.asulin@gmail.com,054-4067661,Rehovot
471896077,Shira,,Agbaria,1948-09-29,shira.agbaria@hotmail.com,059-4479052,Nahariya
290999161,Dan,,Spector,1940-12-09,dan.spector@teva.com,053-6352982,Haifa
335719022,Rami,Sarah,Tzur,1993-05-07,rami.tzur@checkpoints.com,058-4199823,Rehovot
795896584,Alon,,Livne,1938-10-27,alon.livne@checkpoints.com,057-8155135,Eilat
122915519,Ben,,Rabin,1983-12-08,ben.rabin@gmail.com,053-6910307,Ashdod
930295523,Sigal,Sarah, Dayan,1954-07-08,sigal. dayan@gmail.com,059-4947086,Beer-Sheva
981132564,Daniel,,Begin,1956-08-16,daniel.begin@hotmail.com,052-2356856,Jerusalem
873002691,Shalom,Yosef,Goldberg,1949-09-24,shalom.goldberg1@gmail.com,057-9044441,Herzeliya
106581984,Eden,,Shani,1939-01-24,eden.shani@gmail.com,059-5740446,Nahariya
856289388,Dor,,Hadad,1987-03-18,dor.hadad@hotmail.com,050-6458551,Nahariya
484832266,Shlomo,,Ben-Ari,1985-06-16,shlomo.ben-ari@hotmail.com,054-7022947,Petah-Tikva
985265503,Alon,Michael,Eshkol,1953-08-07,alon.eshkol@gmail.com,055-5934938,Beer-Sheva
724740614,Bar,,Liberman,1976-09-27,bar.liberman@gmail.com,051-1434692,Nahariya
912081485,Hila,,Shamir,1978-06-18,hila.shamir@teva.com,050-5224651,Beer-Sheva
252860601,Omer,,Eitan,1970-11-14,omer.eitan@checkpoints.com,057-9427668,Ashdod
986413028,Lior,Ben,Omer,1968-12-08,lior.omer@gmail.com,058-4859756,Herzeliya
429861475,Iris,,Guttman,1941-04-29,iris.guttman@gmail.com,052-3013353,Beer-Sheva
724213556,Gal,,Saban,1963-11-08,gal.saban@checkpoints.com,053-2179945,Beer-Sheva
273918172,Sarah,,Avraham,1942-11-11,sarah.avraham@checkpoints.com,055-5352275,Tel Aviv - Yafo
687488867,Dana,Ben,Ben-Gurion,2004-07-15,dana.ben-gurion@gmail.com,051-9402026,Haifa
684086952,Michael,Sarah,fuchs,1985-01-17,michael.fuchs@walla.co.il,051-8123804,Eilat
778965463,Alon,,Zamir,1983-04-11,alon.zamir@hotmail.com,059-9023657,Tel Aviv - Yafo
325082540,Osnat,,Hadad,1983-05-28,osnat.hadad@gmail.com,054-9314378,Petah-Tikva
328755493,Eden,,Liberman,1996-11-23,eden.liberman@gmail.com,050-7901449,Herzeliya
524233552,Avraham,Michael,Agbaria,1998-08-14,avraham.agbaria@gmail.com,051-4932796,Herzeliya
493404948,Anat,,Peres,1981-04-23,anat.peres@gmail.com,050-8924857,Haifa
740804839,Hila,,Lazar,1946-05-30,hila.lazar@walla.co.il,052-2427513,Ashdod
700546232,Motti,,Tamir,1958-11-09,motti.tamir@checkpoints.com,057-9239400,Rehovot
611231014,Linoy,,Guttman,2002-10-31,linoy.guttman@gmail.com,058-9059489,Ashdod
804677199,Shlomo,,Hadad,1954-02-15,shlomo.hadad@hotmail.com,051-9942777,Nahariya
339666056,Avi,,Blau,1936-10-09,avi.blau@gmail.com,050-5659620,Eilat
611693286,Ofek,,Biton,1998-01-17,ofek.biton@hotmail.com,054-6353360,Herzeliya
893778535,Asaf,,Hoffman,2000-12-14,asaf.hoffman@teva.com,057-4747132,Petah-Tikva
221836641,Shahar,,Shani,2005-10-14,shahar.shani@walla.co.il,059-7756851,Petah-Tikva
881592059,Iris,,Dahan,1951-09-07,iris.dahan@checkpoints.com,051-6835719,Ashdod
964209505,Adi,,Bar-On,1991-03-31,adi.bar-on@hotmail.com,051-6457449,Jerusalem
810467992,Erez,Michael,Begin,1983-07-06,erez.begin1@checkpoints.com,054-4208029,Jerusalem
726559716,Amit,Sarah,fuchs,1980-03-01,amit.fuchs1@gmail.com,050-7888358,Jerusalem
654654350,Adi,,Kraus,2007-10-11,adi.kraus@gmail.com,050-8856113,Beer-Sheva
924341941,Hila,,Stern,1949-08-13,hila.stern@gmail.com,052-1925595,Herzeliya
461395396,Coral,,Ben-David,1984-07-31,coral.ben-david@gmail.com,050-8552693,Eilat
860430837,Kobi,,Bareket,1966-07-20,kobi.bareket@teva.com,058-9818663,Eilat
961670973,Kobi,,Segal,1943-01-19,kobi.segal@gmail.com,051-1524851,Tel Aviv - Yafo
589123637,Roni,,Grosman,2007-09-18,roni.grosman@gmail.com,050-6206904,Ashdod
915844516,Chaim,,Ohayon,1982-01-23,chaim.ohayon@walla.co.il,051-8442257,Herzeliya
817975210,Dan,,Dotan,1983-06-17,dan.dotan@gmail.com,050-6211425,Eilat
559049713,Bar,Yosef,Kramer,1985-06-19,bar.kramer@gmail.com,052-8271307,Haifa
926341953,Shira,,Elbaz,1963-11-23,shira.elbaz@gmail.com,054-7952949,Ashdod
188223176,David,,Mizrachi,1963-06-28,david.mizrachi@walla.co.il,057-1231185,Jerusalem
150472517,Meital,,Asulin,1988-06-04,meital.asulin@checkpoints.com,050-8777595,Jerusalem
244529727,Avigail,,Berger,1939-03-19,avigail.berger@hotmail.com,059-9101459,Petah-Tikva
745017365,Iris,,Friedman,1951-03-14,iris.friedman@checkpoints.com,050-5375197,Jerusalem
403342674,Zohar,Leah,Ohayon,1991-05-05,zohar.ohayon@gmail.com,051-9584189,Rehovot
924423055,Noa,Ben,Saban,1984-10-27,noa.saban@gmail.com,056-7234171,Beer-Sheva
738529963,Daniel,Bat,Frank,1984-03-14,daniel.frank@gmail.com,057-5543468,Jerusalem
882583034,Adam,,Silberman,1947-04-17,adam.silberman@walla.co.il,054-1475372,Herzeliya
325469608,Neta,,Grosman,1950-04-10,neta.grosman@teva.com,052-4447799,Beer-Sheva
178425557,Roni,Ben,Sarusi,1998-05-07,roni.sarusi@hotmail.com,050-3307012,Tel Aviv - Yafo
507142283,Moshe,Leah,Shaham,1972-06-19,moshe.shaham@teva.com,059-4420921,Tel Aviv - Yafo
289554319,Shlomo,,Bareket,1993-10-28,shlomo.bareket@teva.com,056-8344039,Jerusalem
903441040,Coral,,Feldman,1958-03-31,coral.feldman@gmail.com,052-6300978,Rehovot
228762167,Itai,Leah,Hoffman,1980-06-25,itai.hoffman@teva.com,059-6219107,Petah-Tikva
888725911,Omer,,Hoffman,2000-11-18,omer.hoffman@hotmail.com,054-6527260,Herzeliya
325114468,Hadar,,Olmert,1980-02-13,hadar.olmert@hotmail.com,052-7735650,Eilat
236636228,Eden,,Porat,2003-02-24,eden.porat@hotmail.com,051-5525008,Nahariya
296465140,Alon,,Grosman,1958-09-23,alon.grosman@gmail.com,059-4858589,Herzeliya
648871140,Shalom,,Tal,1948-06-15,shalom.tal@teva.com,055-3875528,Eilat
868875862,Osnat,Leah,Bar-On,1951-12-22,osnat.bar-on@checkpoints.com,057-4553726,Herzeliya
624691424,Ben,,Turgeman,1983-12-31,ben.turgeman@hotmail.com,056-5438300,Nahariya
363369577,Yitzhak,,Aharon,2003-10-16,yitzhak.aharon@gmail.com,056-1146114,Rehovot
710207521,Shahar,,Bar-On,1973-07-12,shahar.bar-on@gmail.com,058-8287859,Haifa
896411037,Osnat,,Blau,1975-10-15,osnat.blau@checkpoints.com,053-9335576,Ashdod
737472744,Gil,,Shani,1950-01-28,gil.shani@checkpoints.com,054-7372642,Tel Aviv - Yafo
747522418,Mor,Yosef,Dahan,2003-02-10,mor.dahan@hotmail.com,059-4733815,Haifa
246110415,Inbal,,Livne,1937-04-19,inbal.livne@gmail.com,057-5976940,Jerusalem
333653334,Yosef,,Deutsch,1987-10-19,yosef.deutsch@teva.com,059-5985298,Jerusalem
593845193,Rami,,Geva,1947-01-07,rami.geva@gmail.com,056-2523461,Ashdod
381925338,Roni,,Aharon,1941-05-21,roni.aharon@gmail.com,059-6939791,Ashdod
887102117,Asaf,,Omer,1943-06-24,asaf.omer@gmail.com,051-9271360,Petah-Tikva
831276146,Agam,,Tzur,1969-02-09,agam.tzur@teva.com,051-9876550,Jerusalem
125413818,Eitan,,Barkat,1989-10-24,eitan.barkat@walla.co.il,052-8982549,Rehovot
390580022,Shir,,Peretz,1983-09-14,shir.peretz@gmail.com,054-7533697,Herzeliya
812728368,Inbal,Sarah,Yosef,1974-08-23,inbal.yosef@gmail.com,058-2333035,Beer-Sheva
117081325,Tal,,Cohen,1945-01-27,tal.cohen@checkpoints.com,052-9923750,Nahariya
273876663,Yitzhak,,Kramer,1982-05-05,yitzhak.kramer@teva.com,055-6981197,Haifa
951629292,Zohar,,Ben-Gurion,1968-11-05,zohar.ben-gurion@checkpoints.com,056-9227012,Ashdod
325695983,Adi,,Yarkoni,1941-01-25,adi.yarkoni@gmail.com,057-4246832,Haifa
868210277,Hadar,,Navon,1953-12-29,hadar.navon@walla.co.il,059-4139132,Beer-Sheva
985699353,Tal,Bat,Ohayon,1974-07-02,tal.ohayon@gmail.com,057-8399131,Haifa
173318519,Inbal,,Silberman,1998-07-16,inbal.silberman@gmail.com,055-4045319,Tel Aviv - Yafo
697122627,Shani,,Ben-David,1957-07-18,shani.ben-david@gmail.com,050-8991148,Nahariya
325048217,Gil,,Heller,1988-02-07,gil.heller@gmail.com,052-8991562,Jerusalem
395447681,Daniel,,Rabin,1978-01-15,daniel.rabin@gmail.com,052-8614650,Herzeliya
751264353,Orly,Bat,Yarkoni,1971-07-29,orly.yarkoni@hotmail.com,050-1004340,Nahariya
163127598,Ron,,Levine,1958-03-23,ron.levine@teva.com,057-2432631,Haifa
908714831,Itai,,Navon,1941-01-06,itai.navon@gmail.com,055-4019692,Jerusalem
544020970,Noga,Bat,Biton,2001-10-08,noga.biton@checkpoints.com,055-9658626,Ashdod
476646770,David,,Blau,1937-09-12,david.blau@hotmail.com,050-4316868,Haifa
311110727,Moshe,,Tamir,2003-06-13,moshe.tamir@checkpoints.com,056-1050754,Nahariya
403879037,Chaim,,Heller,1993-05-06,chaim.heller@checkpoints.com,054-3042861,Jerusalem
125789914,Israel,,Guttman,1959-07-12,israel.guttman@walla.co.il,057-6864452,Eilat
146271969,Shira,,Oz,1969-04-06,shira.oz@gmail.com,053-7556981,Rehovot
767893791,Shira,,Bareket,1968-07-31,shira.bareket@gmail.com,058-8201595,Herzeliya
212081462,Lior,,Ohayon,1946-08-25,lior.ohayon@gmail.com,050-6175175,Jerusalem
447841565,Yaakov,,Nir,1985-04-10,yaakov.nir@walla.co.il,052-2779148,Ashdod
514535277,Leah,,Tzur,1981-12-27,leah.tzur@hotmail.com,053-5807265,Beer-Sheva
582252333,Rivka,,Biton,1947-08-21,rivka.biton@hotmail.com,056-9568846,Herzeliya
672195337,Adi,,fuchs,2001-10-09,adi.fuchs@checkpoints.com,051-1916059,Rehovot
793239302,Mor,,Blau,1970-01-24,mor.blau@gmail.com,051-9455779,Ashdod
607568065,Israel,,Malka,1983-07-12,israel.malka@hotmail.com,053-2837351,Rehovot
377755785,Rachel,,Guttman,1984-04-10,rachel.guttman@walla.co.il,050-5911117,Tel Aviv - Yafo
469969102,Chaim,,Bar-On,1975-01-17,chaim.bar-on@walla.co.il,059-3993629,Rehovot
848658069,Kobi,,Grosman,1939-02-22,kobi.grosman@checkpoints.com,053-3668171,Ashdod
323706373,Roni,,Lapid,1995-11-20,roni.lapid@gmail.com,056-9116267,Haifa
177701743,Adam,Sarah,Saban,1938-07-08,adam.saban@gmail.com,057-9488389,Nahariya
252322628,Shir,,Aharon,1938-12-14,shir.aharon@walla.co.il,056-1330862,Tel Aviv - Yafo
723128681,Lior,,Begin,1978-08-08,lior.begin@walla.co.il,058-4571154,Rehovot
801543651,Roni,,Dahan,1990-02-03,roni.dahan@gmail.com,053-5507497,Beer-Sheva
447008978,Mor,,Shamir,1984-08-01,mor.shamir@hotmail.com,059-8445869,Ashdod
146717973,Gal,Michael,Dahan,1974-09-06,gal.dahan@gmail.com,054-5020045,Jerusalem
577965139,Yitzhak,,Avraham,1942-10-01,yitzhak.avraham@hotmail.com,051-9190651,Petah-Tikva
404633158,Guy,,Altman,2001-02-19,guy.altman@teva.com,056-4999043,Eilat
854340393,Shani,,Spector,2001-06-01,shani.spector@gmail.com,057-9217358,Petah-Tikva
993835436,Avraham,,Rabin,1974-12-03,avraham.rabin@checkpoints.com,058-8333769,Rehovot
394263015,Tomers,,Shaham,1987-07-21,tomers.shaham@teva.com,051-5205923,Beer-Sheva
879314292,Agam,,Harel,1966-05-10,agam.harel@gmail.com,056-4476908,Petah-Tikva
836639915,Yaron,Bat,Golan,1996-04-19,yaron.golan@gmail.com,053-9793825,Haifa
231719103,Adi,,Ramon,2007-04-02,adi.ramon@walla.co.il,051-4550424,Haifa
810620728,Sivan,,Cohen,1984-01-12,sivan.cohen@hotmail.com,054-6890588,Rehovot
988659124,Osnat,Yosef,Gabay,1950-03-24,osnat.gabay@teva.com,056-7552975,Tel Aviv - Yafo
999607699,Gil,Ben,Geva,1972-06-24,gil.geva@teva.com,054-7217352,Ashdod
801054570,Yuval,,Shaham,1948-08-29,yuval.shaham@walla.co.il,056-7248552,Ashdod
872639580,Mor,,Altman,1985-12-14,mor.altman@walla.co.il,056-1786330,Eilat
478803887,Yosef,,Levi,1942-05-19,yosef.levi@gmail.com,052-8311348,Petah-Tikva
453832579,Michal,Michael,Zamir,2002-12-20,michal.zamir@gmail.com,059-9714211,Ashdod
668245372,Ariel,,Peled,1964-10-13,ariel.peled@gmail.com,057-7049743,Petah-Tikva
894999119,Maya,,Klein,1969-11-08,maya.klein@gmail.com,058-7070254,Tel Aviv - Yafo
675750844,Stav,,Bareket,1961-04-29,stav.bareket@walla.co.il,054-1582187,Tel Aviv - Yafo
507918324,Ben,,Grosman,1969-10-18,ben.grosman@gmail.com,059-1627853,Jerusalem
274190018,Michael,,Turgeman,1991-02-17,michael.turgeman@gmail.com,058-4186303,Nahariya
370144794,Asaf,,Dotan,1961-08-10,asaf.dotan@walla.co.il,055-7233250,Haifa
521653459,Ori,Bat,Schwartz,1971-07-26,ori.schwartz1@hotmail.com,057-5243823,Herzeliya
178230638,Rotem,,Geva,1990-08-13,rotem.geva@teva.com,058-8655050,Beer-Sheva
526722930,Gal,,Oz,1986-05-02,gal.oz@teva.com,053-6962643,Eilat
569615049,Osnat,Leah,Turgeman,1960-08-20,osnat.turgeman@gmail.com,055-7494032,Tel Aviv - Yafo
843566856,Itai,,Gal,1956-03-20,itai.gal@gmail.com,056-3162735,Petah-Tikva
551943433,Shir,,Segal,1973-03-31,shir.segal@checkpoints.com,058-5764012,Haifa
563442209,Zohar,,Feldman,1964-12-31,zohar.feldman@hotmail.com,057-4208463,Rehovot
152196350,Michael,,Cohen,1964-03-04,michael.cohen@checkpoints.com,051-1975229,Nahariya
809108480,Shani,Bat,Shapira,1997-05-23,shani.shapira@checkpoints.com,055-2262175,Nahariya
884915670,Neta,,Segal,1943-08-29,neta.segal@gmail.com,056-4068086,Haifa
538123516,Niv,,Yadin,1954-07-23,niv.yadin@gmail.com,055-1611857,Eilat
267137446,Noa,,Ronen,1974-02-24,noa.ronen@gmail.com,055-5036302,Eilat
739198732,Coral,,Peles,2002-08-27,coral.peles@teva.com,054-3678062,Tel Aviv - Yafo
908552861,Tal,,Avraham,1975-06-04,tal.avraham@gmail.com,059-4562779,Jerusalem
297671965,Eyal,,Avraham,1951-02-23,eyal.avraham@hotmail.com,059-8811985,Tel Aviv - Yafo
317123136,Michael,,Peretz,2007-06-15,michael.peretz@walla.co.il,057-2613844,Eilat
286713234,Sarah,,Bareket,1946-09-05,sarah.bareket1@gmail.com,052-9203440,Ashdod
480747773,Roni,,Turgeman,2002-09-18,roni.turgeman@walla.co.il,052-8445948,Herzeliya
698521163,Ori,,Asulin,1999-10-20,ori.asulin@gmail.com,056-7816358,Rehovot
859997429,Israel,,Grosman,1977-07-07,israel.grosman@gmail.com,051-4484528,Petah-Tikva
154266037,Mor,,Shapira,1942-01-25,mor.shapira@hotmail.com,059-6545917,Eilat
331088976,Shir,Bat,Ramon,1954-06-08,shir.ramon@checkpoints.com,059-1728150,Jerusalem
258954825,Hadar,,Goldberg,1957-08-19,hadar.goldberg@teva.com,055-6285800,Ashdod
817213940,Michael,,Asulin,2000-12-21,michael.asulin@checkpoints.com,051-8070294,Haifa
290347938,Yitzhak,,Eshkol,1949-11-28,yitzhak.eshkol@teva.com,055-2490530,Tel Aviv - Yafo
104139574,Sapir,,Vaknin,1991-07-11,sapir.vaknin@walla.co.il,054-4617009,Rehovot
272193919,Kim,,Lapid,1937-04-07,kim.lapid@walla.co.il,059-2558682,Petah-Tikva
859719133,Avraham,Leah,Yadin,1995-01-20,avraham.yadin@gmail.com,057-7676886,Eilat
356599065,Adi,,Shapira,2004-04-27,adi.shapira@checkpoints.com,058-8483265,Eilat
443176109,Osnat,Sarah,Kramer,1988-12-12,osnat.kramer@gmail.com,058-7243355,Jerusalem
250872145,Roni,,Bar-On,1970-06-26,roni.bar-on@teva.com,057-8481705,Herzeliya
229488462,Ben,,Segal,1980-10-21,ben.segal@walla.co.il,050-5048832,Petah-Tikva
394439003,Dor,,Gur,1992-01-16,dor.gur@teva.com,054-7350865,Herzeliya
796329331,May,,Livne,1961-02-17,may.livne@gmail.com,051-6606690,Petah-Tikva
903764993,Bar,,Rabin,1997-09-02,bar.rabin@walla.co.il,055-9306069,Jerusalem
652626491,Inbal,,David,1963-09-14,inbal.david@walla.co.il,059-7486152,Herzeliya
855523019,Ilan,,Feldman,1971-11-23,ilan.feldman@gmail.com,056-1211511,Tel Aviv - Yafo
345528382,Shir,,Ben-David,1980-04-17,shir.ben-david@gmail.com,052-7629710,Petah-Tikva
653875855,Rivka,Ben,Gur,1957-12-09,rivka.gur@gmail.com,052-3145504,Herzeliya
199408297,Agam,,Sarusi,1965-06-22,agam.sarusi@hotmail.com,055-4321219,Ashdod
543683774,Yaakov,Bat,Gabay,1969-12-27,yaakov.gabay@gmail.com,053-1963308,Haifa
336952522,Dan,,Levine,1958-05-02,dan.levine@gmail.com,051-1270800,Nahariya
936620139,Guy,,Feldman,1995-03-15,guy.feldman@gmail.com,053-3564045,Haifa
752143052,Orly,Leah,Deutsch,1948-02-03,orly.deutsch@teva.com,054-7612287,Haifa
698065524,Leah,,Peretz,1969-09-24,leah.peretz@teva.com,059-6509997,Jerusalem
635611753,Yuval,,Blau,2006-05-18,yuval.blau@gmail.com,057-9485578,Haifa
433615729,Yael,,Green,1973-05-09,yael.green@walla.co.il,059-6177577,Eilat
656241751,Bar,,Arad,1947-04-29,bar.arad@teva.com,055-1275145,Eilat
451091306,Anat,,Sela,1937-12-01,anat.sela@teva.com,056-3771048,Nahariya
611878640,Amit,,Berger,1941-03-06,amit.berger@checkpoints.com,052-4535213,Haifa
451537086,Rotem,,Rabin,1964-10-07,rotem.rabin@gmail.com,054-7926800,Eilat
608499028,Shalom,,Shamir,1966-08-04,shalom.shamir@gmail.com,053-5042694,Petah-Tikva
785083321,Rivka,,Spector,1999-01-30,rivka.spector@gmail.com,055-2679904,Petah-Tikva
743703212,Agam,,Peres,1959-06-22,agam.peres@gmail.com,056-9610099,Rehovot
605598512,Avi,,Segal,1986-01-19,avi.segal@hotmail.com,054-1318873,Jerusalem
830338621,May,,Koren,1952-09-01,may.koren@gmail.com,051-9726525,Rehovot
767419846,Shir,,Rubin,2000-10-03,shir.rubin@gmail.com,054-5581399,Tel Aviv - Yafo
702848291,Lior,, Dayan,1987-06-03,lior. dayan@checkpoints.com,051-5153601,Eilat
304670213,Tamar,,Frank,2002-06-03,tamar.frank@checkpoints.com,052-4414013,Ashdod
754898032,Gadi,Leah,Cohen,1994-05-19,gadi.cohen@gmail.com,050-2288135,Rehovot
332195700,Shlomo,,Ronen,1973-02-05,shlomo.ronen@teva.com,053-2116824,Petah-Tikva
185415612,Tomers,Bat,Shaham,1997-07-27,tomers.shaham@hotmail.com,059-8154596,Ashdod
301109434,Yitzhak,,Omer,1977-05-05,yitzhak.omer@hotmail.com,050-5108486,Beer-Sheva
443812257,Yuval,,Geva,2007-04-20,yuval.geva@gmail.com,050-2764943,Nahariya
785964526,Coral,Yosef,Peres,1974-10-13,coral.peres@checkpoints.com,055-4566254,Haifa
415707897,Avigail,,Peles,1988-11-29,avigail.peles@checkpoints.com,058-9069161,Beer-Sheva
500202951,Shlomo,,Melamed,1964-04-27,shlomo.melamed@gmail.com,056-2933891,Beer-Sheva
599500518,Tali,,Friedman,1946-08-20,tali.friedman@hotmail.com,057-1181106,Haifa
135625403,Rivka,Bat,Avraham,1949-08-11,rivka.avraham@teva.com,058-1162240,Eilat
880707194,Guy,,Asulin,1957-08-02,guy.asulin@teva.com,051-3998444,Jerusalem
280100050,David,,Berger,2007-05-27,david.berger@gmail.com,055-4601983,Haifa
249070105,Dorit,,Rabin,1991-10-07,dorit.rabin@teva.com,057-7448833,Haifa
487562770,Omer,,Koren,1993-10-26,omer.koren@gmail.com,053-2874068,Beer-Sheva
411528369,Tomers,,Peles,1941-09-08,tomers.peles@gmail.com,052-7480701,Ashdod
829750654,David,,Yosef,2001-01-17,david.yosef@walla.co.il,057-9481497,Beer-Sheva
221268144,Mor,,Heller,1941-12-20,mor.heller@hotmail.com,056-3276657,Nahariya
107579891,Idan,Bat,Melamed,1963-01-12,idan.melamed@walla.co.il,054-3840131,Rehovot
575048594,Gil,Bat,Lapid,2004-11-15,gil.lapid@hotmail.com,059-6014145,Beer-Sheva
311941974,Shlomo,,Harel,1938-08-14,shlomo.harel@gmail.com,050-6749846,Tel Aviv - Yafo
580347766,Michal,Michael,Melamed,1963-07-07,michal.melamed2@gmail.com,052-5885750,Rehovot
625476680,Rotem,,Friedman,1963-12-26,rotem.friedman@hotmail.com,054-8317616,Ashdod
125443880,Sigal,,fuchs,1949-05-02,sigal.fuchs@gmail.com,050-6699933,Eilat
349422344,Michal,,Rubin,2007-11-02,michal.rubin@gmail.com,057-3741742,Ashdod
575335722,Rachel,Bat,Begin,1957-11-14,rachel.begin@gmail.com,051-4963753,Haifa
111684643,Inbal,Bat,David,2002-11-11,inbal.david@checkpoints.com,053-5288573,Tel Aviv - Yafo
178378849,Eli,Ben,Gal,1992-06-30,eli.gal@gmail.com,050-7731518,Herzeliya
168951363,Chaim,,Bareket,1944-07-17,chaim.bareket@checkpoints.com,054-8962779,Beer-Sheva
872036727,Michael,Yosef,Blau,1984-03-04,michael.blau@hotmail.com,055-8380855,Nahariya
567754361,Eyal,,Shani,1991-01-07,eyal.shani@teva.com,051-3743537,Petah-Tikva
990624709,Shalom,,fuchs,1954-05-01,shalom.fuchs@gmail.com,054-5995627,Eilat
806140029,Oren,,Ohayon,1997-05-20,oren.ohayon@gmail.com,054-6624867,Rehovot
636707230,Meital,,Green,1971-03-16,meital.green@gmail.com,059-6676201,Haifa
387735248,Ilan,,Green,1999-11-19,ilan.green@walla.co.il,050-3571587,Beer-Sheva
583023258,Gal,,Aharon,1965-03-09,gal.aharon@checkpoints.com,057-1673134,Haifa
263821226,Osnat,,Liberman,1985-12-18,osnat.liberman@teva.com,055-4858809,Petah-Tikva
479367269,Orly,,Peled,1992-02-26,orly.peled@hotmail.com,054-9793516,Nahariya
639052001,Nir,,Golan,1993-02-26,nir.golan@hotmail.com,059-4190596,Jerusalem
834935084,Tali,,Mizrachi,1985-08-30,tali.mizrachi@gmail.com,059-5071469,Nahariya
640123462,Yuval,,Livne,1944-06-27,yuval.livne@hotmail.com,058-6172999,Rehovot
407285377,Shahar,,Asulin,1947-10-08,shahar.asulin@walla.co.il,053-4901015,Herzeliya
876139733,May,,Zilber,1977-06-02,may.zilber@gmail.com,053-2299240,Eilat
535145874,Tomers,,Levine,1978-08-13,tomers.levine@checkpoints.com,053-4937181,Petah-Tikva
103192203,Lihi,,Yadin,1999-03-04,lihi.yadin@walla.co.il,056-4262022,Jerusalem
390092510,Roni,Leah,Friedman,1996-08-01,roni.friedman@gmail.com,055-7683331,Jerusalem
374261541,Meital,,Schwartz,1971-04-01,meital.schwartz@gmail.com,056-3874394,Eilat
697649808,Dor,,Zamir,1991-01-16,dor.zamir@gmail.com,057-1539463,Petah-Tikva
396286183,Tamar,,Feldman,1944-03-30,tamar.feldman@gmail.com,054-4412247,Petah-Tikva
411911785,Omer,Yosef,Katz,1978-01-27,omer.katz@gmail.com,059-5445570,Petah-Tikva
709487086,Anat,,Kramer,1993-07-30,anat.kramer@checkpoints.com,051-9916731,Petah-Tikva
292878204,Tali,,Netanyahu,1987-03-20,tali.netanyahu@hotmail.com,051-7158706,Beer-Sheva
273323418,Eli,Yosef,Omer,1984-01-12,eli.omer@checkpoints.com,057-3913153,Petah-Tikva
809343412,Lihi,,Asulin,1955-01-16,lihi.asulin@hotmail.com,057-3911340,Petah-Tikva
971859188,Itai,,Feldman,2008-05-06,itai.feldman@gmail.com,057-6303016,Beer-Sheva
380343864,Dana,Sarah,Koren,1988-10-10,dana.koren@checkpoints.com,054-9054858,Nahariya
290505593,Dorit,Yosef,Eitan,1958-07-02,dorit.eitan@gmail.com,054-6440546,Jerusalem
181840261,David,,Begin,1995-12-12,david.begin@gmail.com,056-6030817,Jerusalem
986795016,Lihi,,Segal,1941-09-19,lihi.segal@gmail.com,051-5507217,Rehovot
114223091,Gal,,Kraus,1955-07-28,gal.kraus@walla.co.il,051-1444343,Rehovot
968659922,Dudi,,Yadin,1941-04-02,dudi.yadin@walla.co.il,054-2718655,Haifa
741798336,Sivan,Michael,Yadin,2007-09-24,sivan.yadin@walla.co.il,051-5467103,Ashdod
189683855,Tal,Ben,Sela,1993-10-04,tal.sela1@gmail.com,050-3328562,Jerusalem
187398986,Dor,Michael,Dahan,1940-03-18,dor.dahan@gmail.com,052-9063092,Haifa
649151769,Gil,Bat,Gur,2003-02-22,gil.gur@hotmail.com,056-2341310,Petah-Tikva
902657277,Sivan,,Ben-Ari,1995-11-19,sivan.ben-ari@gmail.com,050-8752640,Nahariya
642513376,Leah,Ben,Shapira,1950-06-17,leah.shapira@gmail.com,054-2422327,Petah-Tikva
999954148,Tamar,,Grosman,2007-04-17,tamar.grosman@teva.com,057-4738600,Ashdod
554340990,Chaim,,Ben-Gurion,1956-08-09,chaim.ben-gurion@gmail.com,052-9704338,Herzeliya
393411292,Shani,,Rubin,1945-12-15,shani.rubin@walla.co.il,053-9217105,Nahariya
640997327,Tomers,,Peled,1978-01-11,tomers.peled@gmail.com,057-9017167,Nahariya
603830678,Limor,,Gal,1989-10-14,limor.gal@walla.co.il,057-8290513,Tel Aviv - Yafo
392695893,Agam,,Bareket,1980-02-22,agam.bareket@gmail.com,054-4856837,Nahariya
565628854,Linoy,,Peretz,1960-12-01,linoy.peretz@gmail.com,058-7875552,Nahariya
762929934,Dor,,Barkat,1947-11-04,dor.barkat@walla.co.il,056-1286741,Ashdod
450741385,Daniel,Ben,Segal,1963-08-22,daniel.segal@gmail.com,052-7533381,Haifa
415029981,Shalom,,Arad,1938-01-01,shalom.arad@hotmail.com,053-6396396,Rehovot
455249514,Yitzhak,,fuchs,1971-02-03,yitzhak.fuchs@teva.com,055-6414742,Ashdod
339990980,Dan,,Turgeman,1941-04-17,dan.turgeman@checkpoints.com,055-3595598,Herzeliya
978072429,Kim,,Tamir,1970-12-01,kim.tamir@walla.co.il,059-1861987,Beer-Sheva
269434799,Ben,,Peled,1992-10-26,ben.peled@hotmail.com,054-8182405,Herzeliya
274062702,Roy,,Oz,1985-09-03,roy.oz@teva.com,059-1884752,Haifa
164661314,Ofek,,Livne,1984-05-19,ofek.livne@gmail.com,057-1015459,Tel Aviv - Yafo
701586026,Leah,Sarah,Olmert,1944-06-07,leah.olmert1@gmail.com,052-5745746,Haifa
443772986,Ofek,,Tal,2002-04-29,ofek.tal@teva.com,053-9087865,Rehovot
857452762,Rachel,,Weiss,1983-01-10,rachel.weiss@walla.co.il,051-6239405,Haifa
876332681,Mor,,Peres,1984-03-17,mor.peres@gmail.com,058-6941937,Haifa
537675208,Shlomo,,Agbaria,1963-11-03,shlomo.agbaria@hotmail.com,057-4168468,Ashdod
254536172,Oren,,Golan,1977-03-12,oren.golan@hotmail.com,053-4666023,Eilat
758172686,Chaim,,Kramer,1974-01-11,chaim.kramer@gmail.com,053-4394574,Jerusalem
193240741,Zohar,,Koren,1970-11-20,zohar.koren@teva.com,056-1909686,Haifa
834604200,Chaim,,Biton,1971-04-04,chaim.biton@walla.co.il,056-9366306,Ashdod
940871299,Stav,,Blau,1971-03-18,stav.blau@gmail.com,057-7332982,Petah-Tikva
162462327,Roy,,Turgeman,1963-04-18,roy.turgeman@gmail.com,059-6550299,Petah-Tikva
219227512,Ori,Sarah,Avraham,1990-03-15,ori.avraham@hotmail.com,055-7232128,Jerusalem
352371529,Israel,,Dotan,1941-02-23,israel.dotan1@gmail.com,053-5185730,Jerusalem
800939882,Daniel,,Liberman,1941-09-05,daniel.liberman@gmail.com,054-9724513,Herzeliya
461165056,Kim,,Peretz,1995-09-06,kim.peretz@walla.co.il,054-1291318,Rehovot
644435392,Ben,,Spector,1970-11-06,ben.spector@gmail.com,058-5105106,Petah-Tikva
809638699,Ariel,,Blau,1956-08-06,ariel.blau@walla.co.il,053-1914891,Haifa
815859683,Yitzhak,,Shapira,1936-12-23,yitzhak.shapira@checkpoints.com,055-9510197,Nahariya
272666307,Dana,,Lavi,1984-10-21,dana.lavi@hotmail.com,058-2419895,Nahariya
512416787,Iris,,Begin,1956-04-14,iris.begin@gmail.com,059-5635519,Herzeliya
997874606,Erez,,Tzur,1981-10-01,erez.tzur@walla.co.il,054-6392695,Haifa
355826031,Motti,Ben,Cohen,1975-04-21,motti.cohen@gmail.com,054-3620785,Eilat
503384261,Nir,,Dotan,1985-08-06,nir.dotan@walla.co.il,050-2159750,Eilat
731276921,Ron,,Olmert,1946-11-09,ron.olmert@gmail.com,050-3096061,Petah-Tikva
626232869,Omer,,Olmert,1977-09-12,omer.olmert@gmail.com,052-9447471,Tel Aviv - Yafo
161520836,Meital,,Aharon,1967-02-19,meital.aharon@walla.co.il,050-9309537,Jerusalem
389748923,Sivan,Bat,Lazar,1999-01-14,sivan.lazar1@walla.co.il,051-4717160,Petah-Tikva
113504290,Kim,,Shaham,1997-02-03,kim.shaham@checkpoints.com,051-7464952,Petah-Tikva
475863575,Ben,,Rubin,1964-10-08,ben.rubin@gmail.com,054-4006178,Eilat
864107482,Osnat,,Stern,1940-04-29,osnat.stern@hotmail.com,056-9218921,Eilat
463408224,Michael,,Silberman,1970-08-05,michael.silberman@walla.co.il,058-9524340,Beer-Sheva
843639939,Michal,,Feldman,1947-10-07,michal.feldman@walla.co.il,051-8069381,Rehovot
700949610,Motti,,Elbaz,1957-10-14,motti.elbaz@gmail.com,056-5009474,Rehovot
369384837,Bar,Sarah,Gur,1975-04-18,bar.gur1@gmail.com,051-7934370,Beer-Sheva
545953015,Alon,Michael,Zamir,2001-11-02,alon.zamir1@hotmail.com,052-7261135,Rehovot
751752144,Yuval,,Agbaria,2001-03-21,yuval.agbaria@gmail.com,056-8567354,Petah-Tikva
722484519,Dan,,Tamir,1965-04-25,dan.tamir@hotmail.com,058-7851018,Jerusalem
162765720,Tal,,Shapira,2003-12-18,tal.shapira@gmail.com,053-7520987,Nahariya
992041224,Amit,,Zamir,1957-12-27,amit.zamir@teva.com,051-8079251,Petah-Tikva
244035046,Ben,,Asulin,1944-01-28,ben.asulin@checkpoints.com,050-2855497,Ashdod
519245827,Roy,,David,2000-06-01,roy.david@hotmail.com,058-8134465,Jerusalem
601105566,Dorit,Sarah,Koren,1975-12-26,dorit.koren@teva.com,055-4795378,Rehovot
104757749,Dor,,Levine,2007-06-14,dor.levine@walla.co.il,053-6843470,Rehovot
605141758,Roy,,Porat,1964-07-17,roy.porat@walla.co.il,055-7569838,Nahariya
885346138,Shira,,Segal,1961-10-22,shira.segal@gmail.com,051-1031325,Petah-Tikva
109019228,Shir,,Biton,1941-09-28,shir.biton@gmail.com,057-4409791,Tel Aviv - Yafo
334077422,Coral,,Hadad,1961-07-18,coral.hadad@gmail.com,057-6110440,Rehovot
322284641,Kim,Leah,Rubin,1987-12-19,kim.rubin@checkpoints.com,055-7931638,Beer-Sheva
224485208,Rami,,Bar-On,1994-12-18,rami.bar-on@gmail.com,053-1055463,Rehovot
453814256,Asaf,,Livne,1996-02-01,asaf.livne@teva.com,051-6617696,Jerusalem
797328606,Osnat,,Agbaria,2000-02-10,osnat.agbaria@teva.com,052-9430829,Beer-Sheva
601043085,Dan,Bat,Harel,1951-05-03,dan.harel@walla.co.il,056-7458184,Rehovot
345387783,Erez,,Koren,1953-03-17,erez.koren@gmail.com,057-3939147,Eilat
450436300,Motti,,Bar-On,2007-08-15,motti.bar-on@gmail.com,053-9243243,Nahariya
745552338,Maya,,Peretz,1964-07-10,maya.peretz@gmail.com,053-6788746,Jerusalem
235446522,Meital,,fuchs,1978-12-04,meital.fuchs@walla.co.il,057-2646577,Nahariya
989415951,Agam,Yosef,Saban,1963-07-23,agam.saban@walla.co.il,058-2033269,Ashdod
768495898,Shira,,Lavi,1963-08-19,shira.lavi@gmail.com,052-9478059,Jerusalem
865623046,Shlomo,Sarah,Rubin,1966-08-27,shlomo.rubin1@walla.co.il,057-7939994,Petah-Tikva
716697392,Michael,,Saban,2000-12-01,michael.saban@walla.co.il,055-8389750,Rehovot
278803220,Ariel,,Eshkol,1941-03-03,ariel.eshkol@walla.co.il,051-6499395,Petah-Tikva
240703390,Ilan,,Aharon,1984-11-21,ilan.aharon@hotmail.com,054-4182837,Petah-Tikva
968429110,Bar,Bat,Zilber,1959-11-17,bar.zilber@hotmail.com,056-6758968,Herzeliya
848870025,Dana,,Gal,1972-08-15,dana.gal@teva.com,057-9649801,Jerusalem
252092377,Roy,,Ramon,1942-01-12,roy.ramon@checkpoints.com,055-4158636,Rehovot
405776953,Michael,,Levine,2005-10-12,michael.levine@walla.co.il,056-2779655,Eilat
136869789,Shir,,Peles,2004-10-20,shir.peles@walla.co.il,052-1012030,Haifa
691181387,Gadi,,Yosef,1994-05-13,gadi.yosef@gmail.com,059-8162586,Rehovot
611891134,Gal,,Ben-David,2006-12-20,gal.ben-david@gmail.com,057-4750466,Petah-Tikva
931446384,Rivka,,Arad,1974-11-11,rivka.arad@gmail.com,056-9103615,Tel Aviv - Yafo
593921913,Orly,,Yosef,1946-01-17,orly.yosef@gmail.com,055-7805373,Herzeliya
519933423,Rotem,,Stern,2001-09-22,rotem.stern@walla.co.il,054-1094583,Nahariya
690291045,Sigal,,Dotan,1986-11-27,sigal.dotan@teva.com,050-6935558,Eilat
639677332,Gal,,Dotan,1994-02-07,gal.dotan@gmail.com,053-2585775,Haifa
733289634,Idan,,Lazar,1970-11-22,idan.lazar@gmail.com,055-5565449,Ashdod
705107878,Michal,Ben,Navon,2000-05-27,michal.navon@checkpoints.com,054-7477773,Beer-Sheva
993334747,Adi,,Harel,1939-08-01,adi.harel@teva.com,050-1685941,Tel Aviv - Yafo
175526533,Motti,Ben,Livne,1968-02-04,motti.livne@gmail.com,058-9497121,Herzeliya
861383828,Gil,,Yadin,1964-01-09,gil.yadin@gmail.com,053-7742509,Nahariya
349083529,Yaron,,Gur,1958-10-16,yaron.gur@hotmail.com,054-2755475,Jerusalem
717659642,Neta,Bat,Harari,1995-08-31,neta.harari@gmail.com,053-1222672,Herzeliya
415457881,Yosef,,Tzur,1985-10-28,yosef.tzur@teva.com,052-7013992,Beer-Sheva
211201650,Michael,,Sela,1990-12-03,michael.sela@checkpoints.com,055-6037050,Tel Aviv - Yafo
403532995,Chaim,,Zamir,1968-04-19,chaim.zamir@hotmail.com,059-1609875,Jerusalem
682227307,Shir,,fuchs,1966-07-11,shir.fuchs@walla.co.il,056-1608572,Rehovot
992699181,Tomers,,Shamir,1979-10-23,tomers.shamir@checkpoints.com,051-4389207,Petah-Tikva
117926251,Ronit,,Barkat,1966-05-02,ronit.barkat@hotmail.com,053-9954891,Ashdod
407917064,Shira,,Livne,1991-02-03,shira.livne@gmail.com,058-2676375,Eilat
311047057,Bar,,Eitan,1940-09-08,bar.eitan@hotmail.com,053-8511427,Tel Aviv - Yafo
647392943,Tomers,,Cohen,1977-04-16,tomers.cohen@gmail.com,058-2339574,Eilat
213214782,Shlomo,,Frank,2003-06-20,shlomo.frank@gmail.com,057-8534251,Rehovot
576645795,Adi,,Guttman,1976-06-16,adi.guttman@hotmail.com,059-4115522,Jerusalem
829688688,Moshe,,Liberman,1974-08-13,moshe.liberman@walla.co.il,057-9889650,Ashdod
218932175,Dudi,,Porat,1940-05-20,dudi.porat@hotmail.com,057-3935465,Rehovot
447494195,Roni,,Sharon,2002-10-12,roni.sharon@gmail.com,056-5727885,Nahariya
544751542,Ben,,Sarusi,2000-01-13,ben.sarusi@teva.com,054-6307556,Jerusalem
585983649,Hila,,Olmert,1968-10-02,hila.olmert@teva.com,054-5985702,Eilat
671062765,Omer,Yosef,Rubin,1949-10-18,omer.rubin@checkpoints.com,059-1814209,Beer-Sheva
976572739,Oren,,Feldman,1940-03-07,oren.feldman@gmail.com,051-6279359,Rehovot
408001949,Linoy,,Kraus,2005-03-17,linoy.kraus@teva.com,055-2011407,Rehovot
684755648,Guy,,Arad,2002-06-17,guy.arad@checkpoints.com,059-4747013,Petah-Tikva
565915811,Michal,,Yarkoni,1965-01-12,michal.yarkoni@gmail.com,058-8186119,Tel Aviv - Yafo
469477325,Neta,,Stern,1990-01-01,neta.stern@checkpoints.com,058-3528827,Jerusalem
422824037,Eli,,Feldman,1979-09-25,eli.feldman@walla.co.il,050-6687506,Beer-Sheva
674896919,Lior,,Cohen,1990-05-13,lior.cohen@checkpoints.com,052-5518835,Haifa
598202534,Michael,Sarah,Berger,1941-06-23,michael.berger@teva.com,056-3696178,Eilat
126398432,Roy,,Nir,1950-02-02,roy.nir@gmail.com,057-8447413,Haifa
543678850,Zohar,,Yosef,1991-07-23,zohar.yosef1@gmail.com,059-3600753,Haifa
877286011,Yaron,,Vaknin,1944-08-04,yaron.vaknin@gmail.com,053-3340386,Eilat
835731238,Motti,,Turgeman,2000-01-11,motti.turgeman@hotmail.com,055-5606598,Herzeliya
758113696,Tomers,,Melamed,1960-12-31,tomers.melamed@gmail.com,051-5383532,Tel Aviv - Yafo
154939027,Gil,,Goldberg,2006-01-08,gil.goldberg@gmail.com,052-9473942,Haifa
425091003,Avi,,Levi,1968-06-14,avi.levi@hotmail.com,058-7380431,Herzeliya
249552608,Michael,Leah,Ronen,1937-04-28,michael.ronen@gmail.com,050-9799801,Rehovot
325836951,Yael,,Guttman,1947-01-22,yael.guttman@teva.com,058-3933311,Jerusalem
121780551,Yaron,,Segal,1959-09-11,yaron.segal@walla.co.il,052-9735313,Nahariya
949785383,Sigal,,Gur,1966-08-26,sigal.gur@teva.com,053-7592298,Jerusalem
694970187,Shira,Yosef,Altman,1994-05-21,shira.altman@teva.com,056-3554312,Eilat
926231187,Moshe,,Eitan,1945-08-23,moshe.eitan@walla.co.il,054-1823786,Eilat
986235770,Noa,,Livne,1957-04-23,noa.livne@gmail.com,051-8266333,Jerusalem
372866860,Sigal,,Eshkol,1947-07-18,sigal.eshkol@gmail.com,053-2594125,Tel Aviv - Yafo
907172140,Omer,,Peles,1979-12-28,omer.peles@gmail.com,051-5867142,Tel Aviv - Yafo
477952105,Shlomo,,Olmert,1951-09-01,shlomo.olmert@gmail.com,058-6237825,Eilat
931223688,Dor,Leah,Peres,1937-08-16,dor.peres@gmail.com,052-7534155,Tel Aviv - Yafo
418036151,Dor,Ben,Peled,1968-11-11,dor.peled@gmail.com,059-6628763,Jerusalem
648802715,Orly,,Oz,1944-01-09,orly.oz@walla.co.il,052-6238913,Petah-Tikva
177944403,David,,Kraus,1964-06-06,david.kraus@hotmail.com,058-5829996,Herzeliya
605344035,Ofek,,Klein,1969-11-26,ofek.klein@gmail.com,050-3981309,Petah-Tikva
264149669,Niv,,Lapid,1991-01-13,niv.lapid@gmail.com,054-5265504,Tel Aviv - Yafo
762010082,Oren,Bat,Deutsch,1949-03-19,oren.deutsch@teva.com,050-6805871,Tel Aviv - Yafo
557035953,Mor,Sarah,Guttman,1978-01-17,mor.guttman@gmail.com,053-4342029,Beer-Sheva
958607658,Gadi,,Tal,1940-11-29,gadi.tal@checkpoints.com,059-3982538,Haifa
106213250,Amit,,Arad,1959-04-17,amit.arad@gmail.com,055-4036635,Tel Aviv - Yafo
646546469,Kobi,,Nir,1998-08-09,kobi.nir@checkpoints.com,057-7584654,Eilat
103849828,Itai,,Shapira,1969-12-12,itai.shapira@gmail.com,055-1763145,Herzeliya
864993160,Ariel,,Vaknin,1954-09-10,ariel.vaknin@gmail.com,053-5955089,Jerusalem
158172060,Rachel,,Tal,1975-10-03,rachel.tal1@gmail.com,052-9159497,Petah-Tikva
744625293,Erez,,Levine,1987-01-11,erez.levine@hotmail.com,053-9486390,Petah-Tikva
417492375,Israel,,Olmert,1947-08-08,israel.olmert@checkpoints.com,053-9083787,Rehovot
480942217,Rivka,,Liberman,1955-06-08,rivka.liberman@gmail.com,052-6978769,Eilat
120570426,Alon,,Ben-David,1961-08-20,alon.ben-david@walla.co.il,054-2611096,Petah-Tikva
697671664,Bar,,Koren,1997-01-17,bar.koren@hotmail.com,050-9646009,Herzeliya
129776762,Adi,,Ohayon,1989-07-26,adi.ohayon@walla.co.il,057-3858761,Beer-Sheva
163730740,Avi,,Avraham,1982-08-12,avi.avraham@gmail.com,057-4884000,Nahariya
215128260,Meital,,Malka,1965-01-27,meital.malka@gmail.com,050-1495979,Jerusalem
829716193,Asaf,,Tal,1960-12-27,asaf.tal@walla.co.il,055-9166533,Jerusalem
614175051,Shira,,Lapid,1974-08-03,shira.lapid@walla.co.il,056-1082410,Ashdod
245063079,Ofek,,Zilber,2003-04-29,ofek.zilber@checkpoints.com,054-8884678,Petah-Tikva
211171913,Omer,,Cohen,1959-10-19,omer.cohen@gmail.com,053-8320845,Eilat
738030342,Roy,,Arad,1976-08-19,roy.arad@checkpoints.com,052-9950282,Nahariya
723698076,Rachel,,Lapid,1972-06-15,rachel.lapid@gmail.com,052-7642498,Nahariya
573688619,Dana,,Hadad,1969-11-27,dana.hadad@walla.co.il,058-5859840,Eilat
155104149,Niv,,Livne,1970-03-12,niv.livne@gmail.com,056-8883284,Eilat
174622406,Shani,,Melamed,1950-06-10,shani.melamed@hotmail.com,051-5169029,Herzeliya
362105356,Dan,,Altman,1994-06-22,dan.altman@hotmail.com,058-4859388,Nahariya
919128598,Hila,,Eitan,1996-05-13,hila.eitan@teva.com,056-1700728,Eilat
801650982,Shahar,,Goldberg,1954-09-12,shahar.goldberg@checkpoints.com,058-8851546,Jerusalem
411685511,Shir,Michael,Peretz,1952-12-18,shir.peretz@checkpoints.com,059-9201294,Petah-Tikva
588871629,Anat,,Gabay,1990-06-09,anat.gabay@teva.com,057-8771418,Tel Aviv - Yafo
142789874,Yaron,,Kraus,2002-06-12,yaron.kraus@hotmail.com,054-7116871,Rehovot
350197278,Avi,Ben,Altman,1949-01-09,avi.altman@gmail.com,054-1356297,Herzeliya
604811110,Roy,,Green,1943-02-08,roy.green@hotmail.com,051-1858631,Eilat
857805829,Iris,,Harari,1980-05-20,iris.harari@walla.co.il,059-5662619,Jerusalem
964487619,Ori,,Nir,1937-05-23,ori.nir@hotmail.com,057-8615569,Beer-Sheva
827385043,Eden,,Lazar,1956-11-03,eden.lazar@hotmail.com,051-7496231,Herzeliya
643636119,Stav,,Zamir,1986-05-09,stav.zamir1@gmail.com,051-2991702,Tel Aviv - Yafo
218515789,Omer,,Altman,1965-09-25,omer.altman@teva.com,052-2118635,Eilat
278505675,Dan,,Olmert,1950-12-30,dan.olmert@checkpoints.com,058-9537777,Herzeliya
796346761,Tomers,,Sarusi,1948-02-01,tomers.sarusi@hotmail.com,051-7783608,Tel Aviv - Yafo
785236135,Zohar,Leah,Marciano,1977-05-05,zohar.marciano@teva.com,058-6615913,Herzeliya
307555439,Stav,,Ben-Gurion,1945-03-07,stav.ben-gurion@checkpoints.com,054-4598788,Ashdod
123406027,Nir,,Ohayon,1952-09-15,nir.ohayon@checkpoints.com,054-5282703,Eilat
862342063,Noam,,Gabay,2008-04-30,noam.gabay@gmail.com,050-5558849,Tel Aviv - Yafo
942182801,Hadar,,Deutsch,1995-03-02,hadar.deutsch@gmail.com,051-1854231,Rehovot
752048148,Dan,,Shapira,1961-07-08,dan.shapira@teva.com,052-3960590,Eilat
743394531,Adam,,Deutsch,1950-12-06,adam.deutsch@hotmail.com,057-4269983,Rehovot
997446251,Stav,,Shani,1948-09-10,stav.shani@teva.com,053-9125456,Beer-Sheva
164250793,Sivan,,Rubin,1955-11-16,sivan.rubin@teva.com,052-6949305,Nahariya
159209775,Mor,,Tal,1967-04-21,mor.tal@gmail.com,058-6432673,Jerusalem
867419756,Yuval,,Cohen,1998-12-13,yuval.cohen@walla.co.il,054-4764793,Tel Aviv - Yafo
951764852,Shalom,,Dahan,1990-07-03,shalom.dahan@gmail.com,056-7657967,Ashdod
599126977,Hila,,Klein,2008-06-24,hila.klein@walla.co.il,051-3613043,Ashdod
718102914,Shir,,Rabin,1999-05-01,shir.rabin@walla.co.il,056-4573392,Herzeliya
847647140,Shani,,Shapira,1954-01-12,shani.shapira1@gmail.com,054-4534275,Eilat
280334937,Hadar,Michael,Biton,1980-07-17,hadar.biton1@gmail.com,051-7648252,Jerusalem
552053644,Tamar,Yosef,Kramer,2003-09-03,tamar.kramer@checkpoints.com,054-7441613,Ashdod
650156157,Eitan,Bat,Koren,1969-06-07,eitan.koren@hotmail.com,050-7556216,Beer-Sheva
355076121,Rivka,,Peretz,1966-04-03,rivka.peretz@gmail.com,051-3266032,Haifa
951437578,Noga,,Bareket,1944-08-21,noga.bareket@walla.co.il,056-8366080,Rehovot
535880014,Michal,,Asulin,1979-06-09,michal.asulin@gmail.com,052-5659304,Haifa
773461502,Sigal,,Omer,1971-08-01,sigal.omer@hotmail.com,054-4712037,Herzeliya
340156938,Sivan,,Segal,1963-08-17,sivan.segal@teva.com,056-2229411,Ashdod
690718757,Osnat,,Levi,2002-06-14,osnat.levi@gmail.com,058-1537243,Herzeliya
586495263,Ofek,Yosef,Zamir,1938-12-08,ofek.zamir@checkpoints.com,057-7456703,Petah-Tikva
483216428,Anat,Ben,Deutsch,1980-03-31,anat.deutsch@gmail.com,050-8389817,Tel Aviv - Yafo
634429177,Moshe,,Feldman,1994-07-01,moshe.feldman@hotmail.com,055-1605957,Eilat
527862145,Shahar,,Harari,1984-08-02,shahar.harari@gmail.com,051-3125796,Jerusalem
286116904,Adi,,Shani,1995-01-13,adi.shani@checkpoints.com,056-5135737,Herzeliya
300882377,Anat,,Livne,1975-09-06,anat.livne@gmail.com,057-8494985,Herzeliya
181127927,Motti,,Stern,1961-10-17,motti.stern@gmail.com,059-6613245,Jerusalem
171851602,Idan,,Blau,1984-07-27,idan.blau@checkpoints.com,054-6607460,Eilat
554311349,Meital,Michael,Shapira,1971-02-18,meital.shapira@checkpoints.com,051-7655707,Petah-Tikva
262315819,Omer,,Hadad,1937-07-31,omer.hadad@gmail.com,057-1656427,Eilat
924691811,Yael,,Tamir,1950-05-30,yael.tamir@teva.com,051-3277672,Rehovot
659629557,Yosef,,Rubin,1955-05-10,yosef.rubin@hotmail.com,050-6531455,Eilat
306792166,Niv,,Asulin,2006-04-11,niv.asulin@gmail.com,050-2884180,Tel Aviv - Yafo
464109206,Neta,,Eshkol,1950-12-22,neta.eshkol@hotmail.com,056-1638146,Haifa
204382033,Bar,,Yarkoni,1981-04-23,bar.yarkoni@walla.co.il,050-3300101,Beer-Sheva
877483007,Agam,,Goldberg,1991-06-23,agam.goldberg@walla.co.il,052-1865277,Ashdod
978585379,Tamar,,Oz,1958-04-17,tamar.oz@checkpoints.com,054-6386017,Nahariya
180371381,Idan,Sarah,Altman,1995-03-14,idan.altman@gmail.com,053-4759638,Beer-Sheva
877382330,Leah,,Peres,1971-02-06,leah.peres@teva.com,055-9312041,Beer-Sheva
914983468,Dor,,Zilber,1962-07-29,dor.zilber@teva.com,051-4541364,Tel Aviv - Yafo
142374903,Zohar,Leah,Altman,1945-02-26,zohar.altman@hotmail.com,055-4188178,Haifa
925560694,Yosef,Bat,Ben-David,1984-03-14,yosef.ben-david@teva.com,058-9207371,Rehovot
373453208,Noam,,Zamir,1989-01-05,noam.zamir@teva.com,059-7108156,Herzeliya
626141484,Rivka,,Rubin,1997-11-23,rivka.rubin@hotmail.com,050-6417564,Eilat
314831688,Yaron,,Saban,2005-04-16,yaron.saban@hotmail.com,053-7190676,Petah-Tikva
116296877,Mor,,Ben-Ari,1974-05-12,mor.ben-ari@hotmail.com,053-3982652,Herzeliya
965651180,Idan,,Frank,1985-09-19,idan.frank@gmail.com,058-4453763,Nahariya
996604115,Rami,,Peres,2005-08-06,rami.peres@gmail.com,052-9622178,Tel Aviv - Yafo
194414657,Shani,Ben,Harari,1970-10-23,shani.harari@gmail.com,059-5969420,Herzeliya
398041692,Noam,,Porat,1986-05-26,noam.porat@hotmail.com,051-1514234,Jerusalem
300015824,Sarah,,Rabin,1961-02-10,sarah.rabin@walla.co.il,056-8862814,Nahariya
784132977,Israel,,Lazar,1964-11-25,israel.lazar@teva.com,054-8896939,Ashdod
864966343,Noam,,Katz,2003-01-06,noam.katz@gmail.com,050-4866496,Eilat
368782049,Rachel,,Rabin,1958-06-28,rachel.rabin@gmail.com,056-1299367,Beer-Sheva
789783519,Lior,,fuchs,1965-11-09,lior.fuchs@checkpoints.com,059-6801434,Jerusalem
302281463,Kim,Michael,Asulin,1989-07-15,kim.asulin@hotmail.com,053-3175531,Haifa
383121769,Yosef,,Feldman,1964-05-06,yosef.feldman@walla.co.il,057-4044361,Ashdod
300468997,Michael,,Yosef,1983-03-28,michael.yosef@hotmail.com,054-8247353,Tel Aviv - Yafo
673625393,Dan,,Lavi,1981-10-27,dan.lavi@gmail.com,050-5787580,Ashdod
455650804,Meital,,Yadin,1955-10-18,meital.yadin@checkpoints.com,058-5136994,Herzeliya
812306253,Asaf,,Gal,1940-12-29,asaf.gal@walla.co.il,050-7431021,Nahariya
792793284,Orly,,Avraham,1980-01-27,orly.avraham@gmail.com,056-2362541,Rehovot
577928438,Ronit,,fuchs,1937-05-19,ronit.fuchs@gmail.com,058-9670140,Rehovot
943085108,Motti,,Grosman,2002-09-25,motti.grosman@gmail.com,058-6625668,Ashdod
594593708,Niv,,Harari,1970-08-17,niv.harari@gmail.com,056-4300113,Eilat
939599250,Motti,,Berger,1976-11-09,motti.berger@gmail.com,059-9278963,Ashdod
952870707,Ariel,Leah,Mizrachi,1950-09-08,ariel.mizrachi1@gmail.com,050-1505971,Beer-Sheva
537871858,Osnat,,Kraus,1973-01-31,osnat.kraus@gmail.com,055-2439596,Herzeliya
624461335,Michal,,Peled,1985-10-20,michal.peled@checkpoints.com,059-1717135,Nahariya
850851328,Erez,Leah,Guttman,1938-02-25,erez.guttman@teva.com,050-9577406,Tel Aviv - Yafo
101680296,Sapir,,Sarusi,1976-11-10,sapir.sarusi@hotmail.com,057-4076819,Petah-Tikva
268176512,Limor,,Golan,1948-02-14,limor.golan@teva.com,054-7611522,Rehovot
475348970,Shir,Michael,Tzur,1962-03-20,shir.tzur@gmail.com,050-6793696,Beer-Sheva
590311555,Itai,,Peled,1941-11-18,itai.peled@gmail.com,051-4020593,Jerusalem
451700529,Gil,,Spector,1947-12-06,gil.spector@walla.co.il,057-9350126,Ashdod
328358991,Rivka,,Begin,1996-11-11,rivka.begin@walla.co.il,055-9926023,Ashdod
446465198,Israel,,Liberman,2007-09-20,israel.liberman@gmail.com,059-8341765,Nahariya
198945622,Rivka,,Cohen,1965-09-15,rivka.cohen@gmail.com,052-9556458,Tel Aviv - Yafo
946632543,Bar,,Katz,1956-10-26,bar.katz@hotmail.com,050-9076036,Petah-Tikva
523406523,Erez,,Eshkol,1954-04-29,erez.eshkol@checkpoints.com,057-5579329,Ashdod
262737337,Kim,,Azoulay,1941-03-09,kim.azoulay@gmail.com,054-4863178,Herzeliya
518811066,Gal,,Arad,1986-07-22,gal.arad@checkpoints.com,050-4657832,Haifa
473946521,Coral,,Stern,1957-02-21,coral.stern@gmail.com,052-7080180,Herzeliya
671250957,Rotem,,Shamir,1974-06-19,rotem.shamir@walla.co.il,053-6371660,Tel Aviv - Yafo
609542851,Rami,Ben,Olmert,1949-03-20,rami.olmert@walla.co.il,052-9767637,Jerusalem
514471871,Tamar,,Begin,1947-09-02,tamar.begin@gmail.com,052-7356509,Beer-Sheva
752291762,Roy,,Tzur,1987-04-25,roy.tzur@gmail.com,059-7624655,Haifa
573946809,Anat,,Zilber,1985-08-06,anat.zilber@gmail.com,059-1641726,Nahariya
461737744,Erez,,Green,2007-01-20,erez.green@gmail.com,056-4369728,Rehovot
157785469,Hila,Michael,Bareket,2003-06-20,hila.bareket@walla.co.il,058-8756451,Tel Aviv - Yafo
422616429,Asaf,Leah,David,1949-11-09,asaf.david1@gmail.com,053-8992988,Jerusalem
748918058,Dor,,Feldman,1965-03-23,dor.feldman@teva.com,052-6316747,Nahariya
927101969,Yitzhak,Bat,Frank,1946-04-29,yitzhak.frank@hotmail.com,059-7445481,Nahariya
922033795,Dudi,,Yosef,1945-05-23,dudi.yosef@hotmail.com,052-9023840,Tel Aviv - Yafo
153285495,Limor,,Hadad,1989-01-27,limor.hadad@checkpoints.com,051-4559198,Haifa
519934935,Eyal,,Geva,1985-01-16,eyal.geva@walla.co.il,050-3627379,Beer-Sheva
368128094,Mor,,Olmert,1960-06-20,mor.olmert@gmail.com,051-7034867,Ashdod
617575335,Daniel,Sarah,Tal,2002-06-27,daniel.tal@hotmail.com,054-3898794,Herzeliya
167779221,Eden,,Peled,1971-06-03,eden.peled@checkpoints.com,051-8934301,Rehovot
268052400,Adam,,Ben-David,1976-02-06,adam.ben-david1@gmail.com,058-6421783,Eilat
626397835,Osnat,,Peretz,1969-04-24,osnat.peretz@gmail.com,050-3539422,Haifa
339226378,Sarah,,Silberman,1959-10-21,sarah.silberman@checkpoints.com,057-9844198,Nahariya
634565583,Ori,,Deutsch,1991-02-20,ori.deutsch@gmail.com,059-7877664,Petah-Tikva
620146634,Eitan,,Hoffman,1980-09-27,eitan.hoffman@checkpoints.com,057-5464125,Rehovot
397405559,Iris,,Feldman,1967-09-23,iris.feldman@teva.com,052-9722823,Jerusalem
210282288,May,,Levi,1997-07-04,may.levi@hotmail.com,055-1826785,Eilat
532848184,Linoy,,Aharon,1977-01-28,linoy.aharon@checkpoints.com,050-6677718,Eilat
111314479,Ori,,Cohen,1950-12-17,ori.cohen@hotmail.com,056-9161810,Nahariya
628090337,Leah,,Turgeman,2001-05-30,leah.turgeman@hotmail.com,053-8491643,Eilat
971147221,Noga,,Shamir,1970-03-31,noga.shamir@walla.co.il,053-7444081,Petah-Tikva
335426469,Gil,,Elbaz,1968-10-26,gil.elbaz@gmail.com,059-7852215,Jerusalem
620682402,Shira,,Liberman,1951-03-23,shira.liberman@walla.co.il,053-5836861,Herzeliya
153986392,Michal,Michael,Segal,2007-10-03,michal.segal@gmail.com,050-5236221,Ashdod
240192328,Coral,Yosef,Kraus,1950-12-22,coral.kraus1@hotmail.com,056-3748871,Nahariya
539901062,Neta,,Mizrachi,1941-02-24,neta.mizrachi@teva.com,055-2926888,Nahariya
697698241,Michael,,Guttman,1965-01-18,michael.guttman@teva.com,053-7524104,Rehovot
965692428,Yael,,Arad,1947-04-04,yael.arad@teva.com,055-7076824,Ashdod
225057081,Rachel,,Omer,1953-08-15,rachel.omer@hotmail.com,054-5403085,Petah-Tikva
612681276,Ben,,Kramer,1969-03-09,ben.kramer@teva.com,052-2331421,Haifa
338649961,Asaf,,Vaknin,1968-08-31,asaf.vaknin@gmail.com,056-2219835,Nahariya
187384813,Gadi,,Sharon,1961-12-16,gadi.sharon@walla.co.il,055-7263149,Ashdod
337234363,Yosef,,Shamir,1955-03-09,yosef.shamir@gmail.com,050-2002200,Herzeliya
445835560,Gadi,,Feldman,1979-08-07,gadi.feldman@teva.com,059-2126711,Nahariya
340643961,Maya,,Elbaz,1982-06-23,maya.elbaz@walla.co.il,052-8874357,Beer-Sheva
244666403,Alon,,Ben-Ari,2003-07-28,alon.ben-ari@checkpoints.com,056-6641082,Jerusalem
317087348,Dana,,Ronen,1975-06-25,dana.ronen@hotmail.com,057-6264161,Nahariya
100100093,Zohar,,Shaham,1940-01-01,zohar.shaham@teva.com,055-8896858,Eilat
569595332,Lihi,Yosef,Hoffman,1949-07-24,lihi.hoffman@hotmail.com,057-9443046,Herzeliya
459678475,Moshe,Leah,Sharon,1982-04-22,moshe.sharon@gmail.com,055-1777948,Ashdod
856189581,Ariel,,Gal,1953-10-29,ariel.gal@teva.com,050-2370529,Tel Aviv - Yafo
573996061,Avi,, Dayan,1946-08-27,avi. dayan@gmail.com,056-6967528,Haifa
556721501,Nir,Yosef,Ohayon,1979-11-15,nir.ohayon@gmail.com,059-8420581,Haifa
398458117,Orly,,Melamed,1944-03-27,orly.melamed@hotmail.com,058-8723444,Tel Aviv - Yafo
491450094,Guy,,Rabin,1953-01-14,guy.rabin@teva.com,057-3381277,Rehovot
125807840,Tal,,Katz,2004-06-15,tal.katz@walla.co.il,059-7969387,Ashdod
295069517,Chaim,Ben,Lapid,1980-01-16,chaim.lapid@walla.co.il,058-5065656,Eilat
659090297,Anat,,Ben-David,1958-08-02,anat.ben-david@checkpoints.com,052-2872993,Petah-Tikva
339116767,Ron,,David,2008-04-22,ron.david@checkpoints.com,056-4224851,Nahariya
137946281,Zohar,,Deutsch,2005-07-17,zohar.deutsch@walla.co.il,058-5375568,Eilat
475698003,Ilan,,Silberman,1986-09-08,ilan.silberman@teva.com,055-5875637,Beer-Sheva
913053145,Orly,,Livne,1965-05-06,orly.livne@teva.com,052-6935637,Tel Aviv - Yafo
415319422,Yaakov,,Golan,1941-05-11,yaakov.golan@hotmail.com,059-9425407,Eilat
169462361,David,,Yadin,1979-10-24,david.yadin@checkpoints.com,055-9868411,Ashdod
264192304,Noa,Michael,Omer,2000-11-06,noa.omer@gmail.com,050-8833535,Petah-Tikva
114793250,Oren,,Livne,1947-06-25,oren.livne@checkpoints.com,051-2442681,Herzeliya
568930814,Michael,, Dayan,2007-01-15,michael. dayan@teva.com,054-8389535,Herzeliya
148360047,Yaakov,,Dahan,1980-07-21,yaakov.dahan@gmail.com,058-6047745,Tel Aviv - Yafo
787969419,Gadi,Leah,Peled,1965-09-09,gadi.peled@gmail.com,056-1623068,Rehovot
456518319,Mor,,Koren,1946-02-03,mor.koren@checkpoints.com,058-1683170,Jerusalem
946656737,Sigal,,Zilber,1989-01-06,sigal.zilber@walla.co.il,054-9174506,Haifa
276891347,Yael,,Feldman,1962-10-12,yael.feldman@teva.com,051-9128784,Tel Aviv - Yafo
662616679,Agam,,Ben-David,2002-09-26,agam.ben-david@checkpoints.com,054-4086634,Petah-Tikva
392215555,Ronit,,Gur,1953-07-30,ronit.gur@teva.com,056-7733998,Jerusalem
820688538,Roni,,Biton,1943-01-28,roni.biton@gmail.com,054-6988894,Jerusalem
735330599,Shir,Leah,Tamir,1943-07-23,shir.tamir@hotmail.com,058-7998094,Ashdod
778568685,Tomers,Ben,Melamed,1946-11-11,tomers.melamed@hotmail.com,056-2836929,Ashdod
154685321,Ilan,,Sela,1968-05-10,ilan.sela@gmail.com,051-9351973,Tel Aviv - Yafo
536245587,Shahar,Ben,Shani,1987-12-01,shahar.shani@checkpoints.com,058-5933466,Rehovot
747185204,Ori,,Bareket,1999-12-05,ori.bareket@gmail.com,050-2696980,Rehovot
637492173,Rotem,,Zilber,1994-01-07,rotem.zilber@checkpoints.com,059-6950129,Ashdod
431871305,Dan,,Vaknin,1958-09-16,dan.vaknin@gmail.com,059-9482758,Nahariya
348614327,Sigal,Michael,Ben-David,1939-02-04,sigal.ben-david@walla.co.il,051-8118604,Tel Aviv - Yafo
926778447,Rivka,Yosef,fuchs,1978-08-30,rivka.fuchs@gmail.com,054-5403890,Beer-Sheva
779541389,Omer,,Gal,1971-05-21,omer.gal@teva.com,059-5795036,Herzeliya
715637224,David,,Ben-David,1967-01-02,david.ben-david@hotmail.com,050-5266286,Nahariya
643293448,Dan,Sarah,Lazar,1991-07-19,dan.lazar@checkpoints.com,058-4226808,Ashdod
890212452,Tomers,,Aharon,1965-11-24,tomers.aharon@teva.com,056-1040779,Ashdod
402062822,Limor,Yosef,Bareket,1985-01-26,limor.bareket@checkpoints.com,054-1057075,Haifa
567432610,Meital,,Ohayon,1991-05-17,meital.ohayon@gmail.com,052-6461822,Herzeliya
253951353,Mor,,Begin,2000-08-12,mor.begin@gmail.com,058-5292134,Beer-Sheva
838660133,Inbal,Ben,Goldberg,1956-11-21,inbal.goldberg@teva.com,055-5583039,Haifa
774770967,Inbal,Yosef,Netanyahu,1978-02-04,inbal.netanyahu@gmail.com,055-7743822,Eilat
640433437,Orly,,Friedman,1983-12-18,orly.friedman@teva.com,058-3884389,Tel Aviv - Yafo
570945084,Eitan,Yosef,Frank,1991-08-27,eitan.frank@gmail.com,054-1547257,Haifa
804992205,Eli,,Barkat,1999-01-31,eli.barkat@teva.com,053-3540844,Rehovot
604510758,Eitan,,fuchs,1994-08-29,eitan.fuchs@walla.co.il,052-8530039,Ashdod
874168948,Gal,,Guttman,1953-05-31,gal.guttman@gmail.com,058-9534529,Beer-Sheva
723451125,Orly,,Marciano,1960-04-26,orly.marciano@walla.co.il,057-5936237,Nahariya
836581984,Adam,,Geva,1954-01-25,adam.geva@hotmail.com,053-2223457,Jerusalem
631399853,Eitan,,Shamir,1972-05-09,eitan.shamir@walla.co.il,058-5372718,Nahariya
324666892,May,Ben,Zamir,1972-12-06,may.zamir@gmail.com,053-2800247,Ashdod
583381944,Dudi,,Levi,1981-05-27,dudi.levi@gmail.com,053-9959229,Jerusalem
954149619,Osnat,Ben,Shamir,1999-01-29,osnat.shamir@walla.co.il,056-5690029,Eilat
978110940,Moshe,,Shapira,1996-05-28,moshe.shapira@hotmail.com,050-3000414,Nahariya
338458249,Asaf,,Peles,1942-05-12,asaf.peles@hotmail.com,055-4253897,Beer-Sheva
218485962,Hila,,Vaknin,1948-08-04,hila.vaknin@gmail.com,059-9120577,Eilat
201197210,Inbal,,Shaham,2000-10-06,inbal.shaham@checkpoints.com,055-2416999,Tel Aviv - Yafo
508081966,Hila,,Friedman,2005-02-18,hila.friedman@gmail.com,056-3929121,Haifa
433868514,Nir,,Tamir,1996-09-15,nir.tamir@gmail.com,055-2757672,Eilat
847657915,Omer,,Lazar,1999-08-17,omer.lazar@checkpoints.com,053-6659807,Tel Aviv - Yafo
546473776,Yosef,Michael,Agbaria,2005-07-23,yosef.agbaria@gmail.com,055-9054196,Nahariya
724847347,Nir,Bat,Koren,1944-12-01,nir.koren1@hotmail.com,058-2078700,Tel Aviv - Yafo
705945988,Avi,,Kramer,1992-01-12,avi.kramer@checkpoints.com,056-9908278,Rehovot
549252976,Dana,,Avraham,1989-04-18,dana.avraham@walla.co.il,058-2559323,Rehovot
698238581,Iris,Ben,Shapira,1968-10-31,iris.shapira@gmail.com,057-4287742,Tel Aviv - Yafo
664202333,Dorit,Michael,Blau,1940-11-06,dorit.blau1@gmail.com,059-1300149,Jerusalem
764776008,Moshe,,Harel,1994-08-16,moshe.harel@gmail.com,050-6725882,Rehovot
779132491,Idan,,Koren,1964-05-09,idan.koren@gmail.com,058-6475517,Ashdod
769694199,Oren,,Ben-Gurion,1961-01-06,oren.ben-gurion@hotmail.com,052-2058826,Jerusalem
280644441,Stav,, Dayan,1978-11-29,stav. dayan@gmail.com,052-4476458,Haifa
287533129,Noga,,Rubin,1998-06-22,noga.rubin@gmail.com,059-5174531,Eilat
834369754,Shira,,Shaham,1975-07-15,shira.shaham@gmail.com,053-2431391,Eilat
676604830,Yuval,,Aharon,1984-06-19,yuval.aharon@walla.co.il,058-1874295,Tel Aviv - Yafo
541405555,Dudi,,Navon,1977-02-05,dudi.navon@gmail.com,055-1286354,Petah-Tikva
629180475,Inbal,Leah,Biton,1963-09-11,inbal.biton@teva.com,057-1525944,Nahariya
183540398,Gil,,Netanyahu,1955-10-27,gil.netanyahu@teva.com,058-1039673,Petah-Tikva
384157256,Yosef,Michael,Omer,1972-02-19,yosef.omer@gmail.com,051-4353703,Jerusalem
450980240,Amit,,Cohen,1969-07-12,amit.cohen@gmail.com,052-7429312,Tel Aviv - Yafo
837204896,Ilan,Yosef,Liberman,1941-11-08,ilan.liberman1@gmail.com,052-7481529,Rehovot
999666062,Gil,Ben, Dayan,1982-04-06,gil. dayan@gmail.com,058-3619989,Jerusalem
213176450,Avraham,,Agbaria,1946-07-14,avraham.agbaria@walla.co.il,051-5951010,Herzeliya
599408595,Linoy,,Turgeman,1998-08-27,linoy.turgeman@hotmail.com,059-7072992,Tel Aviv - Yafo
694938470,Shlomo,,Gal,2007-06-29,shlomo.gal@gmail.com,055-7930154,Ashdod
956765256,Gil,,Gur,1971-02-08,gil.gur@gmail.com,055-7192139,Beer-Sheva
606637123,Mor,,Eitan,1984-11-14,mor.eitan@gmail.com,053-1471955,Haifa
856479646,Amit,,Peles,1974-10-08,amit.peles@walla.co.il,051-1911379,Rehovot
280959360,Shira,,Sela,1991-03-12,shira.sela@gmail.com,057-8387014,Ashdod
408752880,Daniel,,Livne,2004-08-07,daniel.livne@gmail.com,057-2433614,Ashdod
461991670,Alon,Yosef,Levine,1947-04-29,alon.levine@hotmail.com,059-9274547,Herzeliya
275250400,Erez,,Ohayon,1966-11-08,erez.ohayon@hotmail.com,059-9793064,Nahariya
882431746,Gadi,Ben,Saban,1980-01-27,gadi.saban@checkpoints.com,051-2570620,Beer-Sheva
377087950,Eitan,,Begin,1994-06-06,eitan.begin@gmail.com,058-6230363,Herzeliya
427870922,Dor,,Guttman,1948-03-04,dor.guttman@gmail.com,057-2247470,Ashdod
444860598,Avigail,,Melamed,1959-11-04,avigail.melamed@gmail.com,057-1082450,Jerusalem
372909004,Avraham,,Ohayon,1937-03-16,avraham.ohayon@gmail.com,057-7766536,Beer-Sheva
595538750,David,Leah,Altman,2005-03-27,david.altman1@gmail.com,051-3109273,Ashdod
328940205,Shahar,,Ben-David,1948-11-26,shahar.ben-david@hotmail.com,051-8634926,Haifa
131797198,Rachel,,Melamed,1974-05-19,rachel.melamed@gmail.com,056-5354161,Tel Aviv - Yafo
861935384,Hadar,,Tamir,1995-03-17,hadar.tamir@checkpoints.com,054-2260315,Beer-Sheva
839271165,Idan,,Elbaz,1945-01-27,idan.elbaz@checkpoints.com,051-3048575,Petah-Tikva
607908418,Adi,,Marciano,1969-05-16,adi.marciano@gmail.com,054-9861210,Haifa
236289526,Gil,,Friedman,1982-03-04,gil.friedman@gmail.com,051-2329328,Rehovot
648911124,Leah,Sarah,Green,1954-12-02,leah.green@checkpoints.com,055-2640751,Herzeliya
840285525,Gal,,Zilber,2002-09-26,gal.zilber@checkpoints.com,057-5808757,Rehovot
376081082,Michal,,Ronen,1987-07-29,michal.ronen@gmail.com,056-5535494,Nahariya
950951733,Adi,,Levi,1938-08-20,adi.levi@gmail.com,054-2734766,Beer-Sheva
841988151,Niv,,Frank,1949-12-04,niv.frank@gmail.com,053-5875471,Rehovot
897607688,Sarah,Leah,Yadin,2007-06-20,sarah.yadin@walla.co.il,058-1763581,Ashdod
904672710,Michal,,fuchs,2003-09-25,michal.fuchs@gmail.com,058-9839713,Jerusalem
624473194,Avigail,,Harari,1984-07-15,avigail.harari@teva.com,053-7226350,Nahariya
603367546,Rachel,,Spector,1965-08-31,rachel.spector@gmail.com,051-8156678,Eilat
928676467,Inbal,,Levine,1975-12-26,inbal.levine@checkpoints.com,053-2283510,Ashdod
955792236,Adi,,Avraham,2008-03-01,adi.avraham@checkpoints.com,059-4594798,Ashdod
119908508,Daniel,Michael,Peres,1952-10-14,daniel.peres@walla.co.il,058-8510968,Petah-Tikva
281625562,Ilan,,Mizrachi,1937-11-07,ilan.mizrachi@teva.com,055-1545415,Nahariya
264625101,Lihi,,Zilber,1972-12-10,lihi.zilber@gmail.com,059-3884191,Petah-Tikva
182640273,Gal,Sarah,Gur,1977-06-18,gal.gur@checkpoints.com,054-1591123,Rehovot
290591096,Linoy,,Shaham,1953-09-06,linoy.shaham@gmail.com,058-9937909,Tel Aviv - Yafo
522788767,Asaf,Ben,Stern,1995-01-25,asaf.stern1@teva.com,051-8723390,Nahariya
187306811,Amit,,Weiss,1963-10-28,amit.weiss@gmail.com,055-1038741,Jerusalem
657382882,Tal,,Sharon,1997-06-22,tal.sharon@walla.co.il,052-8725801,Beer-Sheva
373138733,Amit,,Yosef,1980-10-06,amit.yosef@teva.com,052-1199068,Nahariya
371260136,Amit,,Biton,1987-02-21,amit.biton@walla.co.il,054-2877929,Herzeliya
797376981,Eyal,Leah,Blau,1953-03-25,eyal.blau@gmail.com,052-6744174,Tel Aviv - Yafo
811366050,Anat,,Ramon,1937-05-03,anat.ramon@gmail.com,053-1036671,Nahariya
834304672,Gadi,,Shaham,1936-09-11,gadi.shaham@teva.com,059-4753691,Rehovot
417165505,Osnat,,Zamir,1967-03-27,osnat.zamir@hotmail.com,055-8614029,Haifa
338936573,Oren,,Begin,1970-08-25,oren.begin@teva.com,051-3141773,Nahariya
209497452,Limor,Leah,Gur,1989-12-02,limor.gur@gmail.com,051-1492932,Ashdod
452373344,Alon,,Deutsch,1947-11-07,alon.deutsch@gmail.com,052-5364321,Rehovot
972421019,Noa,,Ben-Gurion,1999-03-29,noa.ben-gurion@gmail.com,053-3339312,Haifa
294733680,Gil,,Segal,1958-07-01,gil.segal@walla.co.il,053-9786606,Herzeliya
855776841,Ron,,Friedman,1940-08-18,ron.friedman@checkpoints.com,059-6107092,Jerusalem
665638195,Hila,,Shani,1961-12-15,hila.shani@gmail.com,057-3842999,Beer-Sheva
341797148,David,,Lazar,1942-02-02,david.lazar@hotmail.com,052-3358186,Rehovot
797397775,Israel,,Navon,1955-01-22,israel.navon@gmail.com,057-2134244,Herzeliya
214578417,Eli,Yosef, Dayan,1959-10-12,eli. dayan@gmail.com,054-5133107,Eilat
103343078,Guy,,Guttman,1950-03-21,guy.guttman@walla.co.il,053-3068650,Beer-Sheva
339800971,Roy,Michael,fuchs,1956-12-16,roy.fuchs@gmail.com,056-3836195,Petah-Tikva
349792929,Hila,,Rubin,1962-12-26,hila.rubin@hotmail.com,052-4430339,Petah-Tikva
936503582,Eyal,,Peretz,1992-06-16,eyal.peretz@hotmail.com,053-9681779,Herzeliya
162232910,Ariel,,Shamir,1983-05-21,ariel.shamir@walla.co.il,057-3784517,Herzeliya
598749455,Chaim,,Deutsch,1982-02-01,chaim.deutsch@gmail.com,055-4940265,Jerusalem
509445252,Bar,,Kraus,1964-04-07,bar.kraus@gmail.com,056-4576305,Jerusalem
197292507,Noam,,Geva,2002-05-03,noam.geva@teva.com,056-2565295,Beer-Sheva
127446714,Dudi,,Saban,1943-05-14,dudi.saban@gmail.com,053-5288820,Tel Aviv - Yafo
347353405,Dan,,Harari,1966-09-06,dan.harari@gmail.com,053-9147778,Nahariya
777557462,Sigal,Ben,Barkat,1960-03-23,sigal.barkat@hotmail.com,052-1853033,Tel Aviv - Yafo
407944554,Dana,Yosef,Navon,1995-08-17,dana.navon@checkpoints.com,051-7562471,Haifa
989192955,Tamar,,fuchs,1981-09-30,tamar.fuchs@gmail.com,054-8241030,Eilat
444959031,Shalom,,Netanyahu,1979-01-24,shalom.netanyahu@checkpoints.com,052-1403953,Herzeliya
869340700,Ofek,,Altman,1968-12-15,ofek.altman@hotmail.com,051-3170730,Tel Aviv - Yafo
974503590,Rotem,,Shapira,1941-06-04,rotem.shapira@teva.com,050-6797931,Ashdod
689197652,Limor,Bat,Harel,1980-05-20,limor.harel1@teva.com,055-1187469,Eilat
205995553,Ilan,,Harel,1937-09-10,ilan.harel@checkpoints.com,056-5413309,Petah-Tikva
579638613,Kim,,Yarkoni,1938-07-29,kim.yarkoni@gmail.com,057-5421466,Petah-Tikva
782730453,Inbal,,Katz,1975-05-07,inbal.katz@teva.com,055-8043532,Ashdod
740758221,Iris,Ben,Saban,2002-02-11,iris.saban@gmail.com,054-2315976,Petah-Tikva
376362761,Avraham,Michael,Avraham,2005-03-06,avraham.avraham@gmail.com,054-7917981,Petah-Tikva
485242587,Rivka,,Oz,1961-02-15,rivka.oz@checkpoints.com,053-5960869,Eilat
692272442,Motti,Michael,Harel,1972-12-23,motti.harel@walla.co.il,052-6305892,Ashdod
553174701,Shalom,,Katz,1960-12-14,shalom.katz@gmail.com,057-6559996,Beer-Sheva
214640429,Lihi,,Silberman,1949-07-06,lihi.silberman@gmail.com,050-2971351,Herzeliya
707892648,Anat,Bat,Harel,1998-10-08,anat.harel@gmail.com,050-8368426,Beer-Sheva
933097589,Nir,Yosef,Turgeman,1947-03-11,nir.turgeman@gmail.com,057-9123408,Rehovot
841720701,Gil,,Lapid,1945-09-06,gil.lapid@gmail.com,051-8693470,Rehovot
414095439,Maya,,Berger,1983-02-27,maya.berger1@gmail.com,058-4020122,Petah-Tikva
833563080,Avigail,,Katz,1959-11-20,avigail.katz@gmail.com,052-9531021,Beer-Sheva
194508927,Sarah,,Guttman,1984-02-22,sarah.guttman@teva.com,054-9273081,Nahariya
717073859,Michael,,Ben-Gurion,1981-09-05,michael.ben-gurion@hotmail.com,059-6129623,Tel Aviv - Yafo
105332442,Yaron,,Tzur,1978-01-19,yaron.tzur@checkpoints.com,058-5279341,Rehovot
351929390,Motti,,Levine,1982-08-03,motti.levine@hotmail.com,058-9293505,Eilat
119632637,Ronit,,Kramer,1965-08-12,ronit.kramer@walla.co.il,057-8013917,Petah-Tikva
714361904,Ron,,Liberman,2004-06-21,ron.liberman@gmail.com,053-5600077,Haifa
476465698,David,Sarah,Ramon,1967-10-02,david.ramon@gmail.com,056-3127295,Eilat
529795053,Coral,,Friedman,2001-03-18,coral.friedman@hotmail.com,051-4183083,Herzeliya
275752032,Neta,Sarah,Turgeman,1949-07-08,neta.turgeman@teva.com,059-4533194,Beer-Sheva
116638086,Zohar,,Silberman,1968-05-21,zohar.silberman@gmail.com,059-2959175,Tel Aviv - Yafo
774686445,Dana,,Koren,1937-12-30,dana.koren@gmail.com,059-7973780,Ashdod
942991517,Rotem,,Kramer,1998-07-30,rotem.kramer@gmail.com,050-6963252,Ashdod
602586713,Shalom,,Grosman,1941-04-05,shalom.grosman@gmail.com,051-7039382,Herzeliya
677917075,Michal,,Blau,1996-09-03,michal.blau@gmail.com,056-4631757,Ashdod
377386786,Tamar,,Peres,1976-07-05,tamar.peres@gmail.com,055-8942323,Rehovot
458591795,David,,Ramon,1989-03-04,david.ramon@checkpoints.com,050-8538302,Haifa
605110555,Agam,Leah,Frank,1945-02-15,agam.frank@teva.com,052-8965867,Rehovot
713949044,Michal,,Bareket,1958-08-16,michal.bareket@walla.co.il,050-5575186,Haifa
124535824,Sarah,,Hoffman,1953-10-18,sarah.hoffman@hotmail.com,050-4144058,Ashdod
567269737,Dorit,,Aharon,1993-01-22,dorit.aharon@teva.com,059-5789406,Jerusalem
842990524,Inbal,Yosef,Dahan,1954-06-03,inbal.dahan@checkpoints.com,056-2721518,Rehovot
481057132,Ofek,,Kramer,1938-06-22,ofek.kramer@walla.co.il,058-5295780,Haifa
409158879,Ilan,,Agbaria,1973-07-31,ilan.agbaria@gmail.com,056-6598102,Tel Aviv - Yafo
998029022,Dorit,,Frank,1977-10-02,dorit.frank@hotmail.com,052-6775866,Tel Aviv - Yafo
206416947,Lihi,Yosef,Harel,1953-07-14,lihi.harel@walla.co.il,058-2039825,Ashdod
770962358,Eyal,,Klein,1965-08-17,eyal.klein@teva.com,050-1354582,Eilat
251847602,Roy,,Netanyahu,1987-09-30,roy.netanyahu@gmail.com,056-3945917,Petah-Tikva
769497132,Noa,,Yosef,2000-06-07,noa.yosef@teva.com,056-6913267,Nahariya
758389176,Itai,,Ohayon,1992-11-15,itai.ohayon@hotmail.com,054-8055321,Petah-Tikva
142333815,Rachel,,Agbaria,1959-11-15,rachel.agbaria@gmail.com,058-8753549,Nahariya
733640260,Tal,,Yosef,1949-11-26,tal.yosef@gmail.com,050-4163608,Jerusalem
704390413,Kim,,Friedman,1954-06-17,kim.friedman@walla.co.il,056-8259724,Nahariya
874179430,Ben,,Silberman,1947-11-22,ben.silberman@teva.com,054-3667872,Eilat
637846983,Yael,,Altman,1943-12-26,yael.altman@walla.co.il,053-6142067,Eilat
609917976,Ariel,,Nir,1967-10-23,ariel.nir@hotmail.com,053-2251915,Rehovot
270063013,Hila,,Dahan,1978-12-05,hila.dahan@gmail.com,053-3649801,Rehovot
802907613,Orly,,Aharon,1945-06-20,orly.aharon@hotmail.com,053-8815713,Haifa
859565408,Dan,,Peled,1942-09-13,dan.peled@hotmail.com,058-5503021,Nahariya
575069920,Tomers,,Arad,1985-06-19,tomers.arad@walla.co.il,058-7434899,Nahariya
189619913,Israel,Yosef,Marciano,1945-04-15,israel.marciano@checkpoints.com,052-7327602,Nahariya
952956314,Neta,,Melamed,1941-04-22,neta.melamed@gmail.com,051-6314075,Ashdod
251102893,Yosef,Ben,Asulin,1945-05-05,yosef.asulin@gmail.com,057-2716049,Nahariya
160375531,Amit,,Lazar,1961-01-24,amit.lazar@gmail.com,054-7638035,Jerusalem
959384293,Hila,Sarah,Melamed,1989-09-26,hila.melamed@gmail.com,053-2058645,Beer-Sheva
845612533,Yaakov,,Begin,2002-08-25,yaakov.begin@teva.com,057-5617626,Nahariya
304610153,Michael,,fuchs,2006-01-16,michael.fuchs@checkpoints.com,057-4912737,Tel Aviv - Yafo
995305193,Dudi,,Kramer,1949-06-01,dudi.kramer@gmail.com,051-1095501,Beer-Sheva
809237458,Shira,,Ramon,1994-06-30,shira.ramon@gmail.com,058-3651861,Haifa
879509359,Iris,Ben,Sarusi,1971-03-21,iris.sarusi@gmail.com,053-9794921,Rehovot
436180331,Daniel,,Gabay,1959-11-12,daniel.gabay@teva.com,050-5643044,Ashdod
189614928,Chaim,,Shani,2005-10-04,chaim.shani@checkpoints.com,050-6080694,Herzeliya
156469852,Daniel,,Melamed,2002-04-01,daniel.melamed@teva.com,051-6502557,Nahariya
972629798,Tali,Bat,Hoffman,1965-04-19,tali.hoffman@walla.co.il,059-4196743,Petah-Tikva
955440628,Coral,,Harari,1954-01-30,coral.harari@walla.co.il,056-1833582,Herzeliya
440187448,Ron,Michael,Goldberg,1993-05-11,ron.goldberg@gmail.com,054-7722820,Petah-Tikva
912953330,Shalom,,Altman,1984-11-24,shalom.altman@teva.com,058-7963066,Beer-Sheva
937905591,Agam,,Olmert,1985-05-26,agam.olmert@gmail.com,058-3673620,Ashdod
934485898,Nir,,David,1981-08-11,nir.david@hotmail.com,058-2629693,Rehovot
159610548,Dana,Ben,Shani,1957-08-14,dana.shani@walla.co.il,055-6941163,Ashdod
145138593,Rami,,Segal,1942-04-28,rami.segal@hotmail.com,056-6471034,Tel Aviv - Yafo
382021722,Tamar,,Shamir,1981-09-16,tamar.shamir@gmail.com,052-5371754,Haifa
903931888,Yuval,,Harari,2006-11-06,yuval.harari@hotmail.com,058-2016449,Herzeliya
344094414,Hadar,,Livne,1971-04-19,hadar.livne@checkpoints.com,052-7890520,Eilat
370654272,Eli,Bat,Guttman,1985-09-04,eli.guttman1@gmail.com,056-9470972,Beer-Sheva
416553064,Adam,,Cohen,1974-04-01,adam.cohen@teva.com,058-2318624,Ashdod
183546742,Leah,,Ben-David,1956-10-15,leah.ben-david@walla.co.il,052-4785464,Nahariya
891561059,Ori,Michael,Nir,1997-08-19,ori.nir@checkpoints.com,057-2401576,Herzeliya
219058572,Shir,,Peres,2007-12-31,shir.peres@gmail.com,057-8939853,Eilat
494839793,Inbal,,Blau,1961-01-12,inbal.blau@teva.com,056-9106630,Ashdod
958077395,Yaakov,,Spector,1996-10-04,yaakov.spector@teva.com,051-3672979,Haifa
694030180,May,, Dayan,1998-01-03,may. dayan@gmail.com,053-1179066,Nahariya
954215939,Adam,,Omer,1967-12-10,adam.omer@gmail.com,055-9141592,Eilat
338422185,Guy,,Lazar,1966-12-02,guy.lazar@gmail.com,050-9789204,Nahariya
209798812,Tomers,,Nir,1977-07-22,tomers.nir@hotmail.com,059-5489668,Petah-Tikva
838813585,Stav,,Yadin,1973-06-13,stav.yadin@hotmail.com,058-1490844,Beer-Sheva
289371709,Osnat,,Lapid,1940-10-07,osnat.lapid@walla.co.il,052-2020526,Eilat
332119905,Dor,,Yosef,1958-05-09,dor.yosef@hotmail.com,050-3495139,Herzeliya
627088246,Limor,,Biton,1972-05-04,limor.biton@checkpoints.com,052-1792982,Rehovot
871236402,Sarah,Michael,Blau,1978-04-18,sarah.blau@hotmail.com,055-2771823,Herzeliya
908825076,Shlomo,,Spector,1994-12-04,shlomo.spector@hotmail.com,056-6825384,Eilat
525811168,Kim,,Ronen,2003-08-29,kim.ronen@gmail.com,055-5084737,Rehovot
969070273,Shalom,Michael,Oz,1983-10-13,shalom.oz@gmail.com,050-1329169,Rehovot
797335725,Rami,,Harari,1960-06-18,rami.harari@gmail.com,054-2967353,Tel Aviv - Yafo
705123618,Gil,,Peretz,1983-09-18,gil.peretz@walla.co.il,050-4777308,Herzeliya
998229636,Sigal,,Ben-Gurion,1944-12-07,sigal.ben-gurion@hotmail.com,059-9329871,Tel Aviv - Yafo
833625129,Rachel,,Frank,1937-01-18,rachel.frank@gmail.com,054-5742132,Ashdod
161938897,Leah,Yosef,Frank,1949-10-13,leah.frank@hotmail.com,059-1395955,Haifa
301941617,Avraham,,Nir,2004-03-31,avraham.nir@gmail.com,050-2984214,Nahariya
685639286,Michal,,Shaham,1965-04-10,michal.shaham@gmail.com,058-9521864,Tel Aviv - Yafo
681902843,Noa,,Zamir,2006-05-07,noa.zamir@walla.co.il,052-9565124,Haifa
469876531,Adi,,Ben-David,1975-04-20,adi.ben-david@teva.com,052-9996685,Herzeliya
178346765,Adi,,Deutsch,1998-01-11,adi.deutsch@gmail.com,055-3634041,Petah-Tikva
693626476,Eyal,,Frank,1939-01-13,eyal.frank@gmail.com,050-7064017,Beer-Sheva
323621916,Eli,,Peres,1960-12-06,eli.peres@teva.com,054-2472926,Eilat
126320495,Hila,Michael,Peres,1999-05-26,hila.peres@gmail.com,050-1054381,Ashdod
377338123,Tali,,Dahan,1942-08-06,tali.dahan@gmail.com,051-6556958,Rehovot
928592620,Adam,,Frank,1952-06-19,adam.frank@gmail.com,056-5449793,Ashdod
342801244,Eyal,,Heller,1990-04-25,eyal.heller@gmail.com,059-3530904,Herzeliya
291305779,Roy,Ben,Harel,1975-08-12,roy.harel@walla.co.il,053-7903282,Tel Aviv - Yafo
972970022,Itai,,Liberman,1953-10-30,itai.liberman@checkpoints.com,054-2452043,Haifa
792757245,Adi,,Dotan,2002-04-19,adi.dotan@hotmail.com,053-8218461,Rehovot
950615691,Maya,,Deutsch,1959-01-07,maya.deutsch@checkpoints.com,051-7176698,Tel Aviv - Yafo
909759795,Lior,,Sela,1998-10-07,lior.sela@gmail.com,056-4904235,Beer-Sheva
823474904,May,Ben,Dahan,1983-04-22,may.dahan@gmail.com,053-5037874,Jerusalem
356964487,Ori,,Tzur,2008-03-02,ori.tzur@checkpoints.com,052-6442459,Tel Aviv - Yafo
632210032,Yosef,,Sarusi,1980-09-09,yosef.sarusi1@gmail.com,058-8306755,Rehovot
560357547,Eyal,,Elbaz,1963-09-16,eyal.elbaz@teva.com,052-7521275,Tel Aviv - Yafo
887795335,Asaf,,Harel,1970-04-05,asaf.harel@gmail.com,056-9446750,Tel Aviv - Yafo
146344679,Ilan,Sarah,Blau,1937-01-07,ilan.blau@hotmail.com,058-3847525,Petah-Tikva
601128782,Inbal,,Yosef,1972-12-28,inbal.yosef1@gmail.com,051-1053367,Nahariya
644396357,Limor,,Yadin,1949-09-01,limor.yadin@checkpoints.com,056-4156161,Rehovot
684591175,Yaron,Yosef,Altman,1939-01-01,yaron.altman@walla.co.il,058-9784207,Beer-Sheva
271400567,Dan,Leah,Peled,1993-11-14,dan.peled@gmail.com,052-5467089,Rehovot
446308973,Asaf,,Mizrachi,1938-11-23,asaf.mizrachi@gmail.com,057-3250906,Haifa
754600309,Shani,,Harel,1989-01-26,shani.harel@gmail.com,050-2045024,Eilat
327770585,Leah,,Shani,1953-02-08,leah.shani@hotmail.com,055-5336549,Petah-Tikva
669842821,Shani,,Tamir,1936-11-29,shani.tamir@gmail.com,058-5138664,Jerusalem
373780290,Dor,,Melamed,1946-06-12,dor.melamed@walla.co.il,052-7490932,Tel Aviv - Yafo
296277841,Noam,Sarah,Barkat,1946-11-01,noam.barkat@gmail.com,056-8088331,Rehovot
419593355,Shalom,,Melamed,1954-03-07,shalom.melamed@hotmail.com,057-6095119,Jerusalem
787565502,David,,Peles,1958-09-03,david.peles@gmail.com,053-8468068,Eilat
285733700,Ronit,,Lapid,1986-11-23,ronit.lapid@walla.co.il,051-3126062,Rehovot
889149586,Zohar,,Peles,1982-10-03,zohar.peles@gmail.com,055-6369264,Ashdod
888123971,Hadar,,Stern,1983-01-30,hadar.stern@checkpoints.com,052-3003899,Ashdod
390018252,Ben,,Gal,1943-09-15,ben.gal@gmail.com,053-4294932,Beer-Sheva
633414059,Lior,,Shapira,1943-09-22,lior.shapira@checkpoints.com,050-6903179,Nahariya
612811270,Bar,Sarah,Spector,1980-10-26,bar.spector@checkpoints.com,050-8390886,Eilat
394464835,Sapir,,Green,2007-04-26,sapir.green@checkpoints.com,051-6570925,Ashdod
558954348,Roni,Michael,Yadin,1948-12-18,roni.yadin@checkpoints.com,054-3511364,Petah-Tikva
158875544,Stav,Leah,Shapira,1970-11-07,stav.shapira@walla.co.il,059-5551796,Tel Aviv - Yafo
378941275,Ori,, Dayan,1969-03-19,ori. dayan@teva.com,053-7830920,Eilat
962735238,Guy,,Dotan,1954-03-08,guy.dotan@hotmail.com,056-3312348,Haifa
484562259,Ronit,,Turgeman,1963-08-03,ronit.turgeman@teva.com,056-4132574,Nahariya
542682091,Mor,Michael,Azoulay,1972-07-08,mor.azoulay@gmail.com,057-5507789,Eilat
155625986,Rami,,Aharon,1950-01-21,rami.aharon@gmail.com,054-3699983,Rehovot
104367012,Ronit,Leah,Green,2001-08-11,ronit.green@gmail.com,056-7922123,Petah-Tikva
519146987,Orly,,Biton,1969-08-08,orly.biton@gmail.com,054-1608334,Nahariya
561375648,Erez,,Silberman,1955-05-06,erez.silberman@checkpoints.com,055-6182576,Herzeliya
433914221,Eden,Ben,Saban,1965-12-16,eden.saban@hotmail.com,054-7713202,Haifa
915525208,Sigal,,Tal,2008-02-25,sigal.tal@teva.com,055-4034963,Haifa
464937804,Osnat,,Bareket,1963-02-05,osnat.bareket@walla.co.il,053-1947893,Ashdod
930785456,Guy,Yosef,Shapira,1975-01-09,guy.shapira1@checkpoints.com,056-2778176,Tel Aviv - Yafo
828808253,Osnat,,Green,2002-08-21,osnat.green@checkpoints.com,051-9299483,Beer-Sheva
329135440,Osnat,Bat,Turgeman,1976-06-14,osnat.turgeman1@gmail.com,050-7830771,Petah-Tikva
289132852,Omer,,Blau,1937-09-29,omer.blau@gmail.com,053-6202807,Nahariya
463388114,Ariel,,Spector,1976-08-01,ariel.spector@gmail.com,055-4229005,Petah-Tikva
635891043,Dan,,Bareket,2001-05-25,dan.bareket@gmail.com,056-1249541,Haifa
478340284,Alon,,Ben-Gurion,1959-03-30,alon.ben-gurion@hotmail.com,057-6760654,Herzeliya
379526591,Eden,,Agbaria,1979-07-18,eden.agbaria@gmail.com,058-3763026,Jerusalem
393968749,Agam,Leah, Dayan,1986-06-15,agam. dayan@teva.com,052-9304849,Ashdod
856888706,Maya,,Marciano,1982-10-05,maya.marciano@gmail.com,053-3440745,Nahariya
854006705,Avigail,,Goldberg,1961-05-28,avigail.goldberg@walla.co.il,057-5737371,Tel Aviv - Yafo
416684077,Ron,Leah,Blau,1951-06-08,ron.blau@checkpoints.com,056-5596079,Nahariya
616283608,Adam,,Rabin,1989-08-06,adam.rabin@teva.com,054-2724269,Nahariya
953718745,Moshe,,Hoffman,1937-06-16,moshe.hoffman@teva.com,051-1365461,Tel Aviv - Yafo
740418918,Yaron,,Guttman,1982-05-17,yaron.guttman@gmail.com,059-9520510,Haifa
721632229,Ilan,Leah,Saban,1985-03-28,ilan.saban@gmail.com,051-3158836,Eilat
235986631,Gal,,Silberman,1954-04-22,gal.silberman@walla.co.il,050-4018799,Petah-Tikva
653748093,Kobi,Leah,Malka,1975-11-26,kobi.malka@walla.co.il,059-2486356,Herzeliya
923580369,Zohar,,Peres,1984-10-20,zohar.peres@teva.com,055-7356973,Herzeliya
395529092,Shalom,,Ben-Gurion,1946-06-21,shalom.ben-gurion@gmail.com,058-1337344,Rehovot
800415473,Niv,,Malka,1987-01-23,niv.malka@hotmail.com,055-5906655,Jerusalem
446472981,Rotem,,Lavi,1949-09-12,rotem.lavi@gmail.com,055-1344768,Ashdod
324703259,Meital,,Shamir,1994-07-14,meital.shamir@hotmail.com,052-2230176,Beer-Sheva
952710041,Shlomo,,Zamir,1951-05-09,shlomo.zamir1@gmail.com,051-9570902,Beer-Sheva
442884384,Rivka,,Sarusi,1958-11-12,rivka.sarusi@hotmail.com,059-4647524,Ashdod
782520805,Shani,,Avraham,1975-05-07,shani.avraham@checkpoints.com,050-8448219,Tel Aviv - Yafo
785542167,Yuval,,Hadad,1989-01-14,yuval.hadad@gmail.com,057-7789138,Haifa
374202170,Sapir,,Tzur,1990-05-25,sapir.tzur@gmail.com,056-6615505,Ashdod
264199399,Avraham,,Netanyahu,1961-05-29,avraham.netanyahu@gmail.com,054-9239100,Tel Aviv - Yafo
616752707,Eyal,,Oz,1941-12-02,eyal.oz@checkpoints.com,053-8397562,Nahariya
275108147,Sivan,,Koren,1955-09-13,sivan.koren@hotmail.com,056-4274314,Rehovot
397545371,Tamar,,David,1955-12-10,tamar.david@hotmail.com,053-9505071,Herzeliya
277788540,Yuval,,Klein,2006-12-06,yuval.klein@gmail.com,056-6903942,Beer-Sheva
960020796,Lior,,Rabin,1999-08-31,lior.rabin@gmail.com,055-4756100,Jerusalem
319879459,Shlomo,,Porat,1939-02-02,shlomo.porat@gmail.com,051-4576301,Petah-Tikva
977550402,Nir,,Weiss,2002-10-30,nir.weiss@hotmail.com,056-2589943,Ashdod
507441940,Inbal,Ben,Yadin,2006-09-14,inbal.yadin@checkpoints.com,050-1727068,Haifa
635488085,Zohar,,Lazar,1953-09-26,zohar.lazar@checkpoints.com,059-6985708,Eilat
819756199,Coral,Ben,Heller,1977-01-15,coral.heller@gmail.com,052-6462448,Jerusalem
943504555,Dor,Leah,Ronen,2008-04-13,dor.ronen@gmail.com,053-9320520,Rehovot
742185986,Roy,,Segal,1966-07-30,roy.segal@teva.com,059-3814626,Ashdod
408147233,Iris,,Altman,1992-06-22,iris.altman@walla.co.il,058-8981410,Herzeliya
473569040,Eitan,,Livne,1937-05-16,eitan.livne@gmail.com,058-9254381,Haifa
799013552,Yael,,Turgeman,1984-07-09,yael.turgeman@checkpoints.com,051-7301661,Petah-Tikva
438844898,Iris,,Geva,1940-05-16,iris.geva@checkpoints.com,056-3949614,Petah-Tikva
818474762,Guy,,Tamir,1956-12-22,guy.tamir@teva.com,052-9273884,Ashdod
813859317,Shlomo,,Silberman,1988-01-12,shlomo.silberman@teva.com,056-9857404,Herzeliya
105947724,Ronit,Leah,Guttman,1998-09-06,ronit.guttman@hotmail.com,052-6864890,Beer-Sheva
240209359,Yosef,,Kramer,1999-01-28,yosef.kramer@gmail.com,054-7262685,Rehovot
561316189,Shlomo,,Oz,1972-06-06,shlomo.oz@teva.com,057-7315578,Tel Aviv - Yafo
199046888,Eden,Michael,Weiss,1987-06-27,eden.weiss@gmail.com,050-2361914,Tel Aviv - Yafo
587051273,Neta,,Tal,1975-04-30,neta.tal1@walla.co.il,056-7085992,Ashdod
462454828,Avraham,,Spector,1953-06-03,avraham.spector@gmail.com,052-5048390,Jerusalem
433524297,Sivan,,Shaham,1971-01-07,sivan.shaham@checkpoints.com,051-7294934,Herzeliya
336546762,Stav,,Ben-David,1937-08-12,stav.ben-david@gmail.com,055-4419867,Petah-Tikva
277076634,Lior,Yosef,Gal,1944-11-23,lior.gal@hotmail.com,051-8010543,Haifa
154203832,Mor,Sarah,Zilber,2003-08-21,mor.zilber@gmail.com,056-8711478,Tel Aviv - Yafo
456117888,Yaron,,Friedman,1997-10-20,yaron.friedman@walla.co.il,059-8873233,Ashdod
753674171,Mor,,Bareket,1955-03-16,mor.bareket@hotmail.com,054-7919067,Ashdod
134659826,Ilan,,Oz,2004-03-01,ilan.oz@hotmail.com,057-5549059,Nahariya
551176749,Chaim,,Levine,1962-08-31,chaim.levine@gmail.com,050-9608649,Ashdod
680954075,Oren,,Aharon,1967-12-15,oren.aharon@checkpoints.com,059-9530217,Eilat
264422777,Rivka,,Lapid,1977-04-17,rivka.lapid@hotmail.com,056-9909189,Rehovot
677556485,Dorit,,Spector,1968-06-06,dorit.spector@gmail.com,058-4143984,Jerusalem
117131921,David,,Ronen,1936-08-05,david.ronen1@gmail.com,056-8588799,Haifa
880420517,Limor,Michael,Azoulay,1974-04-11,limor.azoulay@walla.co.il,058-2109557,Petah-Tikva
119073251,Shahar,,Shapira,1992-02-28,shahar.shapira@gmail.com,056-6177204,Nahariya
789944191,Itai,,Porat,2001-05-19,itai.porat@walla.co.il,055-1938460,Nahariya
969990221,Niv,Sarah,Tzur,1971-11-26,niv.tzur@teva.com,053-8871593,Eilat
509318164,Motti,Yosef,Mizrachi,1955-03-26,motti.mizrachi@gmail.com,054-8251261,Petah-Tikva
402174723,Dudi,Michael,Sarusi,1947-04-26,dudi.sarusi@checkpoints.com,058-2089011,Herzeliya
373760256,Adam,,Harari,2000-03-06,adam.harari@checkpoints.com,051-3693317,Rehovot
947833449,Shahar,Sarah,Gal,1963-08-18,shahar.gal@checkpoints.com,056-1838530,Rehovot
993991132,Shira,,Aharon,1970-01-20,shira.aharon@teva.com,056-7521962,Beer-Sheva
210409093,Ben,,Olmert,1994-11-20,ben.olmert@checkpoints.com,059-5669200,Haifa
102103065,Bar,Ben,Frank,1977-10-28,bar.frank@teva.com,058-6782090,Eilat
264902132,Maya,Sarah,Bareket,1950-06-10,maya.bareket@walla.co.il,057-6407271,Ashdod
289665241,Noa,Ben,Cohen,1990-11-01,noa.cohen@gmail.com,055-2082131,Eilat
471768222,Asaf,,Barkat,1975-12-23,asaf.barkat@gmail.com,059-1635835,Beer-Sheva
110761375,Ariel,,Green,1984-12-30,ariel.green@hotmail.com,052-3431405,Ashdod
907362302,Dan,,Yarkoni,2003-08-12,dan.yarkoni@hotmail.com,055-6132886,Haifa
553810895,Asaf,,Golan,1949-06-09,asaf.golan@teva.com,055-7219833,Petah-Tikva
945936578,Amit,,Azoulay,1951-09-10,amit.azoulay@gmail.com,051-3025261,Herzeliya
497990678,Ori,,Liberman,1940-02-06,ori.liberman@gmail.com,055-5167770,Haifa
331614863,Avi,,Harari,1967-01-04,avi.harari@gmail.com,052-6364985,Haifa
831677683,Sapir,Bat,Ben-David,1986-01-02,sapir.ben-david@teva.com,052-2610670,Jerusalem
278005455,Gadi,,Cohen,1988-07-21,gadi.cohen1@gmail.com,050-1206624,Rehovot
861774308,Leah,,Tal,1979-04-13,leah.tal@teva.com,058-1743215,Petah-Tikva
939586247,Oren,,Segal,1982-04-13,oren.segal@gmail.com,057-3671536,Eilat
506993817,Amit,,Feldman,1961-09-28,amit.feldman@walla.co.il,052-4175500,Ashdod
125016097,Noga,,Lazar,1994-06-05,noga.lazar@teva.com,055-9500006,Ashdod
877333906,Niv,Ben,Berger,1975-08-04,niv.berger@gmail.com,058-3231015,Haifa
548894021,Omer,,Sharon,1945-02-16,omer.sharon@teva.com,051-7857996,Ashdod
500801593,Yosef,Bat,Agbaria,1996-05-12,yosef.agbaria@teva.com,057-1410292,Jerusalem
997159394,Yael,,Netanyahu,1982-11-29,yael.netanyahu@walla.co.il,057-6661773,Rehovot
552506632,Niv,,Rabin,1987-04-30,niv.rabin@walla.co.il,059-8927894,Tel Aviv - Yafo
457310403,Rachel,,Arad,1956-03-14,rachel.arad@hotmail.com,051-3950047,Haifa
409396627,Anat,,Omer,1979-02-19,anat.omer@walla.co.il,052-3835890,Haifa
112911466,Lior,,Tzur,1983-05-11,lior.tzur@checkpoints.com,056-5301516,Petah-Tikva
887909348,Lihi,,Ohayon,2003-06-07,lihi.ohayon@walla.co.il,051-7309611,Tel Aviv - Yafo
882642298,Mor,,Ramon,1950-01-08,mor.ramon@gmail.com,059-5412292,Herzeliya
725148168,Oren,,Shamir,1981-01-25,oren.shamir@teva.com,052-9132648,Eilat
500781765,Sivan,,Harari,1999-01-15,sivan.harari@checkpoints.com,050-5118243,Rehovot
798929100,Alon,Yosef,Gur,1954-11-03,alon.gur@gmail.com,056-3956266,Herzeliya
772751813,Yitzhak,,Nir,1953-06-29,yitzhak.nir@gmail.com,051-3351684,Jerusalem
442635132,Tomers,,Tamir,1953-05-29,tomers.tamir@hotmail.com,050-9630534,Eilat
511886826,May,,Peretz,2000-04-20,may.peretz@gmail.com,057-2668699,Petah-Tikva
739777536,Kim,,Golan,1990-03-15,kim.golan@teva.com,056-1430622,Jerusalem
937472286,Bar,Leah,Bar-On,1978-08-06,bar.bar-on@hotmail.com,058-5801708,Petah-Tikva
939722866,Noga,,Gabay,1964-10-03,noga.gabay1@gmail.com,051-4328667,Haifa
563355657,Sapir,,Eshkol,1964-01-21,sapir.eshkol@checkpoints.com,056-4563713,Eilat
867836300,Kobi,,Malka,1963-04-17,kobi.malka@gmail.com,054-4908001,Eilat
418943109,Sivan,Sarah,Eitan,1966-06-17,sivan.eitan1@hotmail.com,057-6527255,Rehovot
198243163,Sapir,,Tal,1999-02-18,sapir.tal@gmail.com,052-7483496,Herzeliya
107913597,Niv,Bat,Friedman,1998-12-11,niv.friedman@gmail.com,051-9209448,Eilat
221683590,Rotem,Bat,Sharon,1945-06-10,rotem.sharon@gmail.com,052-9286770,Herzeliya
664662372,Lior,Ben,Tamir,1960-09-16,lior.tamir@gmail.com,059-3797723,Tel Aviv - Yafo
224928318,Neta,Yosef,Goldberg,1993-07-05,neta.goldberg1@walla.co.il,051-2726751,Tel Aviv - Yafo
717181323,Tal,Ben,Ben-David,2006-11-12,tal.ben-david@checkpoints.com,051-8712211,Nahariya
807393330,Amit,,Sharon,1988-04-20,amit.sharon@walla.co.il,052-3618941,Jerusalem
683276556,Sigal,Leah,Mizrachi,1968-04-09,sigal.mizrachi1@gmail.com,052-1501625,Nahariya
911284261,Maya,,Altman,2001-02-22,maya.altman@checkpoints.com,053-7760943,Tel Aviv - Yafo
268276252,Yitzhak,,Yadin,1975-11-02,yitzhak.yadin@gmail.com,059-1120806,Rehovot
476701689,Gil,,Eitan,1976-01-08,gil.eitan1@gmail.com,051-7748633,Haifa
138297506,Avigail,,Geva,1997-10-23,avigail.geva@walla.co.il,053-1595516,Herzeliya
814620711,Shlomo,,Shamir,1999-07-08,shlomo.shamir@gmail.com,053-3106804,Tel Aviv - Yafo
729739821,Adam,,Marciano,1965-09-02,adam.marciano@gmail.com,051-4381218,Herzeliya
708879438,Tali,,Nir,1978-04-05,tali.nir@gmail.com,053-1836977,Jerusalem
954008121,Lihi,,Ben-David,1962-02-09,lihi.ben-david@gmail.com,057-5663234,Jerusalem
831931837,Neta,,Shaham,2000-03-26,neta.shaham@teva.com,054-8223004,Eilat
358952390,Ronit,,Ohayon,1975-12-29,ronit.ohayon@gmail.com,050-4777372,Nahariya
374528251,Noga,,Gur,1975-04-29,noga.gur@checkpoints.com,055-9570997,Petah-Tikva
517159541,Kim,,Asulin,2003-04-10,kim.asulin@gmail.com,058-2770849,Nahariya
122824037,Ariel,,Barkat,2000-01-07,ariel.barkat@walla.co.il,055-2764302,Nahariya
660817291,Gadi,Leah,Harel,2007-02-11,gadi.harel1@checkpoints.com,059-2880577,Ashdod
922096457,Tal,,Biton,1977-09-17,tal.biton@gmail.com,059-3709796,Rehovot
974836575,Stav,,Frank,2006-08-29,stav.frank@gmail.com,056-2579470,Rehovot
795251064,Eitan,Leah,Tzur,1962-04-24,eitan.tzur@teva.com,054-4293016,Nahariya
823560549,Mor,,Goldberg,1941-10-31,mor.goldberg@checkpoints.com,058-9372452,Haifa
696688781,Dan,,Katz,1988-02-19,dan.katz@walla.co.il,055-4816522,Petah-Tikva
623864040,Neta,,Sharon,1985-11-17,neta.sharon@gmail.com,052-8868771,Beer-Sheva
836831716,Motti,,Guttman,1978-04-16,motti.guttman@gmail.com,051-5976006,Herzeliya
723272883,Dana,Sarah,Silberman,2003-12-19,dana.silberman1@gmail.com,052-1309782,Rehovot
871912062,Motti,,Goldberg,1990-12-20,motti.goldberg@gmail.com,056-5266054,Haifa
971288305,Rotem,Michael,Tal,1990-04-23,rotem.tal@walla.co.il,051-1637888,Nahariya
126633837,Ilan,,Navon,1985-02-10,ilan.navon@gmail.com,050-9749598,Beer-Sheva
383592832,Shir,,Spector,1968-11-19,shir.spector@gmail.com,052-4323742,Rehovot
106475322,Hadar,Ben,Marciano,1938-03-02,hadar.marciano1@walla.co.il,050-3808649,Haifa
489774093,Tomers,,Weiss,1990-05-25,tomers.weiss@teva.com,051-4157598,Petah-Tikva
385511660,Iris,Bat,Biton,1968-03-28,iris.biton@hotmail.com,050-6888724,Eilat
387936795,Gadi,,Segal,1968-07-22,gadi.segal@gmail.com,059-4425337,Jerusalem
910828125,Avi,,Peres,1951-12-18,avi.peres@gmail.com,050-3745329,Nahariya
566075865,Ori,,Grosman,1938-06-05,ori.grosman@checkpoints.com,056-5779689,Rehovot
614869362,Neta,,Sarusi,1976-08-18,neta.sarusi@walla.co.il,052-6551477,Tel Aviv - Yafo
696013253,Leah,Leah,Silberman,2001-07-23,leah.silberman@teva.com,054-5157617,Nahariya
723145121,Ilan,,Levine,2007-02-18,ilan.levine@hotmail.com,059-3862726,Eilat
563780983,Itai,Michael,Levi,1952-02-19,itai.levi@gmail.com,051-5209139,Jerusalem
667700919,Iris,,Levine,1978-08-10,iris.levine@gmail.com,050-5129123,Haifa
462224163,Ilan,,Ohayon,1997-07-28,ilan.ohayon@checkpoints.com,059-9876767,Tel Aviv - Yafo
936393617,Tal,,Zamir,1990-02-16,tal.zamir@checkpoints.com,059-1716485,Herzeliya
309123817,Moshe,,Spector,2007-03-11,moshe.spector@teva.com,058-4774541,Tel Aviv - Yafo
343736197,Rami,,Peles,1999-02-24,rami.peles@teva.com,056-8965089,Ashdod
950132618,Yuval,Leah,Peled,2002-09-08,yuval.peled@hotmail.com,051-1291552,Herzeliya
113638583,Dan,,Yosef,2005-05-23,dan.yosef@hotmail.com,055-9137553,Petah-Tikva
397798562,David,,Spector,1998-02-04,david.spector@gmail.com,053-9553607,Ashdod
957362910,Mor,,Frank,1950-10-20,mor.frank@gmail.com,053-2953644,Herzeliya
900056318,Dana,,Hoffman,1953-12-17,dana.hoffman@gmail.com,059-8748419,Nahariya
275555750,Ilan,,Berger,1971-11-05,ilan.berger@gmail.com,052-8983734,Jerusalem
279743470,Leah,, Dayan,2004-09-07,leah. dayan@gmail.com,059-2322824,Nahariya
921186461,Michal,,Nir,1998-09-26,michal.nir@gmail.com,051-4918712,Petah-Tikva
305292217,Yosef,,fuchs,1950-01-19,yosef.fuchs@checkpoints.com,053-3521835,Nahariya
937703592,Asaf,,Guttman,1946-03-02,asaf.guttman@hotmail.com,051-8238601,Tel Aviv - Yafo
480343471,Eden,Ben,Yadin,1966-04-19,eden.yadin@checkpoints.com,050-3686744,Petah-Tikva
299807817,Sarah,,Lazar,1968-12-06,sarah.lazar@gmail.com,053-8759403,Jerusalem
595280960,Neta,Bat,Segal,1985-08-17,neta.segal@walla.co.il,058-9077825,Jerusalem
447487496,Tal,,Kraus,1967-12-23,tal.kraus@gmail.com,051-2639351,Rehovot
649600944,Shahar,,Rubin,1972-03-29,shahar.rubin@walla.co.il,053-8942647,Tel Aviv - Yafo
114811412,Lior,,Porat,1954-04-23,lior.porat@gmail.com,053-4260556,Tel Aviv - Yafo
608870403,Asaf,,Rabin,1999-03-14,asaf.rabin@walla.co.il,055-8274084,Tel Aviv - Yafo
950621662,Leah,,Agbaria,1952-11-01,leah.agbaria@gmail.com,052-5719459,Petah-Tikva
531801760,Sapir,,Zamir,1938-05-26,sapir.zamir@gmail.com,056-2100618,Ashdod
971369466,Lior,,Blau,1969-08-08,lior.blau@checkpoints.com,053-2311851,Petah-Tikva
705562889,Alon,Ben,Tal,1991-06-28,alon.tal@walla.co.il,052-3545174,Nahariya
107423540,Avigail,Bat,Schwartz,2008-03-28,avigail.schwartz@checkpoints.com,058-4856358,Petah-Tikva
709548288,David,Michael,Koren,1964-07-25,david.koren@walla.co.il,054-4102468,Ashdod
695908547,Noam,,Liberman,1943-03-20,noam.liberman@walla.co.il,052-3707257,Ashdod
969549419,Sivan,,Lapid,1958-06-13,sivan.lapid@gmail.com,055-6794100,Jerusalem
807770065,Motti,,Zamir,1963-05-01,motti.zamir@hotmail.com,053-1573416,Haifa
194889418,Guy,,Zilber,1971-12-03,guy.zilber@gmail.com,053-5099530,Eilat
433835477,Shlomo,,Begin,1961-10-13,shlomo.begin@walla.co.il,056-1223796,Haifa
366482554,Kobi,,Azoulay,1960-05-09,kobi.azoulay@gmail.com,052-9910140,Eilat
162130222,Roni,,Shani,1937-05-30,roni.shani@gmail.com,057-9672017,Beer-Sheva
737335704,Adi,,Saban,1970-09-12,adi.saban@hotmail.com,058-3493844,Jerusalem
514159386,Dan,,Biton,1983-09-08,dan.biton@teva.com,051-3523558,Eilat
100939963,Rivka,,Marciano,1994-04-26,rivka.marciano@gmail.com,058-4381382,Rehovot
237611179,Noa,,Tamir,1963-05-03,noa.tamir@gmail.com,056-4117533,Jerusalem
697171178,Gal,Bat,Yarkoni,1936-08-29,gal.yarkoni@gmail.com,057-8703962,Rehovot
127202040,Shir,,Kraus,1991-08-24,shir.kraus@hotmail.com,055-2111782,Jerusalem
152867800,Gal,,Feldman,1982-05-11,gal.feldman@gmail.com,056-5211212,Jerusalem
545826722,Yuval,,Eshkol,1986-05-30,yuval.eshkol@walla.co.il,055-7987471,Beer-Sheva
663264069,Inbal,Sarah,Ramon,1983-09-21,inbal.ramon@gmail.com,058-4921057,Rehovot
435066151,Lior,,Ramon,1991-06-24,lior.ramon@checkpoints.com,059-7330542,Tel Aviv - Yafo
402846548,Yosef,,Gabay,2008-02-22,yosef.gabay@gmail.com,055-7542071,Ashdod
787658323,Shalom,Yosef,Levine,1962-02-23,shalom.levine@gmail.com,059-6584573,Nahariya
696346835,Lior,,Malka,1940-06-09,lior.malka@gmail.com,050-4928341,Ashdod
732541305,Shira,,Cohen,1937-06-15,shira.cohen@hotmail.com,050-6100612,Jerusalem
627042684,Rivka,,Azoulay,1969-04-28,rivka.azoulay@hotmail.com,058-1161180,Eilat
228981534,Moshe,,Peles,1999-05-31,moshe.peles@hotmail.com,059-8759763,Tel Aviv - Yafo
770707989,Roy,Bat,Bareket,1952-09-08,roy.bareket@gmail.com,050-3792869,Ashdod
952917526,Inbal,,Peled,1976-04-30,inbal.peled@gmail.com,051-7770176,Herzeliya
423497602,Oren,,Berger,1995-03-20,oren.berger@hotmail.com,051-1180446,Ashdod
819018653,Kim,Michael,Sharon,1973-02-27,kim.sharon@gmail.com,055-6277201,Ashdod
999911738,Noa,Yosef,Omer,2007-12-09,noa.omer@checkpoints.com,050-8240880,Rehovot
963378799,Iris,,Agbaria,1991-02-27,iris.agbaria@gmail.com,057-7349612,Rehovot
977118538,Lihi,,Oz,1979-02-04,lihi.oz@walla.co.il,055-7072327,Petah-Tikva
500207054,Alon,,Eitan,1959-07-02,alon.eitan@gmail.com,054-8302025,Nahariya
529771589,Neta,Leah,Begin,1938-06-07,neta.begin@checkpoints.com,051-9621702,Ashdod
913679861,Adi,,Navon,1982-08-28,adi.navon@gmail.com,054-1329689,Jerusalem
379281374,Anat,Leah,David,1973-07-07,anat.david@gmail.com,059-5045551,Ashdod
744954333,Ronit,,Tal,1989-03-16,ronit.tal1@gmail.com,052-2422148,Jerusalem
394933212,Sapir,,Rubin,1969-02-06,sapir.rubin@hotmail.com,059-1512626,Tel Aviv - Yafo
939281541,Coral,,Shani,1986-02-23,coral.shani@gmail.com,056-4518859,Rehovot
474153974,Rotem,,Peles,1968-11-15,rotem.peles@teva.com,051-7212431,Beer-Sheva
945573123,Israel,Yosef,Asulin,1964-12-17,israel.asulin@walla.co.il,057-7369395,Ashdod
750908667,Inbal,,Sela,1950-10-12,inbal.sela@gmail.com,052-3224661,Petah-Tikva
745831123,Lihi,,Kramer,2001-05-24,lihi.kramer@hotmail.com,056-8913019,Herzeliya
452655331,Roni,,fuchs,1997-12-03,roni.fuchs@checkpoints.com,052-1505125,Nahariya
428284548,Anat,,Sarusi,1993-11-21,anat.sarusi@hotmail.com,059-5661219,Petah-Tikva
504873371,Kobi,,fuchs,1983-07-09,kobi.fuchs@gmail.com,053-7520513,Rehovot
622809597,Tamar,,Netanyahu,1970-04-11,tamar.netanyahu@checkpoints.com,058-7557342,Nahariya
108757365,Oren,,Netanyahu,1970-07-04,oren.netanyahu1@gmail.com,059-2320700,Petah-Tikva
769181211,Noa,Michael,Ben-Ari,1937-08-30,noa.ben-ari@gmail.com,054-8825980,Petah-Tikva
489017894,Yael,,Gabay,1995-01-10,yael.gabay@walla.co.il,058-7911622,Beer-Sheva
686411537,Tomers,,Shani,2005-10-02,tomers.shani@gmail.com,055-7944175,Eilat
742452008,Roni,Ben,Tal,1958-04-23,roni.tal@teva.com,055-9974814,Ashdod
604327851,Hila,Sarah,Peretz,1949-11-09,hila.peretz@teva.com,059-4615365,Nahariya
774227026,Idan,,Rubin,1967-12-30,idan.rubin@checkpoints.com,059-9021919,Petah-Tikva
930214668,Iris,,Zilber,2000-04-12,iris.zilber@checkpoints.com,057-9093120,Beer-Sheva
657029055,Yuval,,Zamir,1942-12-10,yuval.zamir@walla.co.il,058-7898158,Beer-Sheva
521259516,Roy,Ben,Dotan,1990-10-12,roy.dotan@gmail.com,056-3178113,Petah-Tikva
835340933,Avi,,Navon,2006-02-02,avi.navon@hotmail.com,054-7751152,Rehovot
241686715,Ori,,Koren,1993-03-31,ori.koren@gmail.com,058-1526876,Beer-Sheva
852296799,Idan,,Peles,1985-09-08,idan.peles@hotmail.com,052-9936138,Tel Aviv - Yafo
120164154,Hila,,Saban,1979-09-15,hila.saban@gmail.com,054-6954148,Rehovot
142336264,Yitzhak,,Katz,1988-12-06,yitzhak.katz@gmail.com,051-6303898,Haifa
965593597,Yael,,Levi,1997-07-07,yael.levi@gmail.com,057-6487058,Eilat
596250785,Gal,,Navon,2000-03-04,gal.navon@teva.com,052-9059352,Ashdod
311900598,Sarah,,Ben-David,1979-01-16,sarah.ben-david@walla.co.il,059-6212898,Haifa
506095361,Daniel,,Kraus,1944-03-07,daniel.kraus@teva.com,052-7106894,Tel Aviv - Yafo
885289318,Dor,Bat,Asulin,2001-07-21,dor.asulin@hotmail.com,054-2056897,Ashdod
488698742,Noa,,Lazar,1997-02-04,noa.lazar@checkpoints.com,050-4697388,Eilat
401127190,Linoy,,Hoffman,1992-12-18,linoy.hoffman@walla.co.il,054-6078712,Tel Aviv - Yafo
285634009,Shir,,Bar-On,1998-04-05,shir.bar-on@gmail.com,053-6602687,Jerusalem
464696912,Orly,,Sarusi,1977-10-10,orly.sarusi@teva.com,056-3103391,Eilat
817636760,Gal,,Peres,1963-12-28,gal.peres@teva.com,058-2420318,Jerusalem
939849580,Asaf,,Asulin,1967-10-01,asaf.asulin@checkpoints.com,055-2224467,Jerusalem
893465383,May,,Turgeman,1966-12-23,may.turgeman@teva.com,054-2479916,Eilat
889454059,Adi,,Mizrachi,1960-06-22,adi.mizrachi@gmail.com,054-1868904,Herzeliya
864951604,Tal,Yosef,Malka,1953-03-12,tal.malka@gmail.com,056-2822837,Beer-Sheva
770268343,Eden,,Goldberg,1967-10-10,eden.goldberg@gmail.com,057-3609434,Herzeliya
355981319,Avraham,Sarah, Dayan,1984-01-20,avraham. dayan@walla.co.il,054-4823533,Nahariya
940280307,Rivka,,Gabay,1940-06-28,rivka.gabay@gmail.com,058-1275536,Herzeliya
372918603,Iris,Bat,Mizrachi,1938-08-04,iris.mizrachi1@teva.com,053-2802981,Nahariya
481093159,Israel,,Frank,1986-09-27,israel.frank@gmail.com,055-4170043,Nahariya
299915657,Kim,,Oz,1973-09-09,kim.oz@gmail.com,050-6550320,Herzeliya
878275953,Neta,,Klein,1981-06-25,neta.klein@hotmail.com,057-7232191,Rehovot
955404911,Tal,,Shamir,1959-07-08,tal.shamir@teva.com,053-4849306,Nahariya
322823807,Shlomo,,Peretz,1977-01-13,shlomo.peretz@gmail.com,058-9465516,Eilat
479556775,May,,Guttman,1960-12-01,may.guttman@gmail.com,058-1253768,Nahariya
991599028,Eyal,,Saban,1962-01-09,eyal.saban@gmail.com,050-2194298,Eilat
951981464,Orly,,Tal,1968-01-31,orly.tal@checkpoints.com,054-6728958,Rehovot
268969479,Osnat,,Melamed,1974-09-11,osnat.melamed@teva.com,057-1059462,Jerusalem
268086614,Rotem,,Yosef,1951-03-21,rotem.yosef@hotmail.com,057-6984113,Eilat
692884294,Yitzhak,Yosef,Livne,1977-11-26,yitzhak.livne@teva.com,052-1765807,Petah-Tikva
408732497,Roy,Yosef,Sela,1985-03-27,roy.sela@hotmail.com,054-9053239,Ashdod
304164862,Avi,Michael,Segal,1952-02-03,avi.segal@checkpoints.com,054-5511660,Tel Aviv - Yafo
832363972,Ben,,Eitan,1957-01-09,ben.eitan@walla.co.il,051-1006984,Beer-Sheva
172550014,Amit,,Friedman,1940-08-04,amit.friedman@walla.co.il,057-4016597,Nahariya
763985852,Tali,,Turgeman,1969-08-21,tali.turgeman@gmail.com,056-7964371,Rehovot
394835275,Ben,,Agbaria,1964-09-08,ben.agbaria@teva.com,059-4688890,Herzeliya
245146394,Sivan,Bat,Eshkol,1998-12-27,sivan.eshkol@teva.com,053-1191868,Tel Aviv - Yafo
663597889,Ofek,Bat,Golan,1957-07-05,ofek.golan@gmail.com,050-9259287,Petah-Tikva
863797634,Sivan,,Gabay,2005-02-25,sivan.gabay@hotmail.com,056-1406023,Petah-Tikva
259308220,Rami,,Tzur,1972-11-04,rami.tzur@walla.co.il,052-4561127,Haifa
422871329,Neta,,Rabin,1983-05-06,neta.rabin@walla.co.il,051-1639828,Rehovot
151801839,Erez,,Friedman,1950-10-07,erez.friedman@gmail.com,057-8602235,Eilat
670837783,Eli,Ben,Segal,1959-10-14,eli.segal1@gmail.com,050-2006012,Ashdod
993037787,Shahar,Ben,Begin,1949-09-29,shahar.begin1@gmail.com,057-2022626,Herzeliya
776236726,Dana,,Blau,1968-03-04,dana.blau@hotmail.com,050-4779463,Jerusalem
400116409,Noga,,Shaham,2001-01-28,noga.shaham@checkpoints.com,050-4648112,Ashdod
329788213,Alon,,Sarusi,2006-04-23,alon.sarusi@gmail.com,059-3920867,Tel Aviv - Yafo
945600346,Stav,Bat,Biton,1973-04-22,stav.biton@checkpoints.com,057-6863870,Herzeliya
381203595,Rotem,,Goldberg,1944-12-07,rotem.goldberg@checkpoints.com,059-8284100,Petah-Tikva
326365203,Zohar,,Grosman,1999-03-12,zohar.grosman@walla.co.il,052-4394402,Tel Aviv - Yafo
306651365,Tal,,Arad,1965-12-12,tal.arad@checkpoints.com,052-7514421,Jerusalem
835681868,Rachel,,Peretz,2003-10-14,rachel.peretz@checkpoints.com,054-1218299,Eilat
842357881,Eyal,,Ben-Gurion,1946-03-20,eyal.ben-gurion@gmail.com,051-3789483,Herzeliya
639144631,Yosef,,Elbaz,1987-10-01,yosef.elbaz@gmail.com,056-6344540,Ashdod
619377511,Yosef,Yosef,Azoulay,1998-12-07,yosef.azoulay@teva.com,056-9665974,Beer-Sheva
100849303,Ilan,,Peles,1949-05-14,ilan.peles@checkpoints.com,057-7972079,Rehovot
350159402,Dana,Bat,Hadad,1971-01-05,dana.hadad1@walla.co.il,053-8576583,Beer-Sheva
178051925,Moshe,,fuchs,1973-02-06,moshe.fuchs@hotmail.com,056-9824472,Rehovot
394304603,Dor,,Rabin,1999-06-27,dor.rabin@gmail.com,057-4946493,Herzeliya
751628961,Avigail,,Lazar,1978-06-02,avigail.lazar@gmail.com,057-5895930,Haifa
468070275,Idan,,Melamed,1974-06-16,idan.melamed@hotmail.com,059-9242860,Ashdod
714761594,Dana,,Azoulay,1973-12-04,dana.azoulay@gmail.com,053-3702570,Jerusalem
760388473,Hila,,Ben-Gurion,2002-12-28,hila.ben-gurion@teva.com,057-2286412,Herzeliya
338907691,Omer,Michael,Ben-David,1964-10-13,omer.ben-david@walla.co.il,052-6650379,Nahariya
549429555,Shlomo,Leah,Yarkoni,1950-11-24,shlomo.yarkoni@hotmail.com,055-4857718,Jerusalem
198382763,Erez,,Hadad,1947-03-24,erez.hadad@checkpoints.com,059-1290389,Rehovot
193511534,Michal,,Begin,1971-11-16,michal.begin@walla.co.il,050-4238223,Tel Aviv - Yafo
718140148,Shahar,,Friedman,2001-01-04,shahar.friedman@teva.com,058-4614910,Petah-Tikva
368090374,Michal,,Spector,1946-06-01,michal.spector@hotmail.com,057-8431064,Nahariya
255663820,Shira,,Yarkoni,1945-05-22,shira.yarkoni@walla.co.il,057-7503527,Haifa
201294961,Shahar,,Shaham,1986-11-16,shahar.shaham@gmail.com,059-7829602,Petah-Tikva
636630606,Yael,,Hadad,1990-07-01,yael.hadad@gmail.com,056-9862858,Jerusalem
701457291,Shir,Michael,Peled,1977-04-10,shir.peled@gmail.com,058-3589815,Rehovot
250168952,Hadar,,Kramer,1988-07-03,hadar.kramer@gmail.com,052-6664306,Eilat
701724963,Stav,,Zilber,1988-07-13,stav.zilber@gmail.com,050-5296735,Beer-Sheva
602093920,Gal,,Schwartz,1939-07-13,gal.schwartz@gmail.com,054-7726580,Nahariya
530693301,Oren,,Weiss,1998-03-26,oren.weiss@walla.co.il,059-3985991,Beer-Sheva
611814289,Dana,,Malka,1986-04-29,dana.malka@gmail.com,052-5984041,Herzeliya
379764056,Ronit,Leah,Blau,1979-03-10,ronit.blau@gmail.com,050-6946635,Ashdod
146751849,Dan,,Kraus,1960-07-25,dan.kraus@walla.co.il,058-6001574,Beer-Sheva
291985525,Shani,Sarah,Spector,1939-03-08,shani.spector1@gmail.com,053-6874500,Nahariya
407251903,Lior,,Golan,1938-06-09,lior.golan@gmail.com,054-7078517,Haifa
515432471,Moshe,,Tzur,1975-10-29,moshe.tzur@checkpoints.com,053-6187790,Beer-Sheva
623130055,Gal,,Yarkoni,1980-08-05,gal.yarkoni@walla.co.il,051-5396430,Beer-Sheva
210811819,Ronit,,Netanyahu,1998-09-26,ronit.netanyahu@gmail.com,051-5914066,Ashdod
338786760,Ilan,,Porat,2001-05-26,ilan.porat@teva.com,052-9496733,Jerusalem
244599320,Shani,Yosef,Frank,1964-08-02,shani.frank@teva.com,051-6397064,Rehovot
203198855,Dorit,,fuchs,1964-10-20,dorit.fuchs@hotmail.com,054-1235034,Eilat
278857838,Ilan,Yosef,Gur,1985-01-29,ilan.gur1@checkpoints.com,051-7527366,Herzeliya
696837756,Kim,Leah,Marciano,1957-11-03,kim.marciano@gmail.com,057-8059548,Petah-Tikva
146974130,Moshe,Sarah,Tamir,1959-10-02,moshe.tamir@gmail.com,051-9819458,Eilat
649173378,Moshe,,Cohen,2008-07-12,moshe.cohen@gmail.com,055-4273522,Ashdod
662524310,Linoy,,Kramer,1938-01-08,linoy.kramer@teva.com,052-1857586,Jerusalem
110824304,Shani,,Malka,1959-11-15,shani.malka@gmail.com,056-3853054,Haifa
320190621,Shir,,Peled,1950-06-10,shir.peled@walla.co.il,052-2893282,Herzeliya
388958947,Chaim,,Goldberg,1946-01-07,chaim.goldberg@gmail.com,059-1998397,Ashdod
587847059,Agam,,Grosman,1993-07-31,agam.grosman@checkpoints.com,059-6171636,Haifa
811036266,Rami,,Hoffman,1960-04-09,rami.hoffman@checkpoints.com,053-6139723,Nahariya
279845195,Shir,,Altman,1956-04-06,shir.altman@checkpoints.com,058-9176000,Petah-Tikva
761173320,Michal,,Goldberg,2003-10-11,michal.goldberg@hotmail.com,052-4853743,Jerusalem
485963544,Inbal,,Peles,1967-08-31,inbal.peles@checkpoints.com,052-9647970,Jerusalem
381905097,Yuval,,Koren,1962-04-10,yuval.koren@checkpoints.com,059-2634875,Rehovot
187665271,Limor,Michael,Gal,1958-09-25,limor.gal1@walla.co.il,055-4488928,Tel Aviv - Yafo
849687060,Orly,,Levine,2000-10-16,orly.levine@gmail.com,059-1957962,Nahariya
419605804,Chaim,,Lazar,1979-02-17,chaim.lazar@teva.com,052-1707129,Haifa
186841244,Shlomo,,Shani,1997-09-05,shlomo.shani@walla.co.il,052-9612132,Petah-Tikva
147364329,Yaron,,Golan,1958-12-15,yaron.golan@checkpoints.com,058-7674515,Herzeliya
989308449,Shalom,,Shani,2006-07-07,shalom.shani1@gmail.com,057-1346668,Beer-Sheva
711866515,Nir,,Asulin,1940-02-10,nir.asulin@teva.com,055-8488736,Herzeliya
836171025,Omer,,Tzur,1996-12-21,omer.tzur@gmail.com,055-7268157,Rehovot
637105194,David,,Yarkoni,1984-06-10,david.yarkoni@walla.co.il,059-1222511,Tel Aviv - Yafo
263579482,Tamar,,Eshkol,1952-11-06,tamar.eshkol@teva.com,054-9111723,Tel Aviv - Yafo
105013074,Ariel,Leah,Goldberg,2004-12-18,ariel.goldberg@walla.co.il,057-3331704,Petah-Tikva
767323493,Inbal,,Frank,1994-03-28,inbal.frank@checkpoints.com,054-9936520,Ashdod
620118093,Noa,,Blau,2003-08-28,noa.blau@teva.com,058-4567257,Herzeliya
131799199,Eli,,Yosef,1948-01-14,eli.yosef@gmail.com,050-8005648,Jerusalem
386726268,Ronit,,Blau,1939-06-05,ronit.blau@teva.com,051-9470648,Tel Aviv - Yafo
980438246,Leah,Leah,Lapid,1994-09-20,leah.lapid@gmail.com,053-1258537,Herzeliya
590364433,Rachel,,Barkat,1969-09-17,rachel.barkat@hotmail.com,052-9409580,Ashdod
483572714,Tal,,Grosman,1971-06-05,tal.grosman@hotmail.com,055-7445367,Eilat
918411371,Lihi,,Gabay,1963-08-04,lihi.gabay@walla.co.il,058-3815280,Rehovot
432730966,Eyal,Ben,Frank,2003-12-07,eyal.frank1@gmail.com,052-6761371,Herzeliya
367711913,Sarah,,Asulin,1962-10-21,sarah.asulin@gmail.com,052-5454439,Eilat
226986294,Meital,,Yarkoni,2005-05-16,meital.yarkoni@gmail.com,056-4556907,Jerusalem
490811903,Sigal,,Ben-Ari,1957-12-12,sigal.ben-ari1@gmail.com,052-3989102,Nahariya
663167901,Ori,,Livne,1950-06-05,ori.livne@gmail.com,054-2284412,Nahariya
596088190,Eden,Ben,Azoulay,1998-11-06,eden.azoulay@teva.com,056-8406915,Ashdod
416229924,Alon,Michael,Berger,1959-08-05,alon.berger1@hotmail.com,050-9720251,Herzeliya
748126434,Adam,Michael,Guttman,1988-06-30,adam.guttman@teva.com,056-5551727,Ashdod
814363033,Ben,,Blau,1943-04-18,ben.blau@gmail.com,058-1935555,Eilat
414514427,Alon,,Katz,1971-05-15,alon.katz@teva.com,055-3727370,Beer-Sheva
845446244,Rotem,,Ramon,1951-02-06,rotem.ramon@checkpoints.com,050-6390283,Jerusalem
812161066,Chaim,,Grosman,2006-10-02,chaim.grosman@gmail.com,055-9222380,Petah-Tikva
166697377,Ariel,,Yadin,1960-11-06,ariel.yadin@checkpoints.com,054-6637323,Nahariya
494441452,Shahar,,Olmert,1968-11-23,shahar.olmert@walla.co.il,059-6385430,Herzeliya
653890078,Michael,Sarah, Dayan,1986-11-04,michael. dayan@walla.co.il,053-2831998,Eilat
921330348,Kim,,Sarusi,1944-03-23,kim.sarusi@gmail.com,053-3960189,Herzeliya
844142213,Oren,,Friedman,1992-04-13,oren.friedman@gmail.com,055-6356205,Ashdod
183280223,Ori,,Netanyahu,1992-06-17,ori.netanyahu@checkpoints.com,057-5529698,Jerusalem
652251330,Bar,Leah,Stern,2003-08-17,bar.stern@gmail.com,053-2671583,Ashdod
375345355,Orly,Leah,Biton,2001-11-14,orly.biton1@gmail.com,056-1048293,Ashdod
322938553,Maya,,Nir,1992-04-02,maya.nir@teva.com,056-4490666,Jerusalem
964031927,Gadi,,Tzur,2005-02-23,gadi.tzur@checkpoints.com,052-6549469,Haifa
201616655,Inbal,,Begin,2000-08-16,inbal.begin@gmail.com,053-6888868,Beer-Sheva
509446463,Asaf,Leah,Feldman,1941-09-30,asaf.feldman@checkpoints.com,054-9992323,Herzeliya
906557029,Omer,,Begin,1978-08-02,omer.begin@gmail.com,057-3579750,Haifa
486755494,Sarah,,Dahan,2001-08-21,sarah.dahan@gmail.com,053-1285284,Tel Aviv - Yafo
385982574,Inbal,,Koren,1954-04-26,inbal.koren@gmail.com,057-7103393,Haifa
310798247,Tamar,,Avraham,2005-04-29,tamar.avraham@checkpoints.com,055-8026800,Eilat
953311884,Osnat,,Ben-David,1975-09-13,osnat.ben-david@gmail.com,056-5024205,Eilat
497965932,Kobi,,Shani,1994-09-24,kobi.shani@hotmail.com,054-4521464,Nahariya
948478886,Lihi,,Sela,2004-08-08,lihi.sela@checkpoints.com,055-7032627,Ashdod
103541088,Shani,,Oz,1997-04-01,shani.oz@walla.co.il,056-1016259,Nahariya
589573937,Dana,,Peretz,1980-04-22,dana.peretz@gmail.com,055-7918492,Rehovot
472599106,Michal,,Navon,1953-08-19,michal.navon@teva.com,050-7672705,Herzeliya
275884256,Guy,,Segal,2004-10-02,guy.segal@gmail.com,053-1304390,Tel Aviv - Yafo
528741238,Sarah,Ben,Tal,2005-03-13,sarah.tal@checkpoints.com,056-8874087,Beer-Sheva
893482551,Rachel,,Berger,1978-01-15,rachel.berger@hotmail.com,051-2525228,Petah-Tikva
265341491,Gadi,,Zilber,1995-07-30,gadi.zilber@gmail.com,052-7898079,Beer-Sheva
389447522,Avraham,,Ben-Gurion,1951-06-23,avraham.ben-gurion@gmail.com,055-5998713,Haifa
256382578,Leah,,Rabin,1993-03-17,leah.rabin@gmail.com,053-1375127,Haifa
348507587,Meital,,Hadad,2003-07-14,meital.hadad1@gmail.com,050-2619159,Jerusalem
384280886,Limor,,Eitan,1951-01-20,limor.eitan@hotmail.com,057-2608645,Jerusalem
620436107,Bar,,Zamir,1942-06-16,bar.zamir@teva.com,058-5610319,Rehovot
889471612,Dan,,Berger,1939-09-01,dan.berger@hotmail.com,059-8622005,Ashdod
722793419,Inbal,,Barkat,1983-11-09,inbal.barkat@gmail.com,058-4174571,Tel Aviv - Yafo
789276403,Stav,,Dahan,1973-05-10,stav.dahan@gmail.com,053-7320275,Tel Aviv - Yafo
874512481,Anat,,Lazar,1943-07-30,anat.lazar@gmail.com,056-2155280,Ashdod
731038065,Omer,,Marciano,1954-11-12,omer.marciano@teva.com,058-8896929,Ashdod
588426972,Guy,,Lavi,1992-03-06,guy.lavi@teva.com,054-4258889,Eilat
737811135,Eitan,,Segal,1994-02-14,eitan.segal@hotmail.com,053-4301644,Eilat
873867715,Daniel,,Stern,1979-05-04,daniel.stern@gmail.com,052-4648551,Herzeliya
129427476,Noga,,Sela,1982-05-27,noga.sela@checkpoints.com,050-2608854,Petah-Tikva
421364857,Shlomo,,Segal,1994-02-21,shlomo.segal@gmail.com,059-3597886,Petah-Tikva
848762234,Ronit,Yosef,Goldberg,1994-07-07,ronit.goldberg@teva.com,059-4173773,Jerusalem
790118493,Shani,Bat,Vaknin,1977-11-07,shani.vaknin@hotmail.com,053-4476623,Eilat
579726151,Eyal,,Porat,1975-10-08,eyal.porat@checkpoints.com,059-2336917,Nahariya
722024835,Orly,,Peres,1958-03-03,orly.peres@walla.co.il,055-6797632,Tel Aviv - Yafo
646284302,Sivan,,Zamir,1965-09-27,sivan.zamir@gmail.com,053-4051842,Jerusalem
115041804,Avraham,Yosef,Kramer,2002-04-01,avraham.kramer@hotmail.com,056-6091897,Eilat
475897150,Tomers,,Peres,1984-05-30,tomers.peres@hotmail.com,053-7152757,Rehovot
489830256,Yaakov,,Shani,1974-05-09,yaakov.shani@hotmail.com,052-3338732,Ashdod
809301556,Avraham,,Peres,1996-11-08,avraham.peres@teva.com,055-5432233,Beer-Sheva
291060902,Sigal,,Elbaz,1995-09-20,sigal.elbaz@walla.co.il,056-8477565,Rehovot
792405662,Asaf,,Peretz,1957-06-07,asaf.peretz@checkpoints.com,054-1828027,Herzeliya
710340816,Yuval,,Elbaz,1986-04-02,yuval.elbaz@gmail.com,056-5473417,Haifa
390612805,Eden,,Shamir,1971-12-07,eden.shamir@teva.com,051-5948134,Jerusalem
922959162,Roy,Bat,Kramer,1944-09-21,roy.kramer@gmail.com,053-3009285,Tel Aviv - Yafo
541589104,Shahar,,Saban,2005-10-29,shahar.saban@hotmail.com,055-5039453,Beer-Sheva
902557783,Amit,,Shapira,1993-11-14,amit.shapira@teva.com,056-5624392,Nahariya
576973126,Noa,,Guttman,2002-12-29,noa.guttman@walla.co.il,057-7397754,Petah-Tikva
349920275,Yitzhak,,Heller,1942-05-30,yitzhak.heller@gmail.com,057-9794628,Beer-Sheva
888707384,Yaakov,Ben,Shamir,1998-09-28,yaakov.shamir1@gmail.com,054-5865284,Eilat
928254405,Moshe,,Deutsch,1951-02-06,moshe.deutsch@gmail.com,052-2758001,Beer-Sheva
893378025,Eyal,,Kramer,1955-12-04,eyal.kramer@teva.com,050-1428130,Petah-Tikva
375067986,Motti,,Agbaria,1949-07-06,motti.agbaria@checkpoints.com,050-8370587,Haifa
850150395,Alon,,Tal,1982-03-17,alon.tal@hotmail.com,052-1516184,Petah-Tikva
710357915,Dudi,Yosef,Liberman,1982-08-04,dudi.liberman@gmail.com,054-2436104,Haifa
473679244,Dana,,Levi,1975-11-03,dana.levi1@teva.com,058-9616173,Ashdod
690165284,Adi,,Biton,2007-02-24,adi.biton@checkpoints.com,056-8463717,Herzeliya
795228866,David,Sarah,Gabay,1988-01-31,david.gabay@gmail.com,051-6572238,Rehovot
122569590,Ilan,Leah,Goldberg,1996-09-23,ilan.goldberg@walla.co.il,057-1868228,Haifa
516914024,David,,David,1997-07-28,david.david@gmail.com,051-8288460,Haifa
878363857,Ron,,Yosef,1941-02-13,ron.yosef@gmail.com,059-4234782,Petah-Tikva
220111214,Yitzhak,,Zilber,1970-09-08,yitzhak.zilber@gmail.com,050-5274081,Ashdod
300548043,Adi,,Goldberg,1945-11-04,adi.goldberg@gmail.com,057-4356588,Ashdod
179866788,Amit,Bat,Klein,1979-08-27,amit.klein@teva.com,050-6136886,Herzeliya
949511525,Yitzhak,,Rabin,1948-01-17,yitzhak.rabin@hotmail.com,052-6328460,Jerusalem
972486399,Sarah,Leah,Hoffman,2007-03-12,sarah.hoffman1@hotmail.com,059-4985461,Beer-Sheva
994588739,Kobi,,Yosef,1945-04-08,kobi.yosef@checkpoints.com,054-1988540,Tel Aviv - Yafo
584977118,Shir,,Omer,1955-11-07,shir.omer@gmail.com,052-9662882,Eilat
580461187,Avigail,Leah,Shamir,1955-07-01,avigail.shamir@checkpoints.com,054-3516968,Herzeliya
384207092,Orly,,Ronen,1978-11-10,orly.ronen@checkpoints.com,050-3493919,Rehovot
360757046,Shahar,,Eshkol,1955-02-18,shahar.eshkol@checkpoints.com,056-8337440,Petah-Tikva
689167249,Chaim,Ben,Katz,1939-10-26,chaim.katz@gmail.com,059-3276171,Ashdod
259357854,Tamar,Yosef,Ronen,1964-04-30,tamar.ronen@walla.co.il,057-9668028,Jerusalem
171564154,Moshe,Leah,Harari,1996-06-11,moshe.harari1@gmail.com,050-9444258,Nahariya
918162555,Noam,,Silberman,1992-07-11,noam.silberman@gmail.com,058-4024776,Jerusalem
949816325,Mor,Leah,Altman,1973-10-12,mor.altman@teva.com,052-1270977,Beer-Sheva
579121488,Adam,,Peled,1979-05-05,adam.peled@teva.com,051-3355921,Rehovot
791931723,Yuval,,Friedman,1958-02-03,yuval.friedman@checkpoints.com,056-8101291,Beer-Sheva
823066479,Sarah,Sarah,Oz,1992-05-03,sarah.oz@teva.com,057-7561238,Ashdod
332307695,Coral,Sarah,Hoffman,1971-01-31,coral.hoffman@gmail.com,053-4666559,Nahariya
559785381,Moshe,,Ben-Gurion,2006-10-04,moshe.ben-gurion@hotmail.com,050-1619381,Herzeliya
688838683,Niv,,Dahan,1952-09-27,niv.dahan@gmail.com,055-1804569,Nahariya
498111121,Mor,,Marciano,2001-07-20,mor.marciano@hotmail.com,059-5830537,Beer-Sheva
236155122,Leah,,Barkat,1973-04-29,leah.barkat@gmail.com,055-1215612,Haifa
755004429,Yaakov,,Guttman,1956-05-21,yaakov.guttman@gmail.com,058-2838088,Petah-Tikva
660361001,Leah,Bat,Ben-Ari,2000-02-17,leah.ben-ari@walla.co.il,057-5682239,Nahariya
994989329,Sivan,,Azoulay,1939-09-27,sivan.azoulay@walla.co.il,056-8363289,Herzeliya
290442125,Eli,Sarah,Rubin,1986-04-21,eli.rubin@checkpoints.com,058-7604560,Tel Aviv - Yafo
312419246,Motti,,Friedman,1964-01-23,motti.friedman@gmail.com,058-8203250,Ashdod
438742082,Rachel,,Sarusi,1964-03-26,rachel.sarusi@gmail.com,053-3292264,Ashdod
101115708,Oren,,David,1967-06-05,oren.david1@hotmail.com,050-1432349,Jerusalem
628903161,Lior,,Azoulay,1998-02-26,lior.azoulay@gmail.com,053-3404289,Tel Aviv - Yafo
203977887,Noga,Leah,Green,1953-05-27,noga.green1@gmail.com,059-8785268,Herzeliya
955586520,Hila,,Omer,1972-10-10,hila.omer@gmail.com,059-1309980,Ashdod
525462064,Leah,,Aharon,1954-10-10,leah.aharon@gmail.com,054-4747779,Nahariya
528078148,Sapir,,Malka,1950-07-02,sapir.malka@gmail.com,052-3833703,Ashdod
840686285,Hadar,,Hadad,2006-11-10,hadar.hadad@gmail.com,054-1630875,Haifa
293359473,Oren,,Koren,1937-03-11,oren.koren@walla.co.il,055-6554797,Nahariya
394665414,Hila,,Ronen,2002-11-05,hila.ronen@hotmail.com,050-3956570,Jerusalem
680996937,Shira,,Shani,2000-12-22,shira.shani@checkpoints.com,054-6094585,Petah-Tikva
340365263,Agam,,Ben-Gurion,1948-06-16,agam.ben-gurion@teva.com,057-4889750,Rehovot
928002011,Ronit,,Porat,2002-12-23,ronit.porat@hotmail.com,055-8354404,Herzeliya
428522367,Hadar,,Zilber,1999-02-21,hadar.zilber@hotmail.com,053-5276971,Haifa
862872593,Yaron,Michael,Mizrachi,1955-04-11,yaron.mizrachi@gmail.com,057-6736000,Haifa
317607233,Shira,,Green,1949-06-16,shira.green@gmail.com,055-2164207,Haifa
889360227,Avraham,,Navon,1971-11-07,avraham.navon@gmail.com,051-1331042,Rehovot
558700149,Adi,,Arad,1968-07-16,adi.arad@hotmail.com,052-6208211,Haifa
978305968,Anat,,Turgeman,2004-10-22,anat.turgeman@teva.com,054-5942231,Herzeliya
119072447,Meital,, Dayan,1959-02-22,meital. dayan@walla.co.il,053-9841684,Jerusalem
518816072,Roni,Ben,Sharon,1985-06-07,roni.sharon1@gmail.com,059-9909669,Rehovot
469961312,Limor,Ben,Stern,1966-09-13,limor.stern@hotmail.com,051-1712149,Petah-Tikva
857487151,Zohar,,Yarkoni,1970-06-03,zohar.yarkoni@gmail.com,051-7021568,Tel Aviv - Yafo
342550636,Sarah,,Vaknin,2002-03-19,sarah.vaknin@gmail.com,059-9855241,Haifa
747356582,Ronit,,Peres,1984-01-04,ronit.peres@checkpoints.com,051-9522024,Jerusalem
242676770,Yaakov,,Stern,1948-02-16,yaakov.stern@gmail.com,050-8437063,Eilat
559350061,Rotem,,fuchs,1978-07-25,rotem.fuchs@gmail.com,050-6382972,Jerusalem
784007826,Tali,,Altman,1950-01-05,tali.altman@gmail.com,056-8589023,Jerusalem
371875873,Ron,Michael,Vaknin,1939-12-13,ron.vaknin@checkpoints.com,051-8290500,Jerusalem
926076065,Meital,,Shapira,1984-10-23,meital.shapira@teva.com,053-7988976,Petah-Tikva
273906612,Sivan,,fuchs,1941-09-25,sivan.fuchs@walla.co.il,057-4405205,Tel Aviv - Yafo
373714209,Noga,,Azoulay,1981-01-11,noga.azoulay@gmail.com,050-2030156,Nahariya
266520436,Michal,,Hoffman,1937-08-26,michal.hoffman@gmail.com,055-8157610,Haifa
579006020,Oren,,Saban,1958-07-29,oren.saban@walla.co.il,057-9028584,Rehovot
452707359,Leah,Michael,Cohen,1966-04-09,leah.cohen@checkpoints.com,051-5749965,Herzeliya
467042057,Amit,,Ramon,1948-08-21,amit.ramon@walla.co.il,057-7072430,Rehovot
291926512,Shani,,Deutsch,1977-12-08,shani.deutsch@teva.com,054-1232800,Jerusalem
282010447,Amit,Sarah,Nir,1985-01-10,amit.nir@walla.co.il,050-6564892,Petah-Tikva
860965012,Sivan,,Stern,1939-09-15,sivan.stern@teva.com,050-2141894,Eilat
167040995,Tamar,,Eitan,1978-10-28,tamar.eitan@teva.com,052-9715207,Ashdod
350550656,Tamar,,Koren,1938-09-18,tamar.koren@gmail.com,053-1413602,Haifa
983656662,Motti,,Oz,1966-09-18,motti.oz@teva.com,053-6333812,Petah-Tikva
390250433,Idan,Sarah,Vaknin,1939-07-05,idan.vaknin@gmail.com,058-1124292,Petah-Tikva
850416342,Gal,,Bar-On,1945-07-01,gal.bar-on@teva.com,059-1784532,Eilat
864692306,Rotem,,Green,1985-08-30,rotem.green@teva.com,052-9181238,Haifa
430006147,Hadar,Michael,Heller,1968-07-28,hadar.heller@hotmail.com,057-4246874,Ashdod
939718241,Shahar,,Katz,1972-01-20,shahar.katz@gmail.com,056-3631670,Beer-Sheva
895164268,Dan,,Barkat,1966-01-13,dan.barkat@checkpoints.com,051-4935044,Eilat
875773939,Nir,Ben,Stern,1945-11-07,nir.stern@teva.com,053-2264479,Nahariya
719744927,Ronit,,Shamir,1973-04-01,ronit.shamir@gmail.com,051-9425658,Haifa
775566311,Tali,Yosef,Zamir,1972-03-19,tali.zamir@teva.com,058-8106959,Ashdod
575799089,Michael,,Gur,1948-10-26,michael.gur@hotmail.com,055-8721780,Nahariya
251336474,Anat,,Blau,1946-06-19,anat.blau@gmail.com,053-6292341,Haifa
127802175,Eli,,Ronen,2002-03-28,eli.ronen@gmail.com,057-5012722,Petah-Tikva
294059834,Chaim,Sarah,Shani,1978-08-21,chaim.shani@gmail.com,057-2544827,Nahariya
102067859,Rotem,,Peretz,1966-03-05,rotem.peretz@teva.com,056-4312137,Beer-Sheva
446167746,Moshe,,Ben-David,1986-07-27,moshe.ben-david@gmail.com,052-2485555,Tel Aviv - Yafo
849587545,Yuval,,fuchs,1955-02-01,yuval.fuchs@gmail.com,054-7009017,Nahariya
919226215,Coral,,fuchs,1987-09-05,coral.fuchs@gmail.com,057-1031253,Herzeliya
171912523,Tamar,,Barkat,1975-04-05,tamar.barkat@walla.co.il,053-7644631,Ashdod
761508599,Eyal,,Bar-On,1987-11-10,eyal.bar-on@walla.co.il,058-8274282,Jerusalem
434901682,Eden,,Aharon,1962-12-24,eden.aharon@gmail.com,050-7774729,Jerusalem
907014872,Yosef,,Hoffman,1940-03-24,yosef.hoffman@gmail.com,059-3342380,Tel Aviv - Yafo
250470894,Coral,,Malka,1992-11-03,coral.malka1@gmail.com,057-5406439,Jerusalem
562639489,Roni,,Tzur,1993-04-30,roni.tzur@gmail.com,059-4473685,Eilat
615536637,Ariel,Ben,Ohayon,1989-03-13,ariel.ohayon@hotmail.com,052-9477185,Jerusalem
494655698,Eli,,Goldberg,1964-07-26,eli.goldberg@walla.co.il,051-8290984,Eilat
907433364,Shalom,,Begin,1973-09-13,shalom.begin@hotmail.com,050-4984321,Tel Aviv - Yafo
433244773,Agam,Michael,Peretz,1947-05-03,agam.peretz@teva.com,054-8046913,Eilat
118194738,Daniel,,Yarkoni,1997-11-25,daniel.yarkoni@checkpoints.com,054-4543742,Jerusalem
546984971,Avraham,,Silberman,1990-12-12,avraham.silberman@gmail.com,051-2807295,Beer-Sheva
777915577,Linoy,,Koren,1996-11-12,linoy.koren@hotmail.com,051-8952000,Nahariya
767388855,Limor,,Avraham,2002-07-28,limor.avraham@gmail.com,056-5912228,Beer-Sheva
626246201,Ronit,,Kraus,1945-10-16,ronit.kraus@hotmail.com,052-1303143,Herzeliya
716269076,Yael,,Lavi,1938-01-01,yael.lavi@walla.co.il,050-1457944,Beer-Sheva
551557339,Oren,Ben,Levi,1978-01-01,oren.levi@checkpoints.com,053-7985246,Tel Aviv - Yafo
310035014,Sigal,,Gabay,1964-04-24,sigal.gabay@gmail.com,052-1986859,Tel Aviv - Yafo
726410997,Bar,,Biton,1975-03-12,bar.biton@gmail.com,055-4379956,Tel Aviv - Yafo
485271309,Ofek,,Golan,1977-09-06,ofek.golan@walla.co.il,052-6171817,Eilat
422585832,Dudi,Yosef,Harari,1983-10-01,dudi.harari@hotmail.com,055-6414066,Herzeliya
912520892,Iris,Leah,Marciano,1957-10-11,iris.marciano@gmail.com,055-4339098,Nahariya
205382191,Tali,,Cohen,1950-10-06,tali.cohen@checkpoints.com,059-2234695,Rehovot
486837670,Adam,,Malka,1978-09-22,adam.malka@teva.com,058-7354062,Eilat
730255053,Omer,,Rubin,1937-11-11,omer.rubin@hotmail.com,055-9121323,Eilat
135950531,Avraham,,Biton,1962-05-11,avraham.biton@checkpoints.com,055-6107323,Beer-Sheva
877103549,Noga,Bat,Rabin,1948-10-31,noga.rabin@gmail.com,058-2736962,Tel Aviv - Yafo
878608437,Motti,,Asulin,1993-09-10,motti.asulin@gmail.com,055-5177637,Nahariya
266823053,Limor,,Ben-Gurion,1938-08-05,limor.ben-gurion@teva.com,059-8473407,Tel Aviv - Yafo
167283437,Shalom,,Ben-Ari,1996-12-10,shalom.ben-ari@gmail.com,055-3443584,Nahariya
374607801,Ori,,Harari,1998-09-13,ori.harari@gmail.com,051-6165767,Eilat
351450331,Eitan,,Turgeman,2005-02-21,eitan.turgeman@hotmail.com,056-6751009,Haifa
826671288,Bar,Yosef,Malka,1937-11-06,bar.malka@walla.co.il,059-6009187,Eilat
194534387,Sivan,Ben,Gur,2002-10-07,sivan.gur1@gmail.com,053-4678419,Tel Aviv - Yafo
231600392,Dor,,Blau,1974-04-21,dor.blau@gmail.com,055-7546411,Ashdod
794855825,Alon,,Altman,1999-08-12,alon.altman@gmail.com,053-6155337,Petah-Tikva
522068082,Tomers,,Golan,2006-07-03,tomers.golan@teva.com,057-5426484,Nahariya
494293094,Avraham,,Ben-Ari,1943-02-04,avraham.ben-ari@gmail.com,052-9803149,Beer-Sheva
455793773,Rotem,,Shaham,2006-03-05,rotem.shaham@teva.com,058-9228573,Haifa
994081465,Dana,Michael,Sela,1942-01-15,dana.sela@walla.co.il,059-9538507,Beer-Sheva
500640996,Roni,Michael,Schwartz,1955-05-04,roni.schwartz1@gmail.com,055-3809616,Nahariya
555455203,Rivka,,Saban,1995-12-04,rivka.saban@gmail.com,051-9118725,Jerusalem
663170244,Ben,,Porat,1957-09-16,ben.porat@hotmail.com,050-3719648,Tel Aviv - Yafo
266339831,Eli,,Malka,1967-05-11,eli.malka@gmail.com,056-6274064,Beer-Sheva
626822167,Oren,Bat,Sharon,1998-12-17,oren.sharon@gmail.com,055-7371105,Haifa
874883635,Dana,Ben, Dayan,1996-02-09,dana. dayan@gmail.com,051-4684369,Tel Aviv - Yafo
116329496,David,,Omer,1983-04-06,david.omer@walla.co.il,054-6157828,Haifa
189818022,Noa,,Saban,1965-08-21,noa.saban@hotmail.com,050-7229533,Herzeliya
812739827,Avi,,Grosman,1965-08-12,avi.grosman@walla.co.il,050-3128792,Rehovot
528961271,Eli,,Koren,1956-03-02,eli.koren@teva.com,058-8547724,Haifa
795748068,Roni,Bat,Aharon,1977-05-05,roni.aharon1@gmail.com,057-8289061,Petah-Tikva
852242485,Rotem,,Eshkol,1988-12-30,rotem.eshkol@hotmail.com,056-9489767,Tel Aviv - Yafo
143013607,Hadar,,Omer,1953-04-10,hadar.omer@checkpoints.com,054-9373552,Herzeliya
297583652,Yosef,Bat,Dahan,1937-10-25,yosef.dahan@checkpoints.com,057-1137817,Petah-Tikva
711945812,Eden,,Ben-David,1944-02-22,eden.ben-david@gmail.com,053-2438025,Petah-Tikva
430063973,Bar,,Sela,1964-10-10,bar.sela@gmail.com,051-9842475,Nahariya
454873938,Chaim,Yosef,Omer,1959-08-17,chaim.omer@walla.co.il,052-5024462,Nahariya
164455389,Guy,Leah,Harari,1975-06-08,guy.harari@hotmail.com,056-1175540,Haifa
290854847,Eden,,Elbaz,1962-10-29,eden.elbaz@hotmail.com,054-7313718,Nahariya
321724661,Rotem,,Agbaria,1967-02-11,rotem.agbaria@teva.com,058-9336013,Herzeliya
127709863,Oren,Leah,Livne,1946-04-19,oren.livne@walla.co.il,051-2132443,Ashdod
152701535,Shalom,,Levine,1985-03-02,shalom.levine@checkpoints.com,058-5286392,Haifa
156006609,Noa,,Aharon,1972-11-23,noa.aharon@checkpoints.com,057-2958366,Beer-Sheva
664876455,Tomers,,Rabin,1969-01-04,tomers.rabin@teva.com,053-5963497,Ashdod
597841131,Noa,,Peled,1962-01-27,noa.peled@teva.com,054-7289739,Haifa
789577111,Orly,Sarah,Gur,1961-11-19,orly.gur1@gmail.com,055-7969162,Ashdod
949480153,Anat,,Vaknin,1951-10-02,anat.vaknin@gmail.com,055-8351538,Nahariya
590455371,Orly,,Peretz,1954-08-09,orly.peretz@checkpoints.com,050-8989078,Ashdod
500806914,Roni,Ben,Liberman,2002-02-21,roni.liberman1@walla.co.il,053-2742819,Petah-Tikva
477357740,Kobi,Bat,Golan,1956-12-22,kobi.golan@teva.com,058-6995797,Rehovot
212319361,Nir,,Frank,1960-10-28,nir.frank@gmail.com,056-6380739,Haifa
430502305,Adam,,Arad,1938-05-14,adam.arad@gmail.com,050-4101041,Haifa
155070211,Maya,Michael,Malka,1957-04-27,maya.malka@walla.co.il,050-8677411,Haifa
989731358,Dorit,,David,1962-06-18,dorit.david@walla.co.il,056-1790193,Nahariya
541519659,Rotem,, Dayan,1974-12-26,rotem. dayan@gmail.com,050-5003433,Haifa
225858849,Linoy,,Geva,1943-11-18,linoy.geva@checkpoints.com,059-4273698,Haifa
163575146,Dana,Leah,Shamir,1977-05-15,dana.shamir@gmail.com,056-7514052,Beer-Sheva
822656872,Eden,,Netanyahu,1959-12-31,eden.netanyahu@hotmail.com,054-5572302,Herzeliya
235942030,Niv,,Zilber,1984-10-24,niv.zilber@gmail.com,051-1457228,Tel Aviv - Yafo
953368854,Iris,Sarah,Segal,1974-11-12,iris.segal@walla.co.il,056-1571953,Petah-Tikva
300254061,Noam,,Feldman,1966-09-14,noam.feldman@gmail.com,051-7313396,Ashdod
462198453,Oren,,Spector,2001-04-20,oren.spector@gmail.com,053-5537951,Haifa
292731520,Yitzhak,,Harari,1982-10-21,yitzhak.harari@gmail.com,051-1759172,Ashdod
591143533,Tomers,Yosef,Segal,1985-10-06,tomers.segal@hotmail.com,059-6577986,Eilat
841905225,Ronit,,Frank,1961-01-01,ronit.frank@walla.co.il,053-9433279,Eilat
161583175,Itai,Bat,David,2005-07-25,itai.david@teva.com,055-3887765,Nahariya
261483742,Roy,,Peles,1993-10-13,roy.peles@gmail.com,053-8809076,Ashdod
460160390,Yaakov,,Gabay,1961-07-01,yaakov.gabay@checkpoints.com,050-7669496,Jerusalem
865479453,Tomers,Leah,Kraus,1941-10-28,tomers.kraus@gmail.com,055-6217599,Haifa
731334261,Yaron,Ben,Frank,1981-10-24,yaron.frank@teva.com,056-2298544,Rehovot
757835447,Kim,Yosef,Olmert,1948-06-24,kim.olmert@walla.co.il,051-1846520,Haifa
755752822,Gal,,Tzur,1950-04-17,gal.tzur@gmail.com,054-5928375,Beer-Sheva
135562953,Tomers,,Oz,1967-05-30,tomers.oz@gmail.com,055-1178013,Jerusalem
280793301,Sarah,,fuchs,1940-12-23,sarah.fuchs@gmail.com,056-5505052,Herzeliya
916077648,Hila,Sarah,Azoulay,2005-09-20,hila.azoulay@walla.co.il,055-7592081,Jerusalem
288915804,Amit,,Bareket,1954-03-28,amit.bareket@gmail.com,051-2290777,Ashdod
747231351,Sapir,,Segal,1992-07-07,sapir.segal@checkpoints.com,059-2294835,Rehovot
364959093,Lior,Yosef,Turgeman,1978-11-24,lior.turgeman@checkpoints.com,057-7547513,Beer-Sheva
490885256,Oren,,Navon,1987-05-27,oren.navon@walla.co.il,056-1235901,Ashdod
728468389,Rami,,Barkat,1949-01-23,rami.barkat@gmail.com,050-9619735,Jerusalem
887137653,Alon,,Frank,1973-05-01,alon.frank@checkpoints.com,051-6900257,Nahariya
510752772,Ronit,Ben,Navon,1965-05-08,ronit.navon@hotmail.com,055-7997437,Herzeliya
356175079,Israel,,Peretz,1995-09-11,israel.peretz@walla.co.il,055-1226836,Nahariya
316587961,Meital,,Hoffman,2007-02-13,meital.hoffman@gmail.com,057-1096085,Nahariya
338495118,Rotem,,Azoulay,1947-05-01,rotem.azoulay@gmail.com,053-8923401,Petah-Tikva
582726946,Idan,,Harari,1988-02-09,idan.harari@hotmail.com,052-3413914,Rehovot
877165316,Shir,,Arad,1957-05-06,shir.arad@gmail.com,054-3647493,Ashdod
648424264,Niv,,Klein,2005-11-11,niv.klein@teva.com,057-3916908,Eilat
191775266,Avi,,Goldberg,1999-02-17,avi.goldberg@teva.com,056-2263422,Eilat
127332437,Kobi,,Arad,2005-10-08,kobi.arad1@hotmail.com,058-2046874,Petah-Tikva
120844530,Eli,,Liberman,1943-08-27,eli.liberman@gmail.com,057-3459406,Petah-Tikva
935059359,Yael,,Weiss,1991-11-16,yael.weiss@walla.co.il,055-5345159,Haifa
518446232,Dan,, Dayan,1946-09-04,dan. dayan@teva.com,057-4010656,Haifa
355671486,Omer,Ben,Melamed,1973-05-02,omer.melamed@hotmail.com,059-4147352,Haifa
191637912,Shir,,Livne,1945-07-11,shir.livne@checkpoints.com,051-8081377,Tel Aviv - Yafo
686956662,Yuval,,Golan,1981-12-18,yuval.golan@checkpoints.com,059-6452424,Beer-Sheva
341310634,Guy,,Sela,1943-10-20,guy.sela@gmail.com,055-8789481,Herzeliya
259924031,Ronit,,Geva,1941-10-18,ronit.geva@gmail.com,057-2102216,Beer-Sheva
649794780,Daniel,,Barkat,1996-06-16,daniel.barkat@teva.com,050-8608039,Haifa
307563449,Linoy,Leah,Geva,2000-09-14,linoy.geva@hotmail.com,054-7704427,Herzeliya
491857277,Israel,,Lapid,1989-01-14,israel.lapid@walla.co.il,059-9532665,Herzeliya
945859656,Chaim,,Berger,1942-05-18,chaim.berger@checkpoints.com,056-7050978,Herzeliya
740965405,Neta,,Hoffman,1972-02-11,neta.hoffman@gmail.com,052-3313772,Jerusalem
715631341,Tal,Michael,Nir,1987-07-01,tal.nir@walla.co.il,050-5511816,Jerusalem
830003579,Rivka,,Levine,1999-03-29,rivka.levine@checkpoints.com,056-3606044,Rehovot
312098316,Itai,,Harari,1939-12-30,itai.harari@gmail.com,054-3481590,Haifa
240863869,Ronit,,David,1937-04-21,ronit.david@hotmail.com,057-4217853,Eilat
199476083,Osnat,,Shamir,1947-04-22,osnat.shamir@hotmail.com,050-4901953,Petah-Tikva
208379185,Yitzhak,,Tzur,1975-10-04,yitzhak.tzur@hotmail.com,053-6484940,Tel Aviv - Yafo
643438681,Linoy,,Liberman,1966-01-05,linoy.liberman@gmail.com,050-6006669,Herzeliya
322555053,Linoy,Bat,Rubin,1980-01-08,linoy.rubin1@teva.com,056-4384915,Petah-Tikva
169264383,Neta,, Dayan,1990-12-26,neta. dayan@checkpoints.com,055-5382073,Ashdod
251120607,Meital,Yosef,Bareket,1960-02-21,meital.bareket1@gmail.com,059-5273278,Herzeliya
929460819,Gadi,Sarah,Tal,1981-04-17,gadi.tal@gmail.com,057-2988040,Eilat
912315409,Ilan,,Tzur,2000-11-18,ilan.tzur@walla.co.il,052-7193263,Petah-Tikva
740940102,Roni,Michael,Stern,1979-08-16,roni.stern1@gmail.com,056-6682644,Beer-Sheva
315079451,Niv,,Navon,1998-07-30,niv.navon@checkpoints.com,053-7950364,Ashdod
843385656,Shira,Ben,Altman,1970-01-06,shira.altman@checkpoints.com,050-6347190,Petah-Tikva
358779912,Ofek,,fuchs,1965-02-07,ofek.fuchs@checkpoints.com,053-7418178,Ashdod
619565269,Avraham,,Kraus,1974-11-26,avraham.kraus@gmail.com,051-3920572,Beer-Sheva
586866402,Zohar,,Netanyahu,2008-06-30,zohar.netanyahu@teva.com,056-8567384,Haifa
737889716,Gal,,fuchs,2003-10-24,gal.fuchs@gmail.com,051-8214754,Haifa
758050247,Guy,,Agbaria,1999-01-18,guy.agbaria@teva.com,056-8445558,Eilat
779471679,Rotem,,Melamed,1958-06-15,rotem.melamed@walla.co.il,054-9244311,Petah-Tikva
229581790,Rotem,,Weiss,2008-06-04,rotem.weiss@gmail.com,056-2724813,Rehovot
220467940,Shira,,Eshkol,1942-10-04,shira.eshkol@gmail.com,050-4803301,Nahariya
402088262,Tal,,Guttman,1955-09-12,tal.guttman@teva.com,050-5937075,Beer-Sheva
303827582,David,Sarah,Liberman,1970-03-07,david.liberman@walla.co.il,058-4627004,Petah-Tikva
317618373,Hila,,Dotan,1948-04-27,hila.dotan@gmail.com,059-2813135,Nahariya
855498818,Limor,Michael,Geva,1944-08-07,limor.geva@teva.com,054-4801418,Ashdod
843367610,Bar,,Stern,1992-09-08,bar.stern@hotmail.com,057-2626609,Beer-Sheva
327828318,Orly,,Schwartz,1978-09-03,orly.schwartz@gmail.com,053-5518853,Herzeliya
805795843,Yosef,,Harel,1971-06-25,yosef.harel@gmail.com,050-8746334,Haifa
856787925,Itai,,Sarusi,2002-02-22,itai.sarusi@gmail.com,054-6201303,Tel Aviv - Yafo
487329774,Nir,Ben,Sarusi,1938-09-25,nir.sarusi@gmail.com,052-9135032,Ashdod
958864390,Gil,,Avraham,1937-09-19,gil.avraham@teva.com,057-9195699,Herzeliya
182590339,Osnat,Ben,Porat,1973-01-28,osnat.porat@teva.com,055-2651845,Nahariya
403810404,Yosef,,Shaham,1936-10-05,yosef.shaham@gmail.com,054-7847437,Beer-Sheva
489287271,Eden,,Dahan,1944-08-23,eden.dahan@teva.com,051-9372243,Tel Aviv - Yafo
651231120,Adam,,Ramon,2003-10-23,adam.ramon@hotmail.com,052-6330281,Beer-Sheva
912890220,Sivan,,Liberman,2008-02-21,sivan.liberman@gmail.com,059-6970949,Tel Aviv - Yafo
168746409,Linoy,,Azoulay,1985-07-02,linoy.azoulay@teva.com,057-3960920,Nahariya
497439132,Michal,,Hadad,1963-04-26,michal.hadad@gmail.com,059-1468326,Petah-Tikva
758415431,Nir,,Goldberg,1939-06-16,nir.goldberg@gmail.com,055-7320706,Eilat
348990442,Guy,,Liberman,1986-07-01,guy.liberman@checkpoints.com,058-6159644,Rehovot
467917280,Chaim,,Geva,1989-12-12,chaim.geva@teva.com,054-4352595,Tel Aviv - Yafo
700386573,Ariel,Ben,Marciano,1997-12-28,ariel.marciano1@walla.co.il,050-7804631,Petah-Tikva
810259792,Linoy,,Sarusi,2004-11-07,linoy.sarusi@gmail.com,055-5078309,Petah-Tikva
227516377,Dan,,Nir,1952-06-09,dan.nir@gmail.com,053-5776564,Jerusalem
906317492,Shir,,Yadin,1945-06-01,shir.yadin@checkpoints.com,057-2862784,Eilat
670497866,Eitan,,Azoulay,1948-05-17,eitan.azoulay@gmail.com,056-4159986,Nahariya
277126739,Ofek,,Agbaria,1974-10-13,ofek.agbaria@walla.co.il,058-2904067,Beer-Sheva
698191196,Sarah,,Green,1947-07-15,sarah.green@walla.co.il,050-3356101,Herzeliya
168543461,Chaim,,Harel,1991-07-22,chaim.harel@gmail.com,054-8572517,Haifa
707269890,Sivan,,Zilber,2007-01-15,sivan.zilber@teva.com,052-4884626,Eilat
854185627,Leah,Bat,Oz,2002-03-23,leah.oz1@walla.co.il,055-2263376,Petah-Tikva
444431455,Moshe,Leah,Harel,2006-06-02,moshe.harel@teva.com,053-7127322,Ashdod
870864703,Ben,,Ben-David,1961-11-28,ben.ben-david@gmail.com,057-7442431,Herzeliya
980507795,Niv,,Olmert,1948-06-09,niv.olmert@gmail.com,052-6032294,Nahariya
517904144,Erez,,Navon,1945-05-06,erez.navon@gmail.com,053-7076594,Eilat
129225921,Shlomo,,Cohen,1998-06-30,shlomo.cohen@teva.com,055-6202649,Petah-Tikva
627515747,Dudi,Michael,Klein,2003-06-05,dudi.klein@gmail.com,051-8822168,Tel Aviv - Yafo
302700853,Iris,,Grosman,1943-09-16,iris.grosman@teva.com,057-8654830,Herzeliya
369660548,Kim,,Yadin,1961-01-07,kim.yadin@gmail.com,059-2248895,Tel Aviv - Yafo
324200963,Idan,,Cohen,1999-01-15,idan.cohen@teva.com,050-4851243,Ashdod
240918542,Eyal,Bat,Olmert,1941-01-12,eyal.olmert@hotmail.com,057-3891095,Nahariya
222861544,Adam,,Spector,2003-07-11,adam.spector@teva.com,050-9285772,Nahariya
323175267,Sivan,,Mizrachi,1994-04-29,sivan.mizrachi@gmail.com,051-8834285,Rehovot
869910416,Tal,,Shani,1952-09-05,tal.shani@gmail.com,056-6879701,Rehovot
271389574,Chaim,,Sela,1954-11-22,chaim.sela@teva.com,055-1551595,Nahariya
888088640,Ilan,,Elbaz,2001-10-18,ilan.elbaz@checkpoints.com,054-9362732,Herzeliya
862324754,Idan,,Goldberg,1982-04-30,idan.goldberg@checkpoints.com,058-6937353,Eilat
726589551,Hila,,Tzur,1963-12-23,hila.tzur@walla.co.il,050-6394829,Beer-Sheva
931182398,Motti,,Hoffman,1978-04-16,motti.hoffman@gmail.com,051-7275621,Nahariya
433296575,Tomers,,Lazar,1953-10-10,tomers.lazar@walla.co.il,059-6991311,Tel Aviv - Yafo
133997512,Sapir,Bat,Marciano,1940-01-30,sapir.marciano@walla.co.il,055-1000976,Haifa
932591129,Ofek,Sarah,Shani,1948-03-31,ofek.shani@teva.com,054-5453586,Rehovot
244326995,Nir,,Berger,1944-01-13,nir.berger@gmail.com,054-9581460,Ashdod
438351861,Osnat,Sarah,Yosef,1979-01-13,osnat.yosef@gmail.com,055-5033233,Eilat
436239674,Ofek,,Yadin,1988-03-01,ofek.yadin@gmail.com,058-5920643,Nahariya
754021888,Tali,,Harel,1941-01-14,tali.harel@gmail.com,056-6829211,Jerusalem
473852837,May,,Porat,1944-08-18,may.porat@gmail.com,052-3239261,Eilat
868256223,Ron,,Koren,2001-06-06,ron.koren@gmail.com,050-1740912,Beer-Sheva
167935987,Itai,,Katz,1954-01-21,itai.katz@walla.co.il,053-4522381,Rehovot
127332786,Ilan,,Lavi,1999-11-23,ilan.lavi@checkpoints.com,050-6276582,Tel Aviv - Yafo
907364434,Lihi,,Gur,1953-01-18,lihi.gur@teva.com,057-5516273,Tel Aviv - Yafo
494089414,Roni,,Navon,1948-03-18,roni.navon@gmail.com,055-5572662,Haifa
195575929,Yosef,,Ben-Gurion,2007-01-13,yosef.ben-gurion@teva.com,058-5939348,Beer-Sheva
651552538,Amit,,Lavi,1972-01-06,amit.lavi@gmail.com,054-1604657,Ashdod
819860269,Gal,,Peled,1989-07-31,gal.peled@checkpoints.com,055-2687384,Haifa
977403566,Lior,,Sarusi,1958-08-07,lior.sarusi@gmail.com,056-6254083,Herzeliya
731325277,Inbal,,Dotan,1965-01-28,inbal.dotan@walla.co.il,050-7865702,Nahariya
822435168,Osnat,,Turgeman,1969-07-06,osnat.turgeman2@gmail.com,058-3988031,Ashdod
556036800,Itai,Leah,Mizrachi,1988-04-26,itai.mizrachi@gmail.com,051-3306968,Tel Aviv - Yafo
769918366,May,,Sarusi,1955-12-06,may.sarusi@teva.com,056-2840092,Herzeliya
745212469,Leah,,Ronen,1951-08-02,leah.ronen@teva.com,056-4362793,Jerusalem
846240073,Eden,,Gabay,2000-11-26,eden.gabay@gmail.com,058-8944891,Eilat
856990537,Dorit,Bat,Azoulay,1987-07-28,dorit.azoulay@checkpoints.com,057-6466017,Haifa
278697157,Maya,,Katz,1968-11-11,maya.katz@gmail.com,057-2648950,Haifa
625781384,Asaf,,Shaham,1971-03-11,asaf.shaham@gmail.com,053-9554543,Ashdod
915466764,Avi,Sarah,Porat,1943-07-10,avi.porat@gmail.com,053-3888554,Haifa
890662888,Israel,,Arad,1992-04-16,israel.arad@gmail.com,054-5729924,Eilat
933554216,Roni,Michael,Shani,1955-12-13,roni.shani1@gmail.com,057-2869137,Tel Aviv - Yafo
465834248,Eli,Leah,Peled,1938-05-26,eli.peled@checkpoints.com,052-9576687,Petah-Tikva
938784631,Sigal,,Ben-David,1938-01-31,sigal.ben-david@gmail.com,053-9295063,Ashdod
966345017,Orly,,Azoulay,1988-07-12,orly.azoulay@gmail.com,055-9733477,Beer-Sheva
839680199,Dan,,Ben-Ari,1975-07-08,dan.ben-ari@gmail.com,056-3947506,Beer-Sheva
199228292,Lihi,Ben,fuchs,1971-02-12,lihi.fuchs@gmail.com,050-9626117,Haifa
977437857,Niv,,Altman,1956-12-11,niv.altman@gmail.com,051-5114426,Herzeliya
147059198,Orly,Michael,Yosef,1985-07-16,orly.yosef@hotmail.com,056-6473120,Tel Aviv - Yafo
665476662,Noa,,Bar-On,1955-04-16,noa.bar-on@gmail.com,055-5556286,Nahariya
398506301,Linoy,,Gal,1976-12-21,linoy.gal@gmail.com,057-3461675,Tel Aviv - Yafo
487320266,Bar,, Dayan,1955-11-21,bar. dayan@gmail.com,054-7447059,Herzeliya
208331135,Noa,,Elbaz,1970-10-18,noa.elbaz@teva.com,055-9136793,Petah-Tikva
654922082,Chaim,,Marciano,1994-03-05,chaim.marciano@gmail.com,052-9583530,Eilat
673530092,Osnat,,Zilber,1980-01-02,osnat.zilber@checkpoints.com,050-4847644,Tel Aviv - Yafo
368437858,Sarah,,Katz,1958-06-19,sarah.katz@gmail.com,052-2282463,Jerusalem
330484604,Dan,,Shaham,1996-08-24,dan.shaham@teva.com,057-3046516,Herzeliya
276274101,Adi,,Olmert,2008-05-25,adi.olmert@teva.com,053-9842520,Jerusalem
983796340,Ben,,Avraham,2003-11-15,ben.avraham@checkpoints.com,056-4962913,Haifa
352051073,Dudi,,Harel,1952-04-13,dudi.harel@hotmail.com,057-8651209,Jerusalem
342787995,Dana,Ben,Shapira,1960-11-23,dana.shapira@gmail.com,058-4174076,Ashdod
492674106,Hila,,Nir,1938-01-28,hila.nir@checkpoints.com,052-7963515,Jerusalem
270850751,Michael,,Peles,1936-10-02,michael.peles@checkpoints.com,055-2679301,Tel Aviv - Yafo
697830538,Oren,,Goldberg,1957-12-10,oren.goldberg@teva.com,059-9655255,Beer-Sheva
666688189,Itai,,Yosef,1954-07-23,itai.yosef@hotmail.com,054-4042447,Eilat
228961742,Nir,,Eshkol,1982-12-09,nir.eshkol@gmail.com,050-7907822,Petah-Tikva
900160531,Sigal,,Melamed,1980-11-02,sigal.melamed@gmail.com,053-5761242,Nahariya
827128013,Shani,Sarah,Ben-Gurion,1968-08-17,shani.ben-gurion2@gmail.com,050-5536369,Tel Aviv - Yafo
830883872,Linoy,,Olmert,1998-07-10,linoy.olmert@walla.co.il,053-4716994,Haifa
415025311,Ronit,Sarah, Dayan,1949-09-28,ronit. dayan@checkpoints.com,057-3863988,Petah-Tikva
373258950,Ben,,Arad,1957-02-21,ben.arad@teva.com,050-9152715,Beer-Sheva
245346619,Daniel,,Segal,1952-12-17,daniel.segal@checkpoints.com,058-8242292,Nahariya
183870718,Israel,,Klein,1998-07-13,israel.klein@hotmail.com,058-4005807,Ashdod
921666166,Eitan,,Vaknin,1952-08-06,eitan.vaknin@gmail.com,052-1626073,Ashdod
512210636,Yaron,,Sela,2001-08-13,yaron.sela@gmail.com,052-4531666,Beer-Sheva
196662687,Roni,,Ramon,1963-01-27,roni.ramon@hotmail.com,055-2790819,Rehovot
418641869,Yosef,Yosef,Sharon,1973-07-23,yosef.sharon1@gmail.com,051-3121579,Jerusalem
204479615,Lihi,,Grosman,1966-03-31,lihi.grosman@gmail.com,051-1411101,Tel Aviv - Yafo
435281485,Sarah,,Sela,1965-12-09,sarah.sela@teva.com,053-5532049,Ashdod
389355388,Inbal,Yosef,Arad,1988-03-06,inbal.arad@checkpoints.com,050-3958787,Beer-Sheva
306158866,Bar,,Ronen,1965-12-15,bar.ronen@gmail.com,055-2899381,Beer-Sheva
249621995,Dudi,,Tzur,2005-09-22,dudi.tzur@teva.com,053-2450092,Tel Aviv - Yafo
126445724,Inbal,,Biton,1967-10-09,inbal.biton1@teva.com,054-3926160,Herzeliya
911148412,Shir,,Bareket,1974-10-18,shir.bareket@gmail.com,051-8256092,Nahariya
199044554,Yael,,Deutsch,1955-02-20,yael.deutsch@checkpoints.com,050-4461182,Rehovot
374488721,Mor,,Lazar,1974-01-31,mor.lazar@teva.com,052-3807896,Rehovot
849427022,Ben,Michael,Altman,1950-10-03,ben.altman@walla.co.il,059-1199105,Petah-Tikva
964090122,Hila,,Sharon,1993-08-18,hila.sharon@checkpoints.com,052-5936618,Haifa
843119581,Yaakov,,Feldman,1970-03-31,yaakov.feldman@gmail.com,052-7144166,Petah-Tikva
748849716,Rotem,Michael,Dotan,1987-12-14,rotem.dotan@walla.co.il,051-7680009,Tel Aviv - Yafo
198703163,Noam,,Netanyahu,1942-12-13,noam.netanyahu@teva.com,055-5696936,Haifa
786469559,Stav,,Ben-Ari,2003-01-29,stav.ben-ari@teva.com,058-7977519,Eilat
666186334,Sapir,,Peres,1976-12-05,sapir.peres@hotmail.com,053-8166533,Petah-Tikva
444334575,Leah,,Gur,1975-01-24,leah.gur@checkpoints.com,059-8532148,Nahariya
706829996,Noga,,Olmert,1985-03-19,noga.olmert@gmail.com,055-5906470,Haifa
885139077,Noga,,Elbaz,1960-12-19,noga.elbaz@gmail.com,057-6479715,Rehovot
653118129,Rivka,,Sela,1948-04-03,rivka.sela@hotmail.com,055-2035670,Ashdod
661026403,Ronit,,Spector,1965-05-12,ronit.spector@gmail.com,055-4901860,Tel Aviv - Yafo
915369215,Eyal,,David,2008-01-09,eyal.david@hotmail.com,056-8366538,Eilat
216294643,Ori,,Harel,1947-08-03,ori.harel@checkpoints.com,052-5754721,Rehovot
881884980,Eli,,Deutsch,1951-01-22,eli.deutsch@walla.co.il,053-6337974,Beer-Sheva
966507723,Bar,,Vaknin,1998-10-24,bar.vaknin@hotmail.com,057-3646009,Nahariya
992567110,Limor,Ben,Asulin,1989-07-29,limor.asulin@walla.co.il,057-6504730,Eilat
930181347,Eden,,Peles,1984-08-27,eden.peles@gmail.com,051-2533327,Ashdod
183336255,Alon,,Biton,1945-02-11,alon.biton@walla.co.il,050-8715924,Beer-Sheva
668038349,Leah,,Hoffman,1955-07-05,leah.hoffman@gmail.com,058-8805780,Ashdod
958656840,Sivan,, Dayan,1951-05-22,sivan. dayan@gmail.com,056-3402309,Ashdod
544292840,Israel,Yosef,Katz,1951-05-13,israel.katz@hotmail.com,057-8896174,Petah-Tikva
155337181,Avraham,,Gal,2003-08-06,avraham.gal@gmail.com,058-4614022,Haifa
684307373,Moshe,Sarah,Berger,1978-02-22,moshe.berger@checkpoints.com,053-8612952,Tel Aviv - Yafo
106950543,Nir,,Friedman,1999-07-17,nir.friedman@gmail.com,052-3356657,Haifa
878357157,David,,Segal,1958-04-30,david.segal@checkpoints.com,053-1701917,Herzeliya
182307711,May,,Lavi,1942-09-09,may.lavi@walla.co.il,059-4287186,Petah-Tikva
879838251,Kobi,Yosef,Omer,1966-12-23,kobi.omer@walla.co.il,059-9693313,Ashdod
169553784,Yaakov,,Omer,1981-03-06,yaakov.omer1@gmail.com,051-8139475,Jerusalem
997589820,Idan,Bat,Shani,1975-12-26,idan.shani@gmail.com,059-7394370,Petah-Tikva
644246988,Tali,Yosef,Altman,1995-06-13,tali.altman1@gmail.com,051-9131614,Tel Aviv - Yafo
423649993,Dudi,,Altman,2005-04-20,dudi.altman@gmail.com,054-3628677,Beer-Sheva
455768024,Sivan,,Heller,1953-02-12,sivan.heller@checkpoints.com,055-1033113,Haifa
502437445,Idan,Yosef, Dayan,1952-01-27,idan. dayan@gmail.com,054-9442065,Ashdod
264962536,Avraham,Ben,Levine,1946-08-12,avraham.levine1@gmail.com,059-3185373,Tel Aviv - Yafo
352442947,Ori,,Lapid,1968-03-13,ori.lapid@walla.co.il,057-5698872,Petah-Tikva
309704138,Avi,,Friedman,1981-09-07,avi.friedman@hotmail.com,056-4865324,Tel Aviv - Yafo
950443551,Shir,,Harel,1950-02-25,shir.harel@gmail.com,059-2175582,Tel Aviv - Yafo
375971480,Sapir,Yosef,Harari,1981-10-25,sapir.harari@checkpoints.com,059-6496976,Petah-Tikva
991692616,Michal,,Gur,1984-10-14,michal.gur@teva.com,054-7828918,Herzeliya
469981777,Guy,,Turgeman,1963-07-01,guy.turgeman@teva.com,059-4555070,Haifa
940729147,Roni,,Golan,1939-09-05,roni.golan@walla.co.il,056-6375640,Petah-Tikva
927257963,Shira,,Lazar,1977-10-13,shira.lazar@teva.com,054-1983194,Jerusalem
883336873,David,Leah,Begin,1999-07-21,david.begin@checkpoints.com,054-4920511,Rehovot
316086012,Gadi,,Tamir,1989-03-28,gadi.tamir@gmail.com,053-6128081,Herzeliya
548002424,Eyal,,Shapira,1939-01-29,eyal.shapira@checkpoints.com,058-7969139,Herzeliya
100777473,David,,Stern,1951-07-08,david.stern@walla.co.il,056-2228512,Nahariya
108621091,Noam,,Aharon,1998-03-14,noam.aharon@gmail.com,055-9863866,Beer-Sheva
479736060,Rachel,,Ben-Ari,1959-04-19,rachel.ben-ari@gmail.com,051-7009422,Eilat
744398011,Rotem,,Gur,1975-06-02,rotem.gur@walla.co.il,059-3300272,Beer-Sheva
961655572,Dana,Sarah,Agbaria,1958-08-05,dana.agbaria@checkpoints.com,051-2042209,Tel Aviv - Yafo
791986451,Motti,,Sarusi,2007-03-06,motti.sarusi@gmail.com,052-8707958,Ashdod
341900285,Ariel,Yosef,Sharon,1978-05-26,ariel.sharon@walla.co.il,059-5850302,Haifa
694433029,Moshe,,Gur,1974-03-16,moshe.gur@checkpoints.com,053-3767589,Rehovot
846224936,Ronit,Bat,Yosef,2001-06-07,ronit.yosef@teva.com,050-8697275,Herzeliya
345546561,Dudi,,Arad,1965-11-07,dudi.arad@gmail.com,054-2824998,Petah-Tikva
243911648,Kobi,Yosef,Ben-David,1948-05-26,kobi.ben-david@checkpoints.com,054-7399903,Beer-Sheva
995209486,Agam,,Arad,2002-11-10,agam.arad@walla.co.il,057-6040946,Haifa
436056260,Avigail,,Avraham,1983-01-08,avigail.avraham@teva.com,057-5354774,Jerusalem
698767973,Motti,,Marciano,1978-05-21,motti.marciano@gmail.com,058-9125581,Haifa
683256466,Idan,,Zamir,1982-09-20,idan.zamir@gmail.com,055-5950912,Tel Aviv - Yafo
572645561,Shir,,Oz,1974-01-20,shir.oz@gmail.com,056-3964973,Jerusalem
354384984,Ilan,,Schwartz,1942-12-15,ilan.schwartz@checkpoints.com,050-1545747,Haifa
309735359,Dudi,,Weiss,1992-02-02,dudi.weiss@checkpoints.com,055-7716111,Jerusalem
587940961,Dan,,Livne,1999-01-25,dan.livne@gmail.com,055-3652782,Petah-Tikva
488856191,Zohar,,Begin,2005-09-01,zohar.begin@gmail.com,053-2593349,Beer-Sheva
167120276,Hadar,Bat,Goldberg,1948-09-09,hadar.goldberg@gmail.com,055-4290260,Rehovot
721850349,Avigail,,Aharon,1964-01-31,avigail.aharon@hotmail.com,057-2173006,Ashdod
818383973,Eyal,,Nir,2003-06-22,eyal.nir@gmail.com,054-3920992,Herzeliya
313789675,Iris,,Lapid,1997-05-07,iris.lapid@walla.co.il,051-3587171,Tel Aviv - Yafo
791616110,Dudi,Sarah,Ben-Ari,1970-10-16,dudi.ben-ari@teva.com,058-8979998,Eilat
414884826,Adam,,Livne,1965-05-06,adam.livne@gmail.com,051-6276284,Jerusalem
526293897,Limor,,Guttman,2004-04-21,limor.guttman@teva.com,059-8375003,Herzeliya
138793921,Lihi,,Berger,1999-03-21,lihi.berger@teva.com,052-6263501,Rehovot
714027734,Sarah,Ben,Liberman,2000-09-18,sarah.liberman@gmail.com,056-6330313,Petah-Tikva
234413120,Noam,Leah,Navon,1946-05-06,noam.navon@teva.com,050-5119286,Rehovot
368245424,Tomers,, Dayan,1942-03-04,tomers. dayan@gmail.com,058-6458259,Haifa
958461655,Eli,,Bar-On,2001-06-27,eli.bar-on@teva.com,054-9575988,Petah-Tikva
831878667,Michal,,Gabay,1990-09-11,michal.gabay@gmail.com,050-8788079,Petah-Tikva
551088159,Kim,,Goldberg,1963-07-20,kim.goldberg@gmail.com,051-7733959,Jerusalem
315435464,Coral,,Golan,1988-08-23,coral.golan@checkpoints.com,053-8273791,Jerusalem
509945850,Gal,Yosef,Lazar,1956-11-23,gal.lazar@teva.com,055-1323477,Eilat
487649426,Sapir,,Klein,2004-04-17,sapir.klein@walla.co.il,058-7874579,Herzeliya
373418154,Nir,,Gabay,1950-05-09,nir.gabay@teva.com,054-2075610,Haifa
822078580,Tamar,,Levi,1985-03-17,tamar.levi@gmail.com,059-8314054,Eilat
945651785,Noga,Ben,Altman,2002-07-02,noga.altman@hotmail.com,052-1129687,Eilat
624275405,Ori,,Altman,1960-11-17,ori.altman@hotmail.com,051-4615893,Nahariya
213585496,Avi,,Dotan,1954-05-09,avi.dotan@gmail.com,051-7934281,Herzeliya
599672774,Linoy,,Feldman,1941-09-29,linoy.feldman@gmail.com,051-9580143,Tel Aviv - Yafo
442960418,Kim,Bat,Hadad,1981-01-23,kim.hadad@hotmail.com,051-6600089,Haifa
836720518,Oren,,Ben-Ari,1962-09-30,oren.ben-ari@gmail.com,056-8322991,Herzeliya
952152492,Kim,,Katz,1964-08-22,kim.katz@gmail.com,051-4459915,Beer-Sheva
558193553,Amit,,Goldberg,1986-05-16,amit.goldberg@walla.co.il,056-7205796,Beer-Sheva
199673051,Oren,,Hadad,1940-12-08,oren.hadad@walla.co.il,055-2849696,Rehovot
674456594,Michael,,Rabin,1991-01-07,michael.rabin@gmail.com,051-4930456,Herzeliya
125224761,Alon,,Stern,2007-06-04,alon.stern@teva.com,057-6220480,Nahariya
546481207,Orly,,Arad,1968-07-14,orly.arad@gmail.com,054-8178874,Herzeliya
223373322,Eyal,,Shaham,1958-07-01,eyal.shaham@teva.com,052-2773892,Haifa
625712881,Ron,,Vaknin,1938-08-24,ron.vaknin@gmail.com,050-4656408,Beer-Sheva
465546391,Chaim,,Liberman,1948-11-04,chaim.liberman@walla.co.il,055-1904067,Eilat
856584094,Limor,,Kraus,1971-01-08,limor.kraus@hotmail.com,059-8194576,Jerusalem
685740287,Dan,,Gabay,1964-05-25,dan.gabay@gmail.com,053-6166095,Beer-Sheva
277533596,Roni,,Peres,1936-08-12,roni.peres@hotmail.com,053-5422836,Beer-Sheva
493724426,Dor,,Olmert,1944-07-24,dor.olmert@checkpoints.com,050-8063144,Ashdod
778361314,Israel,,Eitan,1987-08-15,israel.eitan@gmail.com,056-8392042,Ashdod
135939864,Linoy,,Nir,1990-04-28,linoy.nir@hotmail.com,057-3046881,Beer-Sheva
658100928,Amit,Ben,Eshkol,1988-12-27,amit.eshkol@teva.com,054-1590109,Nahariya
648834559,Amit,,Kramer,1998-05-13,amit.kramer@walla.co.il,053-3268441,Tel Aviv - Yafo
326736852,Daniel,Yosef,Livne,1973-02-18,daniel.livne1@gmail.com,056-7033731,Beer-Sheva
645687687,Nir,,Ben-Gurion,1952-09-18,nir.ben-gurion@walla.co.il,058-9589795,Petah-Tikva
475440566,Asaf,,Yadin,1964-06-06,asaf.yadin@hotmail.com,055-8805479,Nahariya
612271063,Daniel,,Yosef,1954-10-24,daniel.yosef@gmail.com,057-5927612,Rehovot
171979774,Ronit,Yosef,Ben-Ari,1955-09-13,ronit.ben-ari@teva.com,052-4779941,Nahariya
962250574,Hila,,Yosef,1950-04-13,hila.yosef@checkpoints.com,053-3229635,Ashdod
820061720,Oren,,Zilber,1970-05-07,oren.zilber@hotmail.com,059-9810622,Petah-Tikva
256874263,Yosef,,Mizrachi,1973-12-20,yosef.mizrachi@checkpoints.com,055-2014527,Jerusalem
153363733,Adi,,Grosman,1999-11-12,adi.grosman@gmail.com,052-1659962,Ashdod
537017401,Dana,,Yosef,1988-07-13,dana.yosef@gmail.com,055-3982678,Nahariya
403045085,Dudi,,Deutsch,2003-10-10,dudi.deutsch@gmail.com,059-8005851,Beer-Sheva
132508503,Lior,,Gabay,1951-10-12,lior.gabay@teva.com,059-3761308,Nahariya
613091225,Israel,,Elbaz,1990-01-19,israel.elbaz@hotmail.com,056-8452783,Rehovot
175011403,Omer,,Tal,1968-04-13,omer.tal@walla.co.il,057-7320815,Haifa
777554214,Michal,,Green,1983-05-07,michal.green@teva.com,053-3021533,Herzeliya
865817353,Inbal,,Saban,2002-07-30,inbal.saban@gmail.com,050-1534958,Eilat
434806124,Israel,Bat,Lapid,1983-06-11,israel.lapid@gmail.com,057-1537079,Jerusalem
534278313,Sapir,,Turgeman,1986-09-04,sapir.turgeman@checkpoints.com,057-5164944,Jerusalem
183348400,Roy,,Elbaz,1995-02-27,roy.elbaz@gmail.com,051-5904907,Ashdod
915661021,Ben,,Frank,1949-05-20,ben.frank@checkpoints.com,054-3367427,Nahariya
290756002,Noam,,Biton,1964-02-15,noam.biton1@gmail.com,057-5489019,Eilat
923509092,Ariel,,Katz,2000-09-26,ariel.katz@walla.co.il,055-1331949,Ashdod
834285232,Ilan,,Kraus,1988-05-10,ilan.kraus@gmail.com,054-2012797,Petah-Tikva
284361411,Ben,,Azoulay,1965-02-02,ben.azoulay@gmail.com,056-6308545,Eilat
274922063,Noga,,Barkat,1975-02-27,noga.barkat@teva.com,057-8759291,Beer-Sheva
717640065,Kobi,,Geva,1946-04-06,kobi.geva@teva.com,059-2449367,Ashdod
814959333,Coral,,Shaham,2008-05-27,coral.shaham@gmail.com,052-8357716,Nahariya
680373903,Dor,,Lavi,1981-04-04,dor.lavi@hotmail.com,058-9163214,Petah-Tikva
746628295,Shir,,Ronen,2007-11-04,shir.ronen@gmail.com,059-3369276,Haifa
494115973,Dana,,Rabin,1960-11-13,dana.rabin@gmail.com,054-6497547,Ashdod
330171267,Avraham,Leah,Sela,1970-12-25,avraham.sela@gmail.com,053-1303089,Eilat
219856028,Ofek,,Hadad,1977-06-28,ofek.hadad@walla.co.il,055-1319754,Petah-Tikva
428467214,Coral,,Eitan,1975-01-11,coral.eitan@teva.com,050-5718515,Herzeliya
497142943,Linoy,,Porat,1987-09-07,linoy.porat@gmail.com,054-3528191,Rehovot
664377945,Noga,,Ben-Gurion,1940-07-16,noga.ben-gurion@walla.co.il,054-2899276,Ashdod
803561408,Kobi,,Eitan,1973-08-15,kobi.eitan@hotmail.com,057-5103905,Jerusalem
911591659,Avi,,Netanyahu,1963-03-09,avi.netanyahu@gmail.com,053-9841295,Ashdod
873006137,Mor,Yosef,Dotan,1977-04-05,mor.dotan1@gmail.com,052-5185490,Herzeliya
863258900,Tali,,Ben-Ari,1959-10-13,tali.ben-ari@walla.co.il,053-7038273,Haifa
222413236,Motti,,Harel,1974-09-20,motti.harel1@hotmail.com,054-7775901,Tel Aviv - Yafo
476742590,Shalom,,Lavi,1994-09-20,shalom.lavi@teva.com,052-7850567,Rehovot
582672062,Yuval,,Guttman,1968-09-03,yuval.guttman@checkpoints.com,058-7934202,Ashdod
617705171,Shlomo,,Dotan,1953-11-30,shlomo.dotan@gmail.com,055-8345865,Petah-Tikva
344462738,Niv,,Biton,1946-06-09,niv.biton@walla.co.il,054-1719796,Rehovot
159412562,Shir,,Eitan,1983-06-12,shir.eitan@hotmail.com,057-9356693,Jerusalem
393930077,Roni,Sarah,Harel,1971-11-08,roni.harel@checkpoints.com,056-2359994,Jerusalem
251645704,Motti,Bat,Elbaz,1975-11-06,motti.elbaz@walla.co.il,052-5436041,Ashdod
532670429,Roy,,Gal,1965-11-05,roy.gal@checkpoints.com,052-7656175,Eilat
446605766,Yitzhak,,Levi,1958-12-11,yitzhak.levi@teva.com,054-4802075,Eilat
931912895,Moshe,,Peretz,1955-09-17,moshe.peretz@hotmail.com,056-8276107,Nahariya
169574193,Tamar,Sarah,Ben-Ari,1940-10-01,tamar.ben-ari@walla.co.il,053-6783787,Nahariya
408267323,Michal,,Eitan,1982-03-09,michal.eitan@hotmail.com,059-7572496,Beer-Sheva
868600893,Shalom,,Shaham,1957-01-18,shalom.shaham@hotmail.com,057-8659211,Haifa
260523164,Eitan,,Klein,1980-12-12,eitan.klein@checkpoints.com,056-2418908,Herzeliya
359801423,Sarah,Yosef,Biton,2007-07-15,sarah.biton@gmail.com,057-7095481,Tel Aviv - Yafo
611373761,Dor,,Ben-Ari,1946-05-16,dor.ben-ari@walla.co.il,059-5080844,Eilat
842900201,Yitzhak,Michael,Melamed,1986-12-22,yitzhak.melamed@checkpoints.com,058-7330702,Nahariya
140245250,Nir,,Schwartz,2003-08-18,nir.schwartz@gmail.com,056-2356903,Herzeliya
335196394,Motti,,Tzur,1995-08-24,motti.tzur@checkpoints.com,054-5297274,Herzeliya
482168297,Mor,,Schwartz,1992-04-01,mor.schwartz@gmail.com,051-6095361,Eilat
760387763,Avigail,,Vaknin,1991-07-13,avigail.vaknin@hotmail.com,059-7268303,Beer-Sheva
580199232,Yuval,,Ramon,1989-10-26,yuval.ramon@gmail.com,053-2327687,Herzeliya
496567876,Shir,Yosef,Agbaria,1989-10-24,shir.agbaria@walla.co.il,051-2068749,Haifa
639544892,Ronit,,Omer,1991-06-03,ronit.omer@gmail.com,056-4845369,Eilat
913585751,Motti,,Ramon,1963-03-14,motti.ramon@hotmail.com,053-1124908,Haifa
693237377,Noa,,Friedman,2001-10-30,noa.friedman@hotmail.com,055-1794146,Herzeliya
511591929,Israel,,Shani,1941-10-13,israel.shani@gmail.com,059-2609728,Haifa
800736641,Bar,,Avraham,1943-01-30,bar.avraham@hotmail.com,055-9863271,Nahariya
392422928,Moshe,,Gal,1959-10-06,moshe.gal@checkpoints.com,056-6925861,Petah-Tikva
592907269,Chaim,,Oz,1963-09-18,chaim.oz@teva.com,050-7253849,Petah-Tikva
341633466,David,Michael,Shamir,1973-04-27,david.shamir@gmail.com,059-6179678,Petah-Tikva
772319744,Erez,,David,1999-10-18,erez.david@gmail.com,053-6612499,Tel Aviv - Yafo
547803881,Erez,,Yadin,1974-10-15,erez.yadin@walla.co.il,050-7041144,Tel Aviv - Yafo
474636206,Eli,,Mizrachi,1976-03-02,eli.mizrachi@teva.com,055-8680070,Rehovot
328449788,Ron,,Geva,1986-03-24,ron.geva@hotmail.com,051-6173803,Ashdod
449617265,Adam,,Katz,1939-09-22,adam.katz@checkpoints.com,059-7502921,Tel Aviv - Yafo
736181043,Itai,Yosef,Peretz,1938-05-27,itai.peretz1@gmail.com,057-2195314,Petah-Tikva
280750395,Daniel,Leah,Yosef,1956-06-02,daniel.yosef1@gmail.com,052-8329211,Rehovot
217109788,Ofek,Sarah,Saban,1986-09-13,ofek.saban@gmail.com,054-7207481,Haifa
652948547,Hadar,,Sarusi,1975-11-04,hadar.sarusi@walla.co.il,055-7768120,Eilat
851137929,Coral,,Barkat,1979-02-21,coral.barkat@walla.co.il,055-1891486,Beer-Sheva
437123440,Tamar,,Ben-David,1946-10-14,tamar.ben-david@teva.com,055-8617806,Eilat
214391420,Rami,Yosef,Gur,1967-10-18,rami.gur@hotmail.com,054-2788903,Petah-Tikva
669624069,Oren,,Omer,1940-07-22,oren.omer@checkpoints.com,051-5948649,Petah-Tikva
559224194,Bar,,Azoulay,1949-07-08,bar.azoulay@hotmail.com,055-5236865,Beer-Sheva
524707465,Erez,,Lazar,1976-01-20,erez.lazar@gmail.com,055-6578942,Jerusalem
934594995,Orly,,Nir,1963-11-21,orly.nir@checkpoints.com,057-8139701,Rehovot
345493039,Maya,,Asulin,1936-12-25,maya.asulin@gmail.com,053-2716012,Rehovot
389242261,Eyal,,Aharon,1998-11-14,eyal.aharon@hotmail.com,056-2622256,Petah-Tikva
513312459,Eitan,,Tamir,1972-04-19,eitan.tamir@gmail.com,055-2003356,Herzeliya
907310805,Roy,Michael,Stern,2001-03-03,roy.stern@teva.com,053-2295746,Jerusalem
470986300,Mor,,Omer,1968-09-03,mor.omer@gmail.com,052-9139410,Eilat
903316190,Idan,, Dayan,1941-07-01,idan. dayan1@gmail.com,057-7379766,Beer-Sheva
755143451,Sivan,,Hoffman,1993-04-08,sivan.hoffman@gmail.com,058-6723129,Eilat
973950103,Tamar,,Tzur,1989-03-15,tamar.tzur@teva.com,055-9314428,Petah-Tikva
969744273,Shalom,Bat,Altman,1942-01-28,shalom.altman@gmail.com,054-3505380,Herzeliya
233490073,Michael,Michael,Arad,1985-02-22,michael.arad@gmail.com,055-2307415,Nahariya
811382367,Yosef,Bat,Marciano,1962-06-07,yosef.marciano1@walla.co.il,053-6222352,Eilat
751587949,Itai,,Elbaz,1989-06-25,itai.elbaz@gmail.com,057-6864413,Haifa
202679243,Maya,,Spector,1998-09-27,maya.spector@walla.co.il,054-2285024,Herzeliya
608990885,Gil,,Ronen,1962-02-01,gil.ronen@gmail.com,050-2486967,Jerusalem
386828356,Shlomo,,Yadin,2002-05-12,shlomo.yadin@gmail.com,059-1096746,Ashdod
219481478,Yaron,,Deutsch,1999-05-16,yaron.deutsch@teva.com,054-6785075,Beer-Sheva
434608466,Motti,Sarah,Silberman,1946-07-31,motti.silberman1@teva.com,055-6484333,Eilat
931937902,Alon,,Lavi,1989-06-14,alon.lavi@walla.co.il,058-1608719,Ashdod
183628302,Oren,,Avraham,1986-11-21,oren.avraham@hotmail.com,058-2150638,Rehovot
353513211,Yosef,Leah,Tzur,2008-04-20,yosef.tzur1@gmail.com,055-3086704,Nahariya
760001183,Israel,Sarah,Bar-On,1965-07-10,israel.bar-on@gmail.com,053-1885155,Tel Aviv - Yafo
356795020,Sapir,,Grosman,1967-07-15,sapir.grosman@gmail.com,052-4468332,Ashdod
163619752,Leah,Leah,Liberman,1973-12-01,leah.liberman@gmail.com,055-1806532,Petah-Tikva
251232286,Tomers,,Kraus,1949-08-07,tomers.kraus1@gmail.com,054-4456625,Tel Aviv - Yafo
704875030,Stav,,Ronen,1975-06-01,stav.ronen@gmail.com,053-6816998,Nahariya
730722023,Mor,Ben,Marciano,1951-09-14,mor.marciano@walla.co.il,050-1427843,Nahariya
703083513,Eli,,Eshkol,1966-08-19,eli.eshkol1@gmail.com,050-6272335,Beer-Sheva
515271554,Shira,,Azoulay,1953-12-26,shira.azoulay1@hotmail.com,051-4357362,Rehovot
494264090,Dor,,Aharon,1951-01-13,dor.aharon@checkpoints.com,052-7051640,Petah-Tikva
987362872,Idan,Yosef,Lazar,1997-02-15,idan.lazar@hotmail.com,059-4072776,Haifa
303301518,Oren,,Sarusi,1967-01-15,oren.sarusi@hotmail.com,059-4147853,Eilat
793934769,Dudi,,Melamed,1981-07-25,dudi.melamed@gmail.com,058-3805553,Haifa
621988392,Michal,,Golan,1952-09-02,michal.golan@walla.co.il,057-6962085,Rehovot
493223275,Adi,,David,1938-10-30,adi.david@checkpoints.com,058-6588986,Rehovot
162521521,Roy,,Katz,2001-07-06,roy.katz@gmail.com,052-2197665,Jerusalem
649032128,Niv,,Weiss,1938-12-17,niv.weiss@checkpoints.com,055-8618003,Petah-Tikva
314959780,Rami,Bat,Tal,1975-03-11,rami.tal@checkpoints.com,054-4609285,Tel Aviv - Yafo
769217224,Alon,,Schwartz,1940-10-01,alon.schwartz@gmail.com,052-2074843,Herzeliya
407657534,Neta,,Kraus,2006-08-17,neta.kraus@checkpoints.com,056-9935077,Nahariya
787538765,Ilan,,Ben-Gurion,1994-12-06,ilan.ben-gurion@teva.com,054-8888904,Beer-Sheva
484332949,Ron,,Lapid,1999-01-29,ron.lapid@gmail.com,058-1778871,Beer-Sheva
973096310,Dor,,Gal,1996-04-18,dor.gal@gmail.com,052-6957414,Petah-Tikva
206001557,Leah,,Hadad,1971-10-25,leah.hadad@checkpoints.com,053-3232359,Rehovot
898670870,Kim,Michael,Hadad,1979-11-16,kim.hadad@gmail.com,057-2785145,Herzeliya
996293837,Eli,,Zilber,1969-01-02,eli.zilber@walla.co.il,058-9389302,Tel Aviv - Yafo
922253003,Daniel,Michael,Bareket,1940-03-18,daniel.bareket@hotmail.com,051-4490569,Haifa
553888985,Shahar,,Elbaz,1992-11-04,shahar.elbaz@teva.com,056-4190589,Herzeliya
143618501,Roy,,Ronen,1942-06-30,roy.ronen@hotmail.com,053-2452140,Tel Aviv - Yafo
207585426,Hila,,Marciano,1996-03-08,hila.marciano@walla.co.il,058-8873496,Rehovot
115615448,Eli,,Ben-Ari,1960-08-14,eli.ben-ari@walla.co.il,058-2313659,Nahariya
520885574,Ilan,,Geva,1989-01-13,ilan.geva@teva.com,058-2815886,Nahariya
793722391,Itai,,Yadin,1958-02-12,itai.yadin@checkpoints.com,057-5578043,Rehovot
226389963,Idan,,Eitan,2001-01-16,idan.eitan@hotmail.com,050-1605940,Haifa
410389529,Michael,,Feldman,1964-03-05,michael.feldman@checkpoints.com,055-9719325,Rehovot
317647696,Tomers,Sarah,Frank,1938-12-27,tomers.frank@checkpoints.com,059-7741632,Rehovot
566522837,Asaf,,Spector,1960-09-17,asaf.spector@gmail.com,058-5506068,Jerusalem
174729739,Michael,,Altman,2002-07-09,michael.altman@gmail.com,056-6948048,Beer-Sheva
888190233,Inbal,,Nir,1941-05-02,inbal.nir@gmail.com,051-1305441,Herzeliya
479746605,Hadar,Ben,Harari,1990-02-24,hadar.harari@teva.com,050-3414221,Ashdod
454910279,Yaron,Leah,Kraus,1959-07-27,yaron.kraus1@hotmail.com,055-7426414,Nahariya
272987044,Alon,,Yosef,1983-09-22,alon.yosef@checkpoints.com,055-3802938,Beer-Sheva
790090041,May,,Cohen,1962-08-01,may.cohen@gmail.com,058-1746750,Petah-Tikva
151272436,Sigal,,Geva,1943-11-21,sigal.geva@teva.com,059-2936672,Herzeliya
233283480,Yael,Ben,Peres,1976-05-23,yael.peres@checkpoints.com,050-6849505,Tel Aviv - Yafo
335336767,Dor,Bat,Turgeman,1993-02-14,dor.turgeman@checkpoints.com,056-6086984,Ashdod
335375108,Sivan,,Geva,1992-07-15,sivan.geva@gmail.com,055-4554788,Nahariya
396832391,Ariel,,Deutsch,1957-04-15,ariel.deutsch@teva.com,056-9857069,Herzeliya
906883257,Tali,,Zamir,1969-09-24,tali.zamir@hotmail.com,052-1321465,Nahariya
277664459,Adam,,Aharon,1939-07-11,adam.aharon@walla.co.il,056-3062417,Petah-Tikva
752814077,May,,Heller,2007-02-28,may.heller@hotmail.com,056-5141242,Herzeliya
209001712,Dorit,,Melamed,2001-10-27,dorit.melamed@walla.co.il,055-4577317,Jerusalem
225947967,Hadar,,Friedman,1977-02-08,hadar.friedman@gmail.com,053-9369442,Nahariya
431120360,Ronit,,Eitan,1965-08-06,ronit.eitan@gmail.com,058-8730250,Haifa
107939501,Guy,,Zamir,1974-03-11,guy.zamir@hotmail.com,056-5556820,Ashdod
919795082,Rivka,,Agbaria,1987-05-16,rivka.agbaria@gmail.com,051-6985812,Beer-Sheva
412115080,Lior,,Sharon,1981-07-08,lior.sharon@gmail.com,052-7916451,Rehovot
312061369,Michael,,Deutsch,1989-06-28,michael.deutsch@gmail.com,059-1492476,Jerusalem
789375581,Sigal,,Aharon,1997-12-28,sigal.aharon@gmail.com,051-6969048,Rehovot
861806835,Neta,,Spector,1989-12-12,neta.spector@walla.co.il,054-8024853,Jerusalem
786026698,Ariel,Michael,Barkat,1946-11-27,ariel.barkat@gmail.com,054-9581790,Herzeliya
918457760,Avi,,Ramon,1985-08-06,avi.ramon@hotmail.com,056-6960712,Ashdod
589707636,Adi,,Tamir,1950-12-31,adi.tamir1@gmail.com,055-3957557,Beer-Sheva
818360918,Roni,Leah,Harari,1973-10-06,roni.harari1@gmail.com,050-8268177,Petah-Tikva
944630845,Linoy,Michael,Porat,2004-11-11,linoy.porat1@gmail.com,054-5383713,Ashdod
640131363,Roy,,Levi,1967-12-07,roy.levi@gmail.com,050-2796023,Rehovot
371326118,Ori,,Mizrachi,1997-04-14,ori.mizrachi@walla.co.il,059-7658307,Jerusalem
981685012,Bar,,Elbaz,1994-10-29,bar.elbaz@teva.com,051-4145684,Rehovot
317646590,Lihi,,Shaham,1950-05-30,lihi.shaham@checkpoints.com,057-8272916,Ashdod
299630230,Lihi,,Gal,1944-11-26,lihi.gal@gmail.com,050-2493111,Jerusalem
513183821,Shlomo,,Marciano,1983-02-18,shlomo.marciano@hotmail.com,051-6902803,Beer-Sheva
430922063,Linoy,,Blau,1997-06-25,linoy.blau@walla.co.il,050-4504118,Eilat
261312583,Erez,,Peretz,1962-04-17,erez.peretz@gmail.com,052-9417605,Ashdod
707318831,Neta,Michael,Berger,1953-05-11,neta.berger1@gmail.com,059-4187501,Haifa
149363133,Gadi,,Arad,2004-08-25,gadi.arad@walla.co.il,059-1250527,Jerusalem
158890986,Shir,,Netanyahu,1942-07-06,shir.netanyahu@teva.com,057-2194397,Beer-Sheva
126324418,Sigal,,Grosman,1961-02-24,sigal.grosman@teva.com,055-6545823,Beer-Sheva
311528862,Yaakov,,Liberman,1942-07-04,yaakov.liberman@hotmail.com,052-4734407,Jerusalem
718845404,Lior,,Oz,2002-06-20,lior.oz@gmail.com,051-5044901,Nahariya
953981076,Rachel,,Lavi,1967-06-21,rachel.lavi@hotmail.com,052-8365271,Eilat
602274261,Lihi,,Guttman,1994-07-03,lihi.guttman@gmail.com,056-1129001,Eilat
646506755,Neta,,Schwartz,1990-10-10,neta.schwartz@gmail.com,056-3604239,Tel Aviv - Yafo
826113527,Rami,,Gur,1957-10-02,rami.gur1@hotmail.com,051-9484886,Ashdod
251638528,Israel,,Golan,1962-06-05,israel.golan@gmail.com,051-4497818,Tel Aviv - Yafo
794581649,Niv,Michael,Sela,2000-12-24,niv.sela@hotmail.com,058-2949351,Beer-Sheva
367558878,Alon,,Mizrachi,2008-06-01,alon.mizrachi@walla.co.il,054-6700339,Tel Aviv - Yafo
403103561,Noa,,Eitan,1993-03-17,noa.eitan@walla.co.il,051-3786557,Nahariya
699630331,Sigal,Sarah,Cohen,1983-04-30,sigal.cohen@teva.com,054-2870247,Rehovot
192845979,Iris,,Berger,1947-03-08,iris.berger@walla.co.il,052-5580308,Tel Aviv - Yafo
657943512,Linoy,,Peles,1998-03-31,linoy.peles@teva.com,056-4903114,Haifa
813749470,Shira,Yosef,Malka,1971-09-01,shira.malka@gmail.com,052-7952409,Herzeliya
475726659,Daniel,,Spector,1964-04-19,daniel.spector@hotmail.com,051-2990120,Rehovot
214234932,Alon,,Segal,1952-12-06,alon.segal@gmail.com,051-1987290,Haifa
993405818,Roni,Michael,Koren,1961-10-03,roni.koren@checkpoints.com,055-3026291,Beer-Sheva
691538976,Dana,Ben,Peles,2003-10-06,dana.peles@gmail.com,054-7442142,Tel Aviv - Yafo
241351166,Alon,,Netanyahu,1986-02-08,alon.netanyahu1@gmail.com,059-7664093,Eilat
390643790,Israel,Bat,Dotan,1946-05-04,israel.dotan2@gmail.com,055-8194052,Jerusalem
510756494,Erez,Ben,Avraham,1972-11-29,erez.avraham@hotmail.com,059-4021121,Ashdod
593789559,Michael,Sarah,Lavi,1990-09-14,michael.lavi@checkpoints.com,058-4851171,Petah-Tikva
473753781,Michael,,Levi,1940-02-04,michael.levi@teva.com,054-8957785,Jerusalem
101798027,Tali,Sarah,Shani,1993-10-07,tali.shani@gmail.com,053-2908182,Beer-Sheva
431930049,Neta,,Ramon,1952-04-20,neta.ramon@hotmail.com,054-3460948,Herzeliya
704110768,Bar,,Ben-David,1941-03-10,bar.ben-david@gmail.com,050-2534061,Nahariya
584893569,Dor,,Peles,1953-11-22,dor.peles@gmail.com,053-5643235,Herzeliya
107765411,Shalom,Michael,Sarusi,2000-07-10,shalom.sarusi@teva.com,051-4323699,Tel Aviv - Yafo
518965117,Shlomo,Leah,Kramer,1998-12-31,shlomo.kramer@walla.co.il,056-5490136,Rehovot
245476253,Ronit,,Peretz,1961-09-07,ronit.peretz@walla.co.il,052-9907542,Petah-Tikva
673972382,Lihi,,Geva,1996-01-01,lihi.geva@gmail.com,054-5268314,Petah-Tikva
159863835,Michal,,Deutsch,1980-10-20,michal.deutsch@walla.co.il,057-3871078,Beer-Sheva
310485561,Sigal,,Green,1945-02-02,sigal.green@hotmail.com,051-7847889,Tel Aviv - Yafo
130684869,Chaim,,Guttman,1973-07-06,chaim.guttman@walla.co.il,058-7306548,Jerusalem
978052424,Hadar,Sarah,Grosman,1937-04-27,hadar.grosman1@gmail.com,058-4614847,Herzeliya
651470924,Rivka,,Shamir,1941-03-09,rivka.shamir@teva.com,050-6112444,Ashdod
472009020,Lihi,,Tal,1947-06-23,lihi.tal@walla.co.il,055-7627695,Rehovot
550534829,Shani,,Yosef,1939-03-07,shani.yosef@checkpoints.com,051-2394897,Beer-Sheva
250697768,Yitzhak,Sarah,Harari,1946-09-28,yitzhak.harari@teva.com,050-6663942,Eilat
711687491,Gal,,Shaham,1991-11-13,gal.shaham@checkpoints.com,056-4060513,Herzeliya
552077336,Daniel,Leah,Goldberg,1987-03-19,daniel.goldberg@gmail.com,055-9611152,Petah-Tikva
305275983,Coral,,Levi,1990-03-21,coral.levi@gmail.com,052-3701992,Nahariya
747376528,Osnat,,Harari,1989-01-27,osnat.harari@gmail.com,051-1056132,Beer-Sheva
684258420,Ilan,Ben,Barkat,1983-05-13,ilan.barkat@gmail.com,050-5148635,Ashdod
973207447,Dor,,Goldberg,1942-07-24,dor.goldberg@teva.com,059-1266694,Beer-Sheva
426459174,Yaakov,,Schwartz,1942-07-10,yaakov.schwartz@gmail.com,052-6904666,Ashdod
755610509,Shalom,,Klein,1967-03-07,shalom.klein@teva.com,059-1116384,Petah-Tikva
219635951,Oren,,Olmert,1961-09-24,oren.olmert@walla.co.il,054-9902508,Eilat
545238549,Daniel,,Hoffman,1973-08-25,daniel.hoffman@walla.co.il,057-2115198,Ashdod
541359745,Sapir,,Nir,1981-09-11,sapir.nir@teva.com,052-7454700,Nahariya
206589467,Hila,,Gabay,1951-10-15,hila.gabay@hotmail.com,057-2475212,Petah-Tikva
993803799,Eitan,,Guttman,1966-02-28,eitan.guttman@gmail.com,055-1640427,Eilat
963974191,Ron,,Schwartz,2004-11-10,ron.schwartz@gmail.com,056-3735306,Petah-Tikva
957431372,Kim,,Begin,1960-09-23,kim.begin@teva.com,056-8413916,Eilat
735355690,Sapir,,Deutsch,1999-06-08,sapir.deutsch@gmail.com,059-2894109,Nahariya
315716339,Zohar,Michael,Heller,1944-05-12,zohar.heller@gmail.com,054-3822593,Tel Aviv - Yafo
975696731,Limor,,Dotan,1989-07-13,limor.dotan@hotmail.com,052-2260988,Petah-Tikva
117878505,Shira,,Altman,1965-12-10,shira.altman@hotmail.com,056-4288660,Herzeliya
112358334,Sarah,,Aharon,1981-11-30,sarah.aharon@gmail.com,056-9388789,Petah-Tikva
962734273,Rachel,,Olmert,2002-11-23,rachel.olmert@teva.com,050-6400239,Petah-Tikva
161458988,Ron,,Ramon,1957-02-19,ron.ramon@hotmail.com,051-9404704,Petah-Tikva
526055591,Rotem,Ben,Kraus,1955-01-01,rotem.kraus1@hotmail.com,055-2981427,Beer-Sheva
907834058,Yaakov,,Barkat,1977-01-13,yaakov.barkat@walla.co.il,052-6343769,Ashdod
844230291,Erez,Leah,Grosman,1952-05-21,erez.grosman@hotmail.com,050-3390594,Eilat
733866207,Sivan,,Schwartz,2006-05-20,sivan.schwartz@checkpoints.com,050-5308598,Petah-Tikva
394400849,Shlomo,,Goldberg,1939-08-05,shlomo.goldberg@walla.co.il,053-1692278,Herzeliya
565794168,Adam,Ben,Zamir,1968-01-27,adam.zamir1@gmail.com,058-4000996,Eilat
327754382,Ilan,Bat,Yarkoni,1967-04-24,ilan.yarkoni@gmail.com,051-4805538,Ashdod
861135719,Erez,,Yarkoni,1948-11-13,erez.yarkoni@walla.co.il,052-1080691,Jerusalem
752661265,Alon,Leah,Lapid,1966-10-09,alon.lapid@walla.co.il,055-8053877,Ashdod
516577139,Lior,,Rubin,1991-10-29,lior.rubin@gmail.com,051-5924748,Eilat
403781378,Adam,,Kraus,1958-02-26,adam.kraus@hotmail.com,058-1591611,Ashdod
573850444,Hila,,Frank,1982-11-23,hila.frank@walla.co.il,055-9886144,Herzeliya
826650913,Kim,,Guttman,1973-02-21,kim.guttman@checkpoints.com,054-7151982,Beer-Sheva
932932621,Sivan,,Sela,1996-03-11,sivan.sela@walla.co.il,059-5061364,Petah-Tikva
514377447,Shahar,Leah,Nir,1953-03-09,shahar.nir1@teva.com,058-7093603,Beer-Sheva
659818681,Dan,,Liberman,2000-10-10,dan.liberman@hotmail.com,057-9062173,Eilat
522308982,Sarah,,Sarusi,2002-06-09,sarah.sarusi@gmail.com,054-9026973,Ashdod
710448105,Dor,,Friedman,1948-08-29,dor.friedman@hotmail.com,058-9756614,Rehovot
884289417,Idan,,Levi,1945-06-22,idan.levi@gmail.com,055-8896453,Eilat
417858404,Yuval,Ben,Golan,1972-03-05,yuval.golan1@gmail.com,054-7827731,Herzeliya
441439857,Noga,,Omer,2000-10-29,noga.omer@gmail.com,051-5916957,Beer-Sheva
826555700,Gil,,Ben-Gurion,1952-02-20,gil.ben-gurion@hotmail.com,058-9124929,Nahariya
150355229,Shahar,,Peres,1969-12-10,shahar.peres@teva.com,058-8167376,Herzeliya
945936499,Ori,,Gur,1971-10-06,ori.gur@checkpoints.com,050-2719405,Ashdod
115114555,Noga,,Rabin,1987-04-12,noga.rabin@hotmail.com,056-8769751,Tel Aviv - Yafo
277123704,Amit,,Altman,1942-04-30,amit.altman@gmail.com,054-7473373,Herzeliya
889804182,Dudi,,Feldman,1958-03-08,dudi.feldman@walla.co.il,053-6321178,Beer-Sheva
507366396,Lior,,Eitan,1992-05-23,lior.eitan@gmail.com,057-3086053,Beer-Sheva
330116692,Sigal,,Katz,2003-03-01,sigal.katz@gmail.com,051-5664433,Nahariya
657100593,Israel,,Biton,1960-08-30,israel.biton@gmail.com,057-6285570,Herzeliya
486449720,Rotem,,Nir,1982-07-04,rotem.nir@teva.com,053-3511199,Eilat
293780100,Gil,Bat,Harel,1949-02-07,gil.harel@teva.com,051-5044063,Rehovot
519003055,Motti,,Begin,1952-07-31,motti.begin@hotmail.com,053-7011739,Nahariya
650792075,Ronit,,Levi,1973-07-17,ronit.levi@hotmail.com,058-9342479,Jerusalem
303537151,Stav,,Avraham,1985-04-05,stav.avraham@gmail.com,056-9811747,Petah-Tikva
879827700,David,Yosef,Harel,2006-01-05,david.harel@hotmail.com,054-8841184,Eilat
313069686,Israel,,Kraus,1970-05-06,israel.kraus@gmail.com,056-6563298,Eilat
671142164,Ilan,,Peled,1992-08-12,ilan.peled@gmail.com,054-6042052,Rehovot
834782675,Maya,,Grosman,2004-09-07,maya.grosman@hotmail.com,052-8692889,Petah-Tikva
147552880,Kobi,Ben,Navon,1995-09-07,kobi.navon@gmail.com,050-4047900,Beer-Sheva
466397551,Sigal,,Yosef,1950-08-18,sigal.yosef@teva.com,058-6938391,Beer-Sheva
325713870,Lihi,,Bar-On,1979-05-28,lihi.bar-on@gmail.com,051-7504632,Herzeliya
277350019,Gil,,Shaham,1960-04-26,gil.shaham@checkpoints.com,057-9357717,Ashdod
499205439,Shlomo,Ben,Ben-Ari,1990-01-31,shlomo.ben-ari@gmail.com,052-8229496,Tel Aviv - Yafo
598532084,Eyal,,Peres,1994-02-10,eyal.peres@walla.co.il,057-5304798,Eilat
432405660,Gal,,Gabay,1988-11-12,gal.gabay@gmail.com,050-4504116,Haifa
334365093,Gil,,Lavi,1976-10-10,gil.lavi@checkpoints.com,054-5071933,Ashdod
867994389,Mor,,Kramer,1941-07-08,mor.kramer@gmail.com,058-6752140,Eilat
898472901,Maya,,Olmert,1953-07-23,maya.olmert@walla.co.il,058-3491736,Haifa
830520492,Osnat,Michael,Katz,1963-07-20,osnat.katz@hotmail.com,059-9719101,Jerusalem
122505994,Ben,Ben,Lavi,1997-01-31,ben.lavi@checkpoints.com,055-8841136,Tel Aviv - Yafo
811869924,Bar,,fuchs,1967-07-06,bar.fuchs@walla.co.il,059-4128270,Petah-Tikva
218300512,Dana,,Sharon,1971-04-14,dana.sharon@checkpoints.com,058-9161512,Jerusalem
225752673,Iris,Bat,Dahan,1973-10-18,iris.dahan1@checkpoints.com,054-6323296,Nahariya
878684786,Gal,, Dayan,1983-06-08,gal. dayan@walla.co.il,058-5810257,Herzeliya
651419240,Niv,Ben,Eshkol,1936-09-25,niv.eshkol@hotmail.com,050-4227537,Herzeliya
695700364,Iris,,Goldberg,1965-10-22,iris.goldberg@gmail.com,056-4194454,Haifa
846309536,Ron,Bat,Goldberg,1964-06-29,ron.goldberg@teva.com,051-3593993,Rehovot
428238200,Amit,,Omer,1993-01-05,amit.omer@gmail.com,058-8362911,Haifa
654366956,Gadi,,Peretz,1969-07-14,gadi.peretz@walla.co.il,054-9281822,Tel Aviv - Yafo
506690078,Sigal,,Oz,1956-08-09,sigal.oz@teva.com,059-1044315,Beer-Sheva
386793822,Ofek,,Peres,1944-09-22,ofek.peres@gmail.com,055-7946564,Haifa
302836771,Motti,,Weiss,1993-02-01,motti.weiss@gmail.com,051-3025482,Eilat
606366369,Avraham,Ben,Nir,2004-12-08,avraham.nir@hotmail.com,052-3999453,Haifa
159119030,Hila,Bat,Eitan,2004-09-19,hila.eitan@hotmail.com,059-4943263,Nahariya
412959037,Gal,Yosef,Altman,1998-01-29,gal.altman@checkpoints.com,050-2546177,Petah-Tikva
206968984,Noga,,Ohayon,1991-05-11,noga.ohayon@hotmail.com,050-7579467,Rehovot
448102012,Shalom,,Rabin,1960-11-28,shalom.rabin@teva.com,058-7124799,Ashdod
869841446,Gal,Yosef,Lapid,1990-11-15,gal.lapid@gmail.com,056-1333819,Jerusalem
809782691,Gal,,Harel,1938-09-28,gal.harel@checkpoints.com,055-8235509,Petah-Tikva
509730954,Shahar,,Kraus,1972-12-15,shahar.kraus@checkpoints.com,054-7907767,Nahariya
228963315,Maya,,Segal,1981-03-03,maya.segal@gmail.com,050-1084676,Tel Aviv - Yafo
876890674,Limor,,Nir,1988-07-11,limor.nir@gmail.com,057-8172234,Haifa
789555341,Agam,,Klein,1989-10-10,agam.klein@teva.com,053-5505872,Herzeliya
605426235,Nir,,Green,1960-03-05,nir.green@walla.co.il,056-2317131,Tel Aviv - Yafo
849808611,Sigal,Michael,Avraham,1954-11-04,sigal.avraham@gmail.com,051-9886403,Rehovot
720513029,Daniel,Yosef,Asulin,1955-09-15,daniel.asulin1@teva.com,056-4779785,Beer-Sheva
443631358,Sivan,,Goldberg,1947-11-18,sivan.goldberg@hotmail.com,050-1316490,Eilat
677140205,Maya,,Vaknin,1960-06-12,maya.vaknin@teva.com,055-1277300,Beer-Sheva
816856718,Guy,,Yadin,1986-08-05,guy.yadin@hotmail.com,055-6005242,Beer-Sheva
689656060,Avigail,,Golan,1994-02-07,avigail.golan@walla.co.il,054-6422052,Ashdod
623077993,Limor,Yosef,Biton,1976-02-12,limor.biton@gmail.com,056-1741921,Herzeliya
516684741,Tomers,,Porat,1966-07-23,tomers.porat@gmail.com,056-1004433,Rehovot
846451389,Yosef,Yosef,Elbaz,1953-04-01,yosef.elbaz@checkpoints.com,056-1179268,Nahariya
300651104,Gadi,Ben,Geva,1945-03-08,gadi.geva1@gmail.com,057-6254828,Eilat
562538306,Yael,,Ben-David,1987-03-26,yael.ben-david@gmail.com,059-9271993,Herzeliya
721552137,Noam,,Navon,1997-10-05,noam.navon1@teva.com,057-6364759,Rehovot
994529995,Tal,Leah,Dotan,1945-01-07,tal.dotan@hotmail.com,057-7178027,Rehovot
772583130,Rachel,,Turgeman,1953-03-03,rachel.turgeman@gmail.com,050-9505331,Eilat
247838674,Asaf,,Katz,2000-07-21,asaf.katz@walla.co.il,057-2443286,Ashdod
585243143,Osnat,Bat,Yosef,1983-01-04,osnat.yosef1@gmail.com,052-1893719,Ashdod
334909226,Mor,,Agbaria,1979-11-19,mor.agbaria@walla.co.il,054-2769736,Ashdod
785945248,Zohar,Ben,Cohen,2005-12-30,zohar.cohen@checkpoints.com,050-2513753,Jerusalem
356407788,Shalom,,Nir,1943-10-23,shalom.nir@gmail.com,054-1309244,Petah-Tikva
410306671,Michal,Leah,Berger,1941-12-30,michal.berger@gmail.com,056-2655201,Herzeliya
839035862,Orly,,Lavi,1990-12-11,orly.lavi@gmail.com,056-6507870,Nahariya
147777501,Tali,Sarah,Peled,1967-02-21,tali.peled@teva.com,051-4105842,Nahariya
909472155,Moshe,,Bar-On,1988-07-18,moshe.bar-on@hotmail.com,052-7306118,Herzeliya
553184836,Itai,,Ramon,1951-07-24,itai.ramon@checkpoints.com,059-7351855,Eilat
833910672,Avi,Leah,Sela,1957-01-12,avi.sela@checkpoints.com,059-3647904,Ashdod
586418901,Iris,,Peretz,1963-06-19,iris.peretz@checkpoints.com,056-7322154,Herzeliya
589573841,Shira,,Dotan,1975-03-27,shira.dotan@checkpoints.com,059-8548389,Ashdod
812543701,Adi,,Gal,1966-11-28,adi.gal@walla.co.il,056-9093314,Jerusalem
999648070,Ofek,,Ramon,1966-07-31,ofek.ramon@checkpoints.com,054-2565912,Haifa
566007859,Nir,,Shani,1978-03-23,nir.shani@walla.co.il,050-8495335,Jerusalem
571172738,Dorit,,Shani,1936-11-10,dorit.shani@teva.com,058-9812858,Tel Aviv - Yafo
276510757,Sapir,,Lapid,1994-07-02,sapir.lapid@hotmail.com,055-6598026,Ashdod
649828229,Oren,,Dotan,1947-03-14,oren.dotan@gmail.com,057-2148155,Nahariya
628349674,Avigail,Sarah,Blau,1982-12-10,avigail.blau@hotmail.com,056-9187120,Beer-Sheva
548341080,Omer,,Yadin,1946-04-06,omer.yadin@checkpoints.com,056-8636217,Haifa
276042981,Rami,,Livne,2001-01-20,rami.livne@teva.com,053-3393724,Beer-Sheva
167671521,Iris,Yosef,Oz,1997-11-17,iris.oz@walla.co.il,051-1121762,Petah-Tikva
961254032,Dudi,,Shapira,2004-06-28,dudi.shapira@walla.co.il,051-9652279,Nahariya
690903039,Osnat,Ben,Mizrachi,1986-10-18,osnat.mizrachi@gmail.com,058-7670460,Tel Aviv - Yafo
436274440,Yitzhak,,Ronen,1974-01-05,yitzhak.ronen@gmail.com,051-8947061,Jerusalem
417144649,Michael,,Kramer,1985-07-01,michael.kramer@gmail.com,054-7840159,Herzeliya
491072087,Yael,Bat,Rubin,1986-05-06,yael.rubin@checkpoints.com,053-6708702,Herzeliya
730293291,Shlomo,,Kraus,1940-10-17,shlomo.kraus@gmail.com,059-2461714,Herzeliya
804245923,Bar,,Green,1946-08-10,bar.green@gmail.com,056-4352239,Jerusalem
529085084,Anat,Michael,Mizrachi,1985-01-13,anat.mizrachi@gmail.com,055-4009142,Herzeliya
967692158,Tali,,Lapid,1964-12-24,tali.lapid@hotmail.com,051-4489064,Petah-Tikva
169263246,Avigail,,Schwartz,1983-10-27,avigail.schwartz@hotmail.com,056-5608802,Nahariya
994931200,Oren,Yosef,Vaknin,1989-10-24,oren.vaknin@hotmail.com,052-5320067,Rehovot
490831480,Noam,,Lapid,1995-07-18,noam.lapid@walla.co.il,051-1824858,Tel Aviv - Yafo
285728113,Gal,,Netanyahu,1938-10-11,gal.netanyahu@gmail.com,053-9664540,Petah-Tikva
912118703,Ron,Sarah,Ben-Gurion,1958-03-18,ron.ben-gurion@gmail.com,059-3654683,Tel Aviv - Yafo
489094245,Israel,Yosef,Harel,1989-07-31,israel.harel@gmail.com,059-3540061,Jerusalem
625701303,Kim,Leah,Ohayon,1954-01-11,kim.ohayon@gmail.com,054-2814314,Haifa
648534693,Noga,,Peres,1989-07-10,noga.peres@gmail.com,050-8174083,Haifa
356611100,May,Bat,Dotan,1949-09-17,may.dotan@hotmail.com,052-5500547,Herzeliya
629954779,Rotem,Leah,Green,1957-02-13,rotem.green@walla.co.il,050-9245226,Nahariya
855010979,Michal,Leah,Ramon,1989-09-24,michal.ramon@gmail.com,053-2381069,Herzeliya
871330174,Avigail,,Silberman,1951-09-07,avigail.silberman@gmail.com,054-1470477,Nahariya
372393107,Ori,,Gabay,1948-11-11,ori.gabay@walla.co.il,051-8199250,Eilat
278017901,Shahar,,Livne,1992-12-29,shahar.livne@gmail.com,058-3157306,Petah-Tikva
406482175,Lihi,,Tamir,1999-11-08,lihi.tamir@walla.co.il,053-7298077,Haifa
563153174,Ronit,,Asulin,1946-01-20,ronit.asulin@teva.com,057-4870314,Haifa
314696372,Rotem,,Shani,1973-04-19,rotem.shani@hotmail.com,051-3660212,Herzeliya
369910566,Ori,,Marciano,1996-04-19,ori.marciano@hotmail.com,057-5699531,Ashdod
472771971,Avi,,Cohen,1966-10-06,avi.cohen@gmail.com,051-8428631,Rehovot
910452454,Gil,,Vaknin,1997-11-19,gil.vaknin@hotmail.com,059-7191540,Herzeliya
968769319,Leah,Sarah,Harari,1938-03-07,leah.harari@gmail.com,055-8557629,Tel Aviv - Yafo
559492885,Gal,,Golan,1944-07-19,gal.golan@gmail.com,051-8194073,Haifa
301004063,David,,Elbaz,1968-04-15,david.elbaz@walla.co.il,051-5346109,Nahariya
406294105,Gadi,,Frank,1962-01-23,gadi.frank@gmail.com,059-3169556,Rehovot
225790112,Tal,,Golan,1940-09-02,tal.golan@teva.com,053-1097409,Herzeliya
906891751,Gal,Ben,Tamir,1958-04-28,gal.tamir@checkpoints.com,050-9534820,Haifa
295903950,Tomers,,Biton,1996-12-04,tomers.biton@gmail.com,052-2929683,Tel Aviv - Yafo
254828930,Guy,,Gur,1985-04-11,guy.gur@walla.co.il,059-2375726,Jerusalem
124427664,Moshe,,Bareket,1993-05-03,moshe.bareket@walla.co.il,059-3284923,Herzeliya
999285402,Stav,,Geva,1957-05-04,stav.geva@checkpoints.com,058-9815263,Jerusalem
457511182,Avi,,Tal,1948-08-26,avi.tal@gmail.com,053-3832631,Rehovot
113474511,Gil,,Kramer,1999-03-12,gil.kramer@walla.co.il,051-6824363,Tel Aviv - Yafo
507795746,Lior,Yosef,Rubin,2007-04-28,lior.rubin@hotmail.com,058-7193786,Nahariya
273571266,Iris,,Avraham,1998-01-11,iris.avraham@gmail.com,051-4133761,Haifa
793762371,Eyal,,Kraus,2004-06-16,eyal.kraus@gmail.com,059-8662433,Petah-Tikva
720459151,Maya,Yosef,Omer,1998-09-01,maya.omer@gmail.com,059-2047647,Jerusalem
366399798,Ron,,Hadad,1953-06-24,ron.hadad@teva.com,050-2772927,Haifa
439397011,Roni,,Geva,1983-06-24,roni.geva@hotmail.com,053-5514299,Jerusalem
850168672,Ariel,,Ramon,1946-11-02,ariel.ramon@walla.co.il,058-8153608,Ashdod
805626093,Amit,,Shamir,1946-08-22,amit.shamir@checkpoints.com,055-6436196,Ashdod
803326291,Nir,Ben,Avraham,1954-09-08,nir.avraham@checkpoints.com,051-1789957,Jerusalem
339200491,Tal,Leah,Oz,1966-05-08,tal.oz@gmail.com,053-5457811,Tel Aviv - Yafo
463363896,Coral,Michael,Yadin,1960-09-16,coral.yadin@teva.com,058-8279463,Rehovot
815872825,Ofek,,Lavi,1974-11-09,ofek.lavi@gmail.com,051-6752060,Petah-Tikva
861788025,David,Leah,Oz,1973-11-13,david.oz@gmail.com,059-6633829,Beer-Sheva
610952636,Roy,, Dayan,1973-07-18,roy. dayan@walla.co.il,054-3012997,Petah-Tikva
339475105,Michael,,Barkat,1984-11-10,michael.barkat@gmail.com,050-2557710,Nahariya
105154022,Bar,,Saban,1992-04-12,bar.saban@gmail.com,054-4946047,Haifa
710484307,Agam,Sarah,Melamed,1953-12-31,agam.melamed@teva.com,058-3021852,Nahariya
623039625,Asaf,,Koren,1979-04-24,asaf.koren@gmail.com,057-2892294,Herzeliya
948723983,Yaakov,,Porat,1984-05-02,yaakov.porat@gmail.com,059-5304464,Eilat
738317907,Roy,,Peretz,1983-02-02,roy.peretz@hotmail.com,054-1828909,Eilat
150127336,Roni,Ben,Agbaria,1971-03-06,roni.agbaria@hotmail.com,055-7723094,Nahariya
331869828,Alon,Yosef,Ronen,1955-09-07,alon.ronen@checkpoints.com,052-7532326,Rehovot
851599962,Sarah,Michael,Eshkol,2008-04-09,sarah.eshkol1@gmail.com,059-1454318,Rehovot
398595952,Yosef,Yosef,Navon,1968-05-24,yosef.navon1@gmail.com,050-2754181,Ashdod
963765749,Michal,,Harel,2006-04-01,michal.harel@hotmail.com,056-6505618,Jerusalem
479961413,Meital,,Silberman,1990-12-23,meital.silberman@hotmail.com,053-2427643,Eilat
491185694,Agam,,Spector,1944-03-23,agam.spector@gmail.com,054-5123260,Petah-Tikva
925666420,Bar,,Navon,1942-11-09,bar.navon@gmail.com,050-8867865,Eilat
142752743,Tali,Leah,Barkat,1938-11-14,tali.barkat@hotmail.com,051-8788584,Rehovot
460150952,Zohar,Leah,Lavi,1942-02-02,zohar.lavi@teva.com,059-2951693,Haifa
892126498,Hadar,,Heller,1976-01-02,hadar.heller@checkpoints.com,051-1494473,Ashdod
639947294,Tamar,Yosef,Aharon,1966-07-09,tamar.aharon@walla.co.il,050-2025061,Petah-Tikva
541623092,Adi,Michael,Harari,1985-07-05,adi.harari@gmail.com,055-6055454,Ashdod
710076386,Osnat,Yosef,Silberman,2002-10-24,osnat.silberman1@gmail.com,059-1299269,Beer-Sheva
991095452,Limor,,Eshkol,1946-05-22,limor.eshkol@hotmail.com,050-6615829,Petah-Tikva
792428177,Yael,,Aharon,1970-08-09,yael.aharon@gmail.com,055-3427220,Beer-Sheva
552049456,Tal,,Saban,1953-05-11,tal.saban@walla.co.il,053-1807886,Ashdod
482922765,Sivan,,Levine,1950-09-25,sivan.levine@gmail.com,052-1236655,Jerusalem
737508981,Nir,,Levi,1977-05-22,nir.levi@checkpoints.com,058-2102278,Beer-Sheva
954379556,Ron,,Guttman,1969-06-16,ron.guttman@gmail.com,055-1715055,Nahariya
552592565,Linoy,Ben,Bar-On,1957-07-02,linoy.bar-on@gmail.com,052-8709479,Beer-Sheva
293499214,Dor,Leah,Cohen,1968-05-23,dor.cohen@gmail.com,056-6759813,Herzeliya
642169784,Chaim,Yosef,Liberman,1999-09-09,chaim.liberman@gmail.com,055-5361378,Haifa
876195463,Yuval,,Frank,2007-01-01,yuval.frank@checkpoints.com,057-2575236,Eilat
416773457,Sivan,,Arad,1971-04-30,sivan.arad@gmail.com,058-8729987,Herzeliya
408903723,Ilan,Bat,Levine,1945-05-28,ilan.levine@checkpoints.com,059-7961835,Petah-Tikva
324668858,Sapir,,Avraham,1996-08-21,sapir.avraham@gmail.com,051-8282041,Eilat
202705924,Eyal,,Levine,2001-01-09,eyal.levine@checkpoints.com,055-6640789,Ashdod
382241005,Iris,,Azoulay,1940-12-09,iris.azoulay@gmail.com,051-3992954,Beer-Sheva
843460649,Alon,Leah,Marciano,2001-07-16,alon.marciano@walla.co.il,059-2214453,Nahariya
426538820,Tamar,,Yarkoni,1952-01-22,tamar.yarkoni@gmail.com,057-8331203,Rehovot
724827820,Coral,,Ben-Gurion,1977-09-08,coral.ben-gurion@gmail.com,056-8571806,Beer-Sheva
146390286,Gil,,Aharon,1946-08-20,gil.aharon@walla.co.il,054-3049189,Ashdod
969929434,Eli,,Begin,1989-11-09,eli.begin@gmail.com,050-3188879,Haifa
414124191,Idan,,Hadad,1968-02-26,idan.hadad@gmail.com,056-7460191,Petah-Tikva
344804317,Niv,,Tzur,1942-07-05,niv.tzur@checkpoints.com,055-2417232,Nahariya
768475844,Eli,,fuchs,1994-03-12,eli.fuchs@gmail.com,051-2152774,Herzeliya
243328777,Avi,,Shapira,2007-10-02,avi.shapira@checkpoints.com,059-4562095,Tel Aviv - Yafo
552767709,Ron,,Lazar,1997-04-04,ron.lazar@gmail.com,051-2567533,Ashdod
915458684,Meital,Ben,Saban,2004-12-07,meital.saban@hotmail.com,051-1518129,Petah-Tikva
299651109,Ronit,,Dahan,1977-12-29,ronit.dahan@checkpoints.com,056-8006151,Eilat
484740180,Roy,,Frank,1992-03-29,roy.frank@gmail.com,057-9880148,Jerusalem
539389396,Dudi,,Begin,1976-07-07,dudi.begin@walla.co.il,057-7692594,Herzeliya
375212536,Gal,,Eitan,1993-08-16,gal.eitan@checkpoints.com,054-6746178,Jerusalem
830602673,Chaim,,Malka,1943-04-22,chaim.malka@hotmail.com,054-8809645,Eilat
275400214,Niv,,Porat,1947-08-13,niv.porat@gmail.com,059-5858257,Petah-Tikva
587585013,Osnat,,Elbaz,1961-05-30,osnat.elbaz@gmail.com,056-6207468,Petah-Tikva
226758807,Tali,,Deutsch,1952-11-07,tali.deutsch@teva.com,059-2561132,Petah-Tikva
242278312,Neta,Ben,Ben-Gurion,1988-11-06,neta.ben-gurion@gmail.com,059-2431404,Petah-Tikva
351585129,Shahar,,Hadad,1938-01-15,shahar.hadad@gmail.com,056-2933793,Haifa
327162660,Agam,,Gal,1984-11-08,agam.gal@gmail.com,052-6621350,Nahariya
816407697,Niv,,Friedman,1947-11-08,niv.friedman@walla.co.il,058-1442755,Jerusalem
756631189,Avi,,Begin,1972-08-13,avi.begin@hotmail.com,056-3699453,Tel Aviv - Yafo
327744127,Ilan,,Omer,2000-09-16,ilan.omer@checkpoints.com,059-4192759,Eilat
269867370,Oren,,Nir,2001-01-04,oren.nir@hotmail.com,053-6376423,Tel Aviv - Yafo
575036352,Sarah,,Oz,1960-10-14,sarah.oz1@teva.com,055-6699648,Tel Aviv - Yafo
471212964,Noam,Yosef,Nir,1996-08-04,noam.nir@walla.co.il,058-6598032,Rehovot
926306484,Orly,,Hoffman,1966-06-01,orly.hoffman@teva.com,056-3718863,Ashdod
642668271,Itai,,Aharon,1976-01-02,itai.aharon@walla.co.il,055-2397264,Petah-Tikva
798141251,Yitzhak,,Agbaria,1973-12-31,yitzhak.agbaria@teva.com,053-5095520,Eilat
958686602,Avraham,Bat,Azoulay,1995-12-29,avraham.azoulay@gmail.com,059-9744886,Eilat
418817196,Rami,,Yosef,1997-01-14,rami.yosef@gmail.com,055-5111189,Tel Aviv - Yafo
801929518,Amit,,Levine,1993-09-26,amit.levine@teva.com,054-2159154,Ashdod
316168022,Sivan,,Tamir,1993-10-06,sivan.tamir@walla.co.il,056-8522343,Petah-Tikva
164816550,Dorit,,Mizrachi,1954-11-08,dorit.mizrachi@teva.com,057-9182901,Jerusalem
451910657,Meital,,Marciano,1971-10-18,meital.marciano@gmail.com,055-6872665,Nahariya
119565798,Agam,Bat,Omer,1975-11-09,agam.omer@gmail.com,053-1869005,Beer-Sheva
557618589,Ron,,Gur,1969-07-15,ron.gur@gmail.com,054-1383703,Jerusalem
776279988,Michael,,Gabay,1992-01-27,michael.gabay@gmail.com,051-5368226,Herzeliya
472593086,Dana,,Melamed,1993-12-07,dana.melamed@gmail.com,056-6442067,Herzeliya
976598689,Roy,,Shamir,1967-01-13,roy.shamir@gmail.com,052-9437149,Petah-Tikva
939355695,Motti,,Geva,1956-07-02,motti.geva@gmail.com,058-7816788,Rehovot
642711163,Motti,Ben,Peles,1972-08-27,motti.peles@teva.com,055-4020319,Eilat
134347886,Adi,,Golan,1941-07-14,adi.golan@walla.co.il,051-5271244,Beer-Sheva
564038574,Gil,,Koren,1967-03-22,gil.koren@teva.com,052-9331590,Petah-Tikva
857470747,Ariel,Leah,Peretz,1951-05-12,ariel.peretz@checkpoints.com,055-1888251,Haifa
105002897,Hadar,,Ramon,1988-03-09,hadar.ramon@hotmail.com,057-8947131,Eilat
650399264,Daniel,,Avraham,1962-12-22,daniel.avraham@gmail.com,059-2682736,Herzeliya
929245191,Dudi,,Peretz,1984-09-26,dudi.peretz@gmail.com,054-8501367,Eilat
754849124,Kobi,Ben,Shapira,1950-08-06,kobi.shapira@gmail.com,057-1568255,Beer-Sheva
527311476,Gadi,,Peles,2007-04-19,gadi.peles@gmail.com,057-7774518,Jerusalem
346700083,Moshe,,Lapid,1956-05-03,moshe.lapid@gmail.com,057-2678718,Petah-Tikva
718948159,Amit,,Netanyahu,1963-07-24,amit.netanyahu@gmail.com,052-8839464,Rehovot
626490607,Shani,Michael,Vaknin,1986-10-27,shani.vaknin@checkpoints.com,057-5696356,Rehovot
889184186,Neta,,Olmert,1958-09-02,neta.olmert@gmail.com,056-4455703,Ashdod
173083502,Sigal,Yosef,Eshkol,1962-01-25,sigal.eshkol1@gmail.com,059-7233179,Haifa
433623773,Shlomo,Sarah,Harari,1964-03-22,shlomo.harari@gmail.com,057-3750425,Herzeliya
536765296,Orly,,Saban,1942-03-07,orly.saban@gmail.com,052-6446672,Beer-Sheva
110810694,Itai,Leah,Katz,1958-08-04,itai.katz@hotmail.com,053-2966676,Petah-Tikva
713763868,Osnat,Ben,Netanyahu,2003-10-04,osnat.netanyahu1@gmail.com,051-3168279,Tel Aviv - Yafo
966100114,Daniel,,Porat,1981-02-15,daniel.porat@walla.co.il,054-2564372,Herzeliya
731404972,Maya,,Hadad,1963-08-14,maya.hadad@gmail.com,052-2136461,Haifa
376545330,Michal,,Tal,1984-12-20,michal.tal@checkpoints.com,057-1146783,Eilat
126924703,Kim,Bat,Harari,1967-02-22,kim.harari@hotmail.com,055-8526502,Petah-Tikva
432419738,Iris,Bat,Heller,1973-11-20,iris.heller@hotmail.com,051-6341948,Petah-Tikva
527869537,Yuval,,Spector,1996-09-22,yuval.spector@checkpoints.com,050-9116669,Haifa
930859383,Sarah,Sarah,Yarkoni,1950-05-27,sarah.yarkoni@walla.co.il,050-9535800,Rehovot
843340194,Sarah,,Liberman,1981-05-22,sarah.liberman@checkpoints.com,054-6878828,Jerusalem
150248937,Gadi,,Golan,1949-11-05,gadi.golan@gmail.com,053-9616733,Herzeliya
518096994,Sivan,,Gal,1996-02-12,sivan.gal@hotmail.com,054-5672493,Tel Aviv - Yafo
264964881,Rotem,,Navon,1946-06-07,rotem.navon@gmail.com,056-5629239,Nahariya
414951615,Shani,Michael,Gal,1967-08-26,shani.gal@gmail.com,051-6808512,Jerusalem
626726111,Orly,,Harel,1951-04-18,orly.harel@gmail.com,056-1353414,Eilat
927076529,Yosef,,Saban,1995-05-21,yosef.saban@gmail.com,050-1231357,Haifa
737882518,Ron,Leah,Dotan,1965-04-25,ron.dotan@teva.com,058-3330688,Petah-Tikva
553047789,Adi,,Yadin,2008-02-08,adi.yadin@hotmail.com,052-3503748,Haifa
282578948,Itai,,Hadad,1999-04-01,itai.hadad@walla.co.il,059-1350286,Jerusalem
930632415,Idan,,Ben-Gurion,1988-02-10,idan.ben-gurion@gmail.com,057-3409841,Jerusalem
427459024,Leah,,Grosman,1939-07-08,leah.grosman@walla.co.il,050-9652861,Jerusalem
697210855,Zohar,,Porat,1985-09-20,zohar.porat@checkpoints.com,058-5547063,Eilat
818726432,Tomers,,Livne,1947-01-04,tomers.livne@gmail.com,052-3960422,Eilat
880918542,Yael,,Lazar,1973-01-29,yael.lazar@gmail.com,059-8460944,Beer-Sheva
148744932,Eyal,Sarah,Eshkol,1972-08-24,eyal.eshkol@gmail.com,052-2861042,Jerusalem
790600715,Gil,,fuchs,1946-05-17,gil.fuchs@gmail.com,052-2353702,Petah-Tikva
288018379,Limor,,Schwartz,1967-12-11,limor.schwartz@gmail.com,050-4663779,Ashdod
371727468,Eyal,,Feldman,1961-06-18,eyal.feldman@gmail.com,057-5510172,Jerusalem
255754534,Agam,,Avraham,2003-11-07,agam.avraham@walla.co.il,050-5135963,Tel Aviv - Yafo
786184920,Shani,,Shaham,1969-07-14,shani.shaham@teva.com,056-9103145,Herzeliya
622403290,Michael,,Shamir,1942-08-07,michael.shamir@gmail.com,057-4932085,Jerusalem
297941458,Rachel,,Dotan,1941-05-30,rachel.dotan@hotmail.com,054-1939836,Herzeliya
569030706,Dudi,,Shamir,1967-05-26,dudi.shamir@walla.co.il,051-3831475,Ashdod
716789393,Avi,,Silberman,1985-01-04,avi.silberman@teva.com,052-8626061,Herzeliya
880512978,Meital,Yosef,Mizrachi,1979-09-20,meital.mizrachi@teva.com,055-6585868,Rehovot
588200680,Shani,,Marciano,1975-06-27,shani.marciano@gmail.com,050-8023502,Ashdod
868233014,Yael,,Elbaz,1954-04-09,yael.elbaz@checkpoints.com,059-9524370,Nahariya
145587212,Shir,,Shaham,1945-08-23,shir.shaham@walla.co.il,057-9248754,Eilat
893011293,Sapir,Ben,Bar-On,1993-09-01,sapir.bar-on@gmail.com,059-3274128,Jerusalem
824249993,Iris,Ben,Shamir,1958-04-15,iris.shamir@gmail.com,053-6077522,Beer-Sheva
672778008,Ben,,Ohayon,1945-02-12,ben.ohayon@gmail.com,050-4287880,Nahariya
346755569,Eyal,,Levi,1975-05-31,eyal.levi@gmail.com,053-2768836,Jerusalem
573544295,Linoy,Leah,Ben-David,1957-04-16,linoy.ben-david@gmail.com,050-5539325,Eilat
928021489,Avi,,Lavi,1975-10-16,avi.lavi@hotmail.com,059-8758888,Jerusalem
248312736,Meital,,Golan,1996-08-02,meital.golan@checkpoints.com,057-9811107,Tel Aviv - Yafo
767798635,Kobi,,Klein,1987-06-05,kobi.klein@checkpoints.com,059-7645541,Jerusalem
720572879,Noam,Bat,Yadin,2005-09-24,noam.yadin@gmail.com,056-8717244,Eilat
682873253,Chaim,,Altman,1957-04-08,chaim.altman@checkpoints.com,054-7592246,Ashdod
141947111,Stav,,Koren,1953-08-07,stav.koren@hotmail.com,056-5301693,Petah-Tikva
986232340,Maya,Sarah,Peled,1977-01-14,maya.peled@gmail.com,050-2774874,Herzeliya
288212169,Michal,,Weiss,1988-01-11,michal.weiss@gmail.com,051-9457448,Tel Aviv - Yafo
423652160,Idan,Bat,Ben-David,1951-01-22,idan.ben-david@teva.com,057-4014801,Ashdod
842273384,Dana,Michael,Shapira,1993-06-16,dana.shapira@walla.co.il,052-5049738,Beer-Sheva
739373020,Asaf,Leah,Shaham,1982-06-28,asaf.shaham@checkpoints.com,056-3655627,Nahariya
235106009,Ilan,,Azoulay,1965-06-11,ilan.azoulay@checkpoints.com,053-7536220,Tel Aviv - Yafo
449650682,Sarah,,Sharon,2008-05-08,sarah.sharon@hotmail.com,051-2432625,Tel Aviv - Yafo
318356781,Ben,,Gur,1955-11-20,ben.gur@hotmail.com,057-1799697,Jerusalem
296948441,Amit,Sarah,Melamed,2000-08-06,amit.melamed@hotmail.com,053-4873573,Nahariya
377234825,Sigal,,Marciano,1984-10-01,sigal.marciano@teva.com,055-5757898,Petah-Tikva
630738245,Shir,,Gal,1982-07-02,shir.gal@gmail.com,057-8712699,Beer-Sheva
520838152,Rami,,Altman,1939-05-23,rami.altman@hotmail.com,054-3108352,Tel Aviv - Yafo
831256210,Noga,Yosef,Berger,1970-01-15,noga.berger@hotmail.com,058-3773281,Jerusalem
586022680,Neta,,Katz,1996-10-15,neta.katz@gmail.com,059-4427662,Tel Aviv - Yafo
684765478,Nir,,Navon,1964-03-27,nir.navon@hotmail.com,050-2174184,Haifa
273254403,Yuval,,Barkat,1944-06-01,yuval.barkat@checkpoints.com,058-2873198,Herzeliya
566355186,Ben,Yosef,Malka,1993-02-27,ben.malka@gmail.com,055-2714070,Nahariya
955759965,Noga,,Arad,1982-06-18,noga.arad@gmail.com,057-4075057,Eilat
297136249,Asaf,Ben,Turgeman,1993-06-25,asaf.turgeman@gmail.com,052-1979289,Tel Aviv - Yafo
384945857,Rachel,Ben,Zamir,1960-01-05,rachel.zamir@gmail.com,058-2974711,Haifa
413135582,Ben,,Oz,1970-12-14,ben.oz@walla.co.il,057-9607922,Jerusalem
740744375,Kim,Sarah,Gabay,1989-02-24,kim.gabay@walla.co.il,055-2348402,Jerusalem
961598735,Leah,Leah,Peles,1949-12-13,leah.peles1@gmail.com,059-7388675,Ashdod
704904679,Avi,,Yosef,1979-04-04,avi.yosef@gmail.com,059-3573020,Tel Aviv - Yafo
381720818,Yaakov,,Deutsch,1960-02-16,yaakov.deutsch@gmail.com,055-4592093,Petah-Tikva
158526626,Noam,,Avraham,1975-12-01,noam.avraham@checkpoints.com,052-8596605,Nahariya
762708732,Ron,Michael,Segal,1966-02-18,ron.segal@checkpoints.com,055-1793798,Haifa
870807858,Itai,,Tzur,1939-11-16,itai.tzur@gmail.com,057-3831022,Herzeliya
939248714,Gal,,Frank,1995-03-18,gal.frank@gmail.com,059-7294185,Ashdod
111741621,Hadar,,Melamed,1972-01-04,hadar.melamed@gmail.com,058-1075100,Rehovot
557642403,Amit,,Green,1952-10-10,amit.green@gmail.com,050-1645120,Ashdod
324009266,Stav,Sarah,Begin,1943-08-01,stav.begin1@gmail.com,057-7545959,Petah-Tikva
295750257,Dudi,,Katz,1953-09-05,dudi.katz@gmail.com,056-6584673,Tel Aviv - Yafo
701729692,Yael,,Malka,1984-03-12,yael.malka@hotmail.com,052-3127039,Eilat
351363382,Hila,Yosef,Agbaria,1939-02-28,hila.agbaria@gmail.com,058-7813778,Jerusalem
546165012,Eli,,Saban,1942-07-27,eli.saban@gmail.com,055-5247756,Rehovot
170255323,Yitzhak,,Lavi,1984-12-16,yitzhak.lavi@gmail.com,056-4371915,Beer-Sheva
911212042,Rivka,,fuchs,1972-11-28,rivka.fuchs1@gmail.com,052-8077221,Herzeliya
733986342,Dudi,,Livne,1960-03-10,dudi.livne@hotmail.com,051-8144659,Rehovot
791413214,Yael,,Eshkol,1937-07-20,yael.eshkol@gmail.com,051-8964397,Ashdod
646385896,May,,Rubin,1967-02-21,may.rubin@gmail.com,057-8753558,Tel Aviv - Yafo
858090686,Inbal,Ben,Aharon,1943-05-26,inbal.aharon@checkpoints.com,055-8143530,Herzeliya
261421803,Ron,Ben,Blau,1950-11-24,ron.blau@gmail.com,056-3715486,Rehovot
530519926,Coral,,Oz,2001-03-29,coral.oz@hotmail.com,050-7164858,Haifa
583821648,Kobi,Sarah,Levine,1979-04-24,kobi.levine@gmail.com,056-4995670,Beer-Sheva
326123680,Eyal,,Navon,1988-05-11,eyal.navon@gmail.com,051-5419464,Nahariya
367358359,Sigal,,Levine,1982-11-28,sigal.levine@hotmail.com,055-3761342,Eilat
960237928,Tali,,Golan,1973-03-15,tali.golan@walla.co.il,056-6400106,Jerusalem
377765287,Nir,,Ben-Ari,1945-12-04,nir.ben-ari@checkpoints.com,051-1586609,Nahariya
188502725,Avraham,Bat,Dahan,1941-06-21,avraham.dahan@walla.co.il,056-7867732,Beer-Sheva
935541736,Bar,,Goldberg,1942-11-02,bar.goldberg@hotmail.com,054-3714657,Herzeliya
728666141,Eitan,Sarah,Kramer,1966-11-27,eitan.kramer@checkpoints.com,056-7616537,Beer-Sheva
944568207,Alon,,Barkat,1998-09-20,alon.barkat@checkpoints.com,050-8959248,Tel Aviv - Yafo
415341996,Avigail,Bat,Zilber,1981-12-23,avigail.zilber@hotmail.com,056-5451514,Nahariya
225717137,Dan,,Peres,1967-08-24,dan.peres@hotmail.com,053-2596561,Haifa
320048846,Ofek,,Omer,1947-04-18,ofek.omer@gmail.com,054-9366198,Rehovot
337598501,Rotem,Ben,Goldberg,1974-06-18,rotem.goldberg@gmail.com,058-7851032,Rehovot
667209647,Dorit,,Geva,1991-07-11,dorit.geva@hotmail.com,057-4232534,Haifa
578086077,Zohar,,Zilber,1961-05-14,zohar.zilber@gmail.com,059-7931114,Jerusalem
118033566,Chaim,Sarah,Klein,1948-05-09,chaim.klein@checkpoints.com,059-2358013,Petah-Tikva
826652063,Kobi,,Ben-Gurion,1996-12-10,kobi.ben-gurion@gmail.com,053-6651928,Nahariya
492265774,Sarah,Sarah,Cohen,1973-10-03,sarah.cohen1@gmail.com,054-9187470,Tel Aviv - Yafo
487436380,Iris,,Tzur,1999-07-17,iris.tzur@gmail.com,055-3479919,Beer-Sheva
319938164,Asaf,,Lavi,2008-05-21,asaf.lavi@teva.com,057-2221901,Jerusalem
409273487,Yosef,Ben,Agbaria,2007-12-25,yosef.agbaria1@gmail.com,054-7832506,Eilat
691879914,Mor,,Melamed,1977-05-25,mor.melamed@teva.com,055-8272185,Eilat
994648954,Neta,,Turgeman,1950-07-26,neta.turgeman@walla.co.il,052-5032195,Herzeliya
779367687,Yaron,,Livne,1978-08-03,yaron.livne@gmail.com,057-7112762,Haifa
158393479,Yael,,Heller,2004-12-17,yael.heller@gmail.com,058-4277979,Tel Aviv - Yafo
837765854,Rotem,Bat,Zilber,1993-04-10,rotem.zilber@gmail.com,055-4578179,Eilat
269242211,Shani,,Shamir,1958-06-06,shani.shamir@gmail.com,052-7621262,Haifa
236898992,Roni,,Friedman,1938-03-02,roni.friedman1@gmail.com,054-9883433,Jerusalem
589047378,Sarah,,Peres,1996-03-31,sarah.peres@gmail.com,050-2196372,Petah-Tikva
541137669,Rivka,,Lazar,1938-09-01,rivka.lazar@gmail.com,053-9895786,Tel Aviv - Yafo
191364768,Lior,,Melamed,2002-12-31,lior.melamed@gmail.com,059-9304605,Beer-Sheva
146832283,Itai,,Tal,1983-10-01,itai.tal@checkpoints.com,054-4630245,Jerusalem
157343514,Motti,,Peled,1986-11-16,motti.peled@checkpoints.com,054-1688291,Nahariya
539032498,Sivan,Sarah,Mizrachi,1965-05-28,sivan.mizrachi@walla.co.il,058-5894409,Eilat
598634344,Hadar,,Altman,1966-08-02,hadar.altman@gmail.com,055-8293482,Petah-Tikva
630103449,Roni,Bat,Mizrachi,1995-05-25,roni.mizrachi@checkpoints.com,055-3189300,Rehovot
196822720,Gal,Michael,Altman,1992-11-10,gal.altman@gmail.com,058-2716504,Petah-Tikva
753996265,Gadi,Michael,fuchs,1992-03-28,gadi.fuchs@teva.com,050-4731316,Herzeliya
590207629,Nir,,fuchs,1997-10-01,nir.fuchs@gmail.com,054-1850992,Petah-Tikva
173000756,Dan,,Schwartz,1990-03-23,dan.schwartz@gmail.com,057-4357151,Petah-Tikva
443899063,Shahar,,Silberman,1967-10-20,shahar.silberman@checkpoints.com,056-6975887,Petah-Tikva
767889725,Kobi,,Agbaria,1951-05-29,kobi.agbaria@hotmail.com,059-9209620,Jerusalem
627872804,Coral,,Bar-On,1961-03-17,coral.bar-on@gmail.com,054-6233885,Haifa
671371445,Stav,Ben,Hoffman,1967-04-08,stav.hoffman@gmail.com,050-6315761,Rehovot
146566388,Nir,,Elbaz,1952-05-29,nir.elbaz@hotmail.com,051-9744144,Rehovot
953872275,Coral,,Harel,1999-03-02,coral.harel@gmail.com,055-9854274,Nahariya
129542165,Chaim,Sarah,Shaham,1969-03-16,chaim.shaham@checkpoints.com,052-8654288,Tel Aviv - Yafo
533556105,Eli,,Netanyahu,1971-01-30,eli.netanyahu@hotmail.com,050-6759562,Petah-Tikva
364967637,Anat,,Olmert,1972-02-27,anat.olmert@hotmail.com,052-2127330,Nahariya
724887100,Agam,,Cohen,1948-10-09,agam.cohen@gmail.com,052-9331436,Beer-Sheva
134538917,Sivan,,Frank,1997-03-25,sivan.frank1@gmail.com,057-7131257,Nahariya
357798191,Yitzhak,,Stern,1962-11-23,yitzhak.stern@hotmail.com,059-2030686,Herzeliya
319416695,Daniel,Ben,Guttman,1942-05-27,daniel.guttman@gmail.com,054-7628708,Jerusalem
832914106,Adi,,Elbaz,1976-02-03,adi.elbaz@hotmail.com,053-2832879,Eilat
214464413,Ofek,Michael,Yosef,1968-10-07,ofek.yosef@gmail.com,059-9382373,Jerusalem
374781360,Ori,,Eitan,1936-08-23,ori.eitan@gmail.com,055-5669097,Tel Aviv - Yafo
582730775,Bar,,Turgeman,1965-03-21,bar.turgeman@gmail.com,058-7452298,Haifa
776390209,Kobi,,Gabay,1959-05-05,kobi.gabay@teva.com,051-4178496,Beer-Sheva
402208229,Gadi,Yosef,Koren,1996-07-14,gadi.koren@checkpoints.com,050-8392752,Eilat
656234399,Maya,,Weiss,2003-09-03,maya.weiss@gmail.com,052-3711462,Ashdod
239187162,Noam,,Tamir,1970-07-14,noam.tamir@checkpoints.com,056-9135262,Haifa
460507309,Idan,,fuchs,1941-02-22,idan.fuchs@teva.com,054-5268709,Petah-Tikva
476754132,Itai,,Ben-Gurion,2005-02-06,itai.ben-gurion@walla.co.il,057-9200478,Petah-Tikva
314642432,Eden,Leah,Shaham,1948-05-27,eden.shaham@hotmail.com,054-3803110,Herzeliya
298962694,Gil,,Blau,1978-03-31,gil.blau@gmail.com,054-8654746,Haifa
938760315,Ofek,Bat,Schwartz,1968-05-28,ofek.schwartz@walla.co.il,054-7636108,Nahariya
837369420,Sapir,,Shaham,1995-12-09,sapir.shaham@gmail.com,052-2384233,Haifa
827884747,Lior,,Kramer,1958-12-02,lior.kramer@gmail.com,055-4526520,Herzeliya
997259317,Yitzhak,Michael,Avraham,1949-01-09,yitzhak.avraham@teva.com,056-5024576,Eilat
463814479,Asaf,,Berger,1981-03-30,asaf.berger@hotmail.com,051-9046882,Eilat
845961389,Michal,Bat,Tal,1944-11-10,michal.tal@teva.com,054-5928424,Herzeliya
879269361,Michal,,Saban,1955-01-08,michal.saban@walla.co.il,057-9343712,Jerusalem
267680599,Lior,Leah,Liberman,1959-10-06,lior.liberman@hotmail.com,056-2825125,Rehovot
421493436,Amit,,Bar-On,1954-06-01,amit.bar-on@gmail.com,051-6690305,Petah-Tikva
911936030,Hila,,Bareket,1948-09-15,hila.bareket@hotmail.com,051-2185411,Petah-Tikva
630480896,Erez,Bat,Silberman,1970-06-28,erez.silberman@walla.co.il,054-1294616,Ashdod
482752097,Ofek,Sarah,Goldberg,1986-04-05,ofek.goldberg@gmail.com,055-7932842,Haifa
982117377,Ilan,,Barkat,1948-09-20,ilan.barkat@hotmail.com,055-8079274,Herzeliya
266282422,Shir,,Barkat,1955-04-02,shir.barkat@checkpoints.com,054-9169472,Rehovot
420545716,Leah,,Yosef,1964-12-14,leah.yosef@checkpoints.com,059-7450155,Nahariya
760489108,Noam,,Asulin,1988-06-17,noam.asulin@walla.co.il,053-6684764,Haifa
190242732,May,Yosef,Shamir,1946-10-10,may.shamir1@teva.com,058-8076798,Ashdod
840695878,Leah,,Sarusi,1968-05-04,leah.sarusi@hotmail.com,056-9820700,Ashdod
371932725,Rivka,,Omer,1995-09-12,rivka.omer@walla.co.il,059-9356859,Beer-Sheva
409943804,Tomers,Bat,Altman,1995-10-22,tomers.altman@walla.co.il,054-1477307,Petah-Tikva
961085957,Asaf,,Ramon,1988-11-30,asaf.ramon@teva.com,057-1502532,Eilat
223771988,Israel,,Peres,1967-11-26,israel.peres@teva.com,054-4754405,Beer-Sheva
697607179,Ilan,Michael,Omer,1950-07-31,ilan.omer1@checkpoints.com,059-4010431,Petah-Tikva
531663589,Yitzhak,,Olmert,1995-01-05,yitzhak.olmert@hotmail.com,055-5354612,Nahariya
291872594,Yuval,,Lapid,1999-07-18,yuval.lapid@teva.com,055-1882259,Eilat
328626528,Michal,,Vaknin,1973-10-13,michal.vaknin@gmail.com,052-9862399,Haifa
338601074,Inbal,,Ramon,1983-06-04,inbal.ramon@checkpoints.com,058-9434374,Ashdod
527783177,Eli,Leah,Tzur,1936-10-04,eli.tzur@walla.co.il,054-9697211,Petah-Tikva
181458418,Idan,Michael,Katz,1957-06-11,idan.katz@walla.co.il,050-6874867,Nahariya
858117844,Erez,,Klein,1988-04-10,erez.klein@gmail.com,052-7565878,Petah-Tikva
864536419,Roy,Bat,Berger,1962-01-14,roy.berger@checkpoints.com,058-8956242,Tel Aviv - Yafo
859586437,Michal,,Frank,1969-09-26,michal.frank@gmail.com,059-9504500,Petah-Tikva
634182368,Agam,,Deutsch,1963-05-04,agam.deutsch@walla.co.il,050-1884510,Nahariya
562387514,Rivka,Yosef,Hoffman,1957-02-04,rivka.hoffman@hotmail.com,054-9631208,Jerusalem
875734306,Yaakov,,Ohayon,1970-08-11,yaakov.ohayon@hotmail.com,055-7940049,Ashdod
942983492,Hadar,,Peles,1987-10-29,hadar.peles@teva.com,052-6149129,Nahariya
758373257,Roy,,Dahan,1973-06-24,roy.dahan@gmail.com,059-4498805,Haifa
505952216,Agam,,Mizrachi,1959-12-06,agam.mizrachi@teva.com,056-2872937,Herzeliya
874587228,Hadar,,Porat,1982-12-06,hadar.porat@gmail.com,053-7592738,Eilat
824266422,Niv,Ben,fuchs,1959-03-16,niv.fuchs1@walla.co.il,055-1358087,Ashdod
405908062,Yuval,,Omer,2005-01-02,yuval.omer@gmail.com,056-6668130,Petah-Tikva
692584460,Osnat,Sarah,Sharon,1995-09-16,osnat.sharon@checkpoints.com,052-3952620,Jerusalem
162403404,Noa,,Sharon,2003-06-14,noa.sharon@gmail.com,057-4120277,Tel Aviv - Yafo
869283868,Linoy,,Barkat,2004-05-30,linoy.barkat@checkpoints.com,051-3926496,Jerusalem
315697682,Anat,,Netanyahu,1945-08-03,anat.netanyahu@hotmail.com,053-9293338,Ashdod
860552657,Linoy,,Goldberg,2001-04-14,linoy.goldberg@gmail.com,059-3178335,Nahariya
994319158,Dorit,Bat,Oz,2006-05-17,dorit.oz1@gmail.com,053-4508612,Ashdod
609274952,Tamar,Sarah,Ben-Gurion,1979-08-29,tamar.ben-gurion@gmail.com,057-5977821,Nahariya
748522271,Adam,,Dotan,1971-08-14,adam.dotan@hotmail.com,056-6236924,Nahariya
357205645,Lior,,Klein,1958-03-17,lior.klein@gmail.com,051-5002805,Eilat
334188041,Rachel,,Shani,1987-06-08,rachel.shani@walla.co.il,057-4334079,Rehovot
750502860,Noa,,Feldman,1970-10-19,noa.feldman@gmail.com,055-9991524,Beer-Sheva
642372631,David,Yosef,Porat,1945-10-13,david.porat@hotmail.com,059-5839507,Haifa
353354677,Chaim,,Peres,1941-11-07,chaim.peres@hotmail.com,059-6753714,Eilat
107709528,Ben,,Shapira,1943-04-13,ben.shapira@checkpoints.com,052-9350305,Petah-Tikva
431766929,Tamar,Sarah,Ohayon,1990-04-13,tamar.ohayon@gmail.com,054-5200540,Haifa
382312955,Ron,,Peres,1994-08-08,ron.peres@gmail.com,059-3190940,Eilat
819775677,Orly,Sarah,Ronen,2002-08-20,orly.ronen@gmail.com,057-2149517,Nahariya
893438495,Kobi,,Guttman,1945-05-17,kobi.guttman@checkpoints.com,052-5023747,Petah-Tikva
555048530,Rami,,Marciano,2002-08-04,rami.marciano@hotmail.com,057-8852125,Rehovot
121306252,Yael,,Segal,1964-05-10,yael.segal@gmail.com,058-2478272,Tel Aviv - Yafo
200381959,Meital,Leah,Aharon,2005-12-04,meital.aharon@hotmail.com,052-6772800,Nahariya
782320796,Idan,Michael,Barkat,1999-11-10,idan.barkat@gmail.com,057-7938553,Eilat
272931055,Michal,,Ohayon,1994-11-24,michal.ohayon@checkpoints.com,058-9620221,Tel Aviv - Yafo
126443200,Inbal,,Vaknin,2006-05-17,inbal.vaknin@gmail.com,050-9489052,Petah-Tikva
806714577,Michael,,Frank,2007-03-31,michael.frank@gmail.com,052-1833770,Petah-Tikva
989891500,Hadar,,Shani,1968-12-12,hadar.shani@gmail.com,052-7485016,Jerusalem
373077341,Shira,,Omer,1947-08-23,shira.omer@gmail.com,055-1914322,Haifa
903378668,Ben,Bat,Levi,1989-04-15,ben.levi1@gmail.com,058-3338676,Jerusalem
993874476,Dana,,Frank,1962-12-14,dana.frank@checkpoints.com,058-4383623,Haifa
644935736,Erez,,Biton,1974-05-24,erez.biton@gmail.com,054-4770692,Herzeliya
400266301,Ofek,,Ben-Gurion,1998-06-17,ofek.ben-gurion@teva.com,058-3537243,Petah-Tikva
882955636,Noa,,Koren,1982-01-22,noa.koren@teva.com,053-4285902,Jerusalem
711388951,Sigal,,Netanyahu,1986-12-25,sigal.netanyahu@walla.co.il,053-4996469,Jerusalem
848595197,Zohar,,Berger,1976-11-16,zohar.berger@gmail.com,056-6721313,Tel Aviv - Yafo
267858802,Ariel,,Levi,2006-11-30,ariel.levi@gmail.com,053-5984662,Ashdod
847315969,Adam,,fuchs,2002-09-03,adam.fuchs@gmail.com,052-5697394,Rehovot
221657244,Tali,Leah,Segal,1984-09-22,tali.segal1@gmail.com,057-9496736,Jerusalem
577624939,Shlomo,,Nir,1951-11-26,shlomo.nir1@gmail.com,051-1523016,Eilat
879786500,Ilan,,Spector,1999-12-25,ilan.spector@gmail.com,055-4717034,Jerusalem
762134350,Stav,,Rubin,1964-03-09,stav.rubin@gmail.com,052-7302031,Beer-Sheva
124722084,Ronit,Bat,Livne,1980-06-21,ronit.livne@hotmail.com,053-9288171,Herzeliya
679512073,Daniel,,Dotan,2005-02-04,daniel.dotan@teva.com,050-4104484,Haifa
792636223,Dan,,Eshkol,1985-02-06,dan.eshkol@checkpoints.com,052-4840564,Herzeliya
187047774,Tali,,Shani,2005-02-13,tali.shani@teva.com,052-8278271,Petah-Tikva
178004930,Lihi,,Begin,1944-11-19,lihi.begin@gmail.com,054-9241081,Ashdod
973221892,Kim,,Stern,1995-01-05,kim.stern@gmail.com,055-7185753,Beer-Sheva
997413724,Inbal,,Rabin,2008-01-13,inbal.rabin@checkpoints.com,054-6955967,Jerusalem
891120013,Linoy,Bat, Dayan,1986-02-03,linoy. dayan@hotmail.com,054-2872664,Herzeliya
412583569,Ofek,,Eitan,1990-01-10,ofek.eitan@gmail.com,054-1189899,Haifa
154386837,Lior,,David,1937-02-05,lior.david@gmail.com,053-2523518,Beer-Sheva
224728592,Ronit,Michael,Elbaz,1975-01-03,ronit.elbaz@hotmail.com,057-8330694,Haifa
428196538,Linoy,,Rabin,1987-07-08,linoy.rabin1@gmail.com,055-4578159,Petah-Tikva
379993041,Coral,,Gur,1978-05-01,coral.gur@gmail.com,050-9636545,Haifa
991522564,Omer,Yosef,Shaham,1988-07-03,omer.shaham1@gmail.com,055-5936160,Haifa
673418445,Avigail,,Spector,1971-05-20,avigail.spector@gmail.com,058-8447499,Haifa
339359041,May,,Levine,1965-05-04,may.levine@gmail.com,054-5388682,Jerusalem
250976033,Ben,,Tal,1994-03-07,ben.tal@walla.co.il,055-6752137,Eilat
880203110,Rachel,Ben,Ohayon,1963-04-14,rachel.ohayon@gmail.com,054-9998431,Tel Aviv - Yafo
199763031,Rivka,,Eitan,1961-09-15,rivka.eitan@teva.com,052-8948085,Jerusalem
170851692,Eden,,Stern,1995-08-05,eden.stern@gmail.com,050-7818900,Haifa
305067054,Shira,,Yadin,1984-09-29,shira.yadin@gmail.com,055-8773747,Ashdod
813129763,David,Yosef,Shani,1985-12-13,david.shani@hotmail.com,052-3416289,Jerusalem
785962247,Leah,,David,1962-07-22,leah.david@checkpoints.com,052-8512751,Petah-Tikva
748654530,Adam,Yosef,Deutsch,1991-06-17,adam.deutsch@gmail.com,057-4868056,Rehovot
347605465,Nir,,Omer,1982-05-03,nir.omer@walla.co.il,053-1889811,Ashdod
164473546,Sigal,,Friedman,1979-01-19,sigal.friedman@hotmail.com,053-1347862,Petah-Tikva
521494231,Niv,,Levine,2004-01-28,niv.levine@gmail.com,056-7022595,Herzeliya
633828915,Noa,,Kramer,1982-05-28,noa.kramer@hotmail.com,053-7640578,Rehovot
644999349,Kobi,,Blau,1938-07-06,kobi.blau@gmail.com,059-4554123,Nahariya
838890508,Erez,,Vaknin,1937-09-28,erez.vaknin@hotmail.com,053-7104299,Jerusalem
766680434,Shir,,Schwartz,1993-11-01,shir.schwartz@checkpoints.com,051-6446890,Petah-Tikva
260582660,Shir,Yosef,Kraus,1967-10-02,shir.kraus@checkpoints.com,051-9817825,Eilat
747614457,Ronit,,Shapira,1942-08-18,ronit.shapira@walla.co.il,050-2506890,Jerusalem
562923803,Chaim,Yosef,Sela,1969-02-14,chaim.sela@gmail.com,052-3389377,Beer-Sheva
971168254,Chaim,,Elbaz,1965-07-19,chaim.elbaz@teva.com,052-1404677,Petah-Tikva
466824043,Ofek,,Ben-David,1968-11-03,ofek.ben-david@teva.com,056-8656601,Nahariya
208689174,Sivan,Yosef,Spector,1995-01-16,sivan.spector@checkpoints.com,054-5105175,Nahariya
626823692,Coral,,Liberman,1975-10-16,coral.liberman@checkpoints.com,056-4707787,Nahariya
587297214,Gadi,Yosef,Sharon,1995-10-18,gadi.sharon1@walla.co.il,059-9823976,Ashdod
570068206,Ofek,,Weiss,1998-01-09,ofek.weiss@gmail.com,055-8755463,Jerusalem
661911731,Roni,Michael,Cohen,1968-04-23,roni.cohen@hotmail.com,054-8660925,Nahariya
541930296,Adam,,Shamir,1953-11-06,adam.shamir@gmail.com,058-8464077,Nahariya
242531850,Ilan,,Zilber,1974-02-23,ilan.zilber@gmail.com,056-9219629,Ashdod
514124352,Gil,Bat,Deutsch,1972-05-17,gil.deutsch@gmail.com,050-8597181,Herzeliya
494906782,Moshe,Sarah,Turgeman,1983-10-19,moshe.turgeman@gmail.com,053-9562496,Jerusalem
938407758,Asaf,Ben,Geva,1967-04-26,asaf.geva@gmail.com,052-3198758,Tel Aviv - Yafo
830704473,Yuval,,Ohayon,1992-11-27,yuval.ohayon@gmail.com,056-2151309,Rehovot
557835097,Leah,,Dahan,1958-12-27,leah.dahan@teva.com,050-3199558,Eilat
292775741,Iris,,Elbaz,1973-09-24,iris.elbaz@walla.co.il,051-7932872,Herzeliya
199306469,Ron,,Yarkoni,1958-02-26,ron.yarkoni@walla.co.il,056-7865845,Haifa
533173027,Hila,,Harari,1981-09-25,hila.harari@gmail.com,058-9890703,Jerusalem
524540251,Dudi,,Malka,1939-10-17,dudi.malka@gmail.com,059-7129512,Ashdod
381174374,Shalom,,Bareket,1967-07-14,shalom.bareket@gmail.com,055-6032588,Ashdod
965950552,Omer,,Peled,1967-04-30,omer.peled@teva.com,059-5214584,Ashdod
222943588,Eden,Ben,Dahan,1968-05-08,eden.dahan@hotmail.com,057-8883103,Rehovot
511349504,Osnat,Bat,Dahan,2007-04-21,osnat.dahan@gmail.com,053-8215732,Petah-Tikva
246560415,Rachel,,Schwartz,1995-11-19,rachel.schwartz@gmail.com,059-6214287,Beer-Sheva
531021618,Amit,,Gur,1995-04-08,amit.gur@teva.com,050-3841301,Herzeliya
213721313,Daniel,,Ronen,1972-05-27,daniel.ronen@gmail.com,054-6840880,Haifa
453628936,Meital,,Melamed,1973-08-04,meital.melamed@gmail.com,056-4695886,Rehovot
425545780,Roni,Sarah,Rubin,1949-10-19,roni.rubin1@gmail.com,056-3474896,Eilat
206653784,Noa,,Tal,2007-08-20,noa.tal@walla.co.il,051-6023094,Jerusalem
586190176,Yaakov,,Gal,2006-08-14,yaakov.gal@walla.co.il,059-2906849,Eilat
721153504,Shalom,Ben,Harari,1988-06-23,shalom.harari@teva.com,056-5259826,Rehovot
513384866,Shir,,Dotan,1966-08-20,shir.dotan@hotmail.com,055-1430861,Jerusalem
742950016,Noam,,Klein,1967-03-18,noam.klein@checkpoints.com,057-1623816,Herzeliya
305191927,Osnat,,Lavi,1978-09-02,osnat.lavi@gmail.com,058-6718874,Jerusalem
157801465,Gil,,Ramon,1967-01-14,gil.ramon@teva.com,057-4406855,Jerusalem
197066688,Rivka,,Livne,1991-02-26,rivka.livne@gmail.com,056-6241542,Petah-Tikva
232252219,Moshe,,Sarusi,1990-02-13,moshe.sarusi@checkpoints.com,052-1235479,Tel Aviv - Yafo
847896555,Dorit,,Tamir,1975-11-08,dorit.tamir@hotmail.com,056-3920369,Jerusalem
279551857,Michael,,Agbaria,1969-03-29,michael.agbaria@teva.com,054-7656851,Ashdod
438062546,Dan,,Ben-David,1980-02-14,dan.ben-david@gmail.com,054-2828767,Herzeliya
192551093,Idan,,Vaknin,1998-02-22,idan.vaknin@teva.com,059-8687077,Nahariya
319363474,Shir,Michael,Biton,1974-02-14,shir.biton@hotmail.com,054-3076757,Ashdod
519841390,Ilan,,Shaham,1984-12-18,ilan.shaham@gmail.com,053-4054352,Rehovot
241189347,Avi,,Arad,1955-07-24,avi.arad@gmail.com,052-2267214,Jerusalem
445639414,Sivan,,Dahan,1962-05-25,sivan.dahan@walla.co.il,050-9325415,Haifa
765094712,Yael,Bat,Ronen,1963-05-01,yael.ronen@walla.co.il,053-5603536,Herzeliya
232598687,Ariel,,Geva,1998-01-19,ariel.geva@hotmail.com,057-3447725,Eilat
885455412,Anat,,Weiss,1963-09-30,anat.weiss@hotmail.com,053-3004272,Rehovot
142527278,Ronit,,Levine,1970-05-23,ronit.levine@gmail.com,054-9972350,Ashdod
871881492,Erez,Sarah,Peres,2003-07-27,erez.peres@walla.co.il,059-6848616,Herzeliya
213182099,Yitzhak,,Yarkoni,1940-05-19,yitzhak.yarkoni@gmail.com,053-2326806,Rehovot
218024921,Anat,,Berger,1966-03-12,anat.berger@teva.com,058-6661239,Nahariya
576347860,Coral,,David,2002-01-06,coral.david@gmail.com,052-3473079,Eilat
835160161,Oren,Bat,Agbaria,1989-06-23,oren.agbaria@hotmail.com,055-4035386,Petah-Tikva
584220775,Eli,,Green,1976-06-11,eli.green@gmail.com,055-1722689,Eilat
460673642,Dudi,,Bar-On,1951-10-27,dudi.bar-on@checkpoints.com,050-7492583,Nahariya
154010302,Avigail,,Eitan,1959-04-24,avigail.eitan@walla.co.il,058-9859934,Eilat
787721338,Lior,,Elbaz,2008-06-07,lior.elbaz@walla.co.il,050-3450509,Rehovot
722538636,Coral,,Biton,1975-09-19,coral.biton@hotmail.com,054-1813194,Herzeliya
829679781,Ronit,Sarah,Hadad,1961-04-23,ronit.hadad@hotmail.com,059-1309975,Haifa
100956335,Noga,,Harari,1991-02-17,noga.harari@gmail.com,058-9438333,Beer-Sheva
515947057,Stav,Bat,fuchs,1957-11-26,stav.fuchs1@walla.co.il,059-3293630,Herzeliya
366914879,Ariel,,Yarkoni,1940-08-10,ariel.yarkoni@hotmail.com,058-5362897,Tel Aviv - Yafo
622076857,Maya,Bat,Golan,1948-04-08,maya.golan@checkpoints.com,051-2481634,Herzeliya
365000984,Ben,,Shaham,1941-10-22,ben.shaham@walla.co.il,053-1248043,Nahariya
780927977,Tali,,Weiss,1945-03-27,tali.weiss@gmail.com,056-1174629,Ashdod
304332031,Nir,Ben,Golan,1986-09-14,nir.golan@teva.com,052-6005569,Tel Aviv - Yafo
404708739,Yael,Ben,Mizrachi,1968-08-12,yael.mizrachi@hotmail.com,055-8126042,Jerusalem
804370755,Coral,,Aharon,2002-04-24,coral.aharon@gmail.com,055-7117810,Tel Aviv - Yafo
191039151,Eitan,Bat,Gal,2001-02-03,eitan.gal@gmail.com,058-8294070,Eilat
556172645,Gal,,Blau,1974-02-19,gal.blau@gmail.com,056-9415337,Jerusalem
261812804,Yitzhak,,Ramon,1941-10-12,yitzhak.ramon@gmail.com,056-9512852,Herzeliya
304650832,Daniel,,Sela,1949-05-05,daniel.sela@hotmail.com,050-9810276,Ashdod
161036337,Tali,,Eshkol,1945-12-17,tali.eshkol@checkpoints.com,053-3170953,Petah-Tikva
958134673,Lihi,,Heller,1987-10-16,lihi.heller@gmail.com,054-7511518,Petah-Tikva
875791193,Avigail,,Ben-Gurion,1947-09-21,avigail.ben-gurion@checkpoints.com,057-4573004,Haifa
734990595,Sapir,,Ben-Gurion,1993-09-01,sapir.ben-gurion@teva.com,051-5143212,Jerusalem
793297283,Noa,Yosef,Green,1955-09-27,noa.green@checkpoints.com,052-8512901,Petah-Tikva
536653959,Eli,,Silberman,1993-06-20,eli.silberman@walla.co.il,051-8205572,Nahariya
201756031,Guy,,Vaknin,1952-02-19,guy.vaknin@checkpoints.com,058-2184696,Haifa
743770754,Hadar,,Gabay,2004-04-08,hadar.gabay@gmail.com,054-1978019,Petah-Tikva
158845987,Rivka,,Green,2006-02-22,rivka.green@teva.com,050-8359875,Haifa
333969845,Shlomo,,Barkat,1965-05-30,shlomo.barkat@checkpoints.com,058-4519366,Ashdod
647557580,Avigail,,Tal,1960-03-12,avigail.tal@teva.com,057-7915956,Beer-Sheva
558123787,Ori,,Shapira,1944-06-23,ori.shapira@hotmail.com,059-8743823,Ashdod
754192998,Ilan,,Gal,1949-06-09,ilan.gal@checkpoints.com,058-2229078,Nahariya
415999982,Yitzhak,,Shani,1991-09-13,yitzhak.shani@gmail.com,055-9744435,Rehovot
640427595,Tamar,Yosef,Navon,1994-03-16,tamar.navon@gmail.com,057-2245395,Rehovot
473033310,Erez,,Ben-Ari,1940-08-26,erez.ben-ari@teva.com,058-8035682,Herzeliya
174692884,Amit,,Peretz,1998-08-03,amit.peretz@gmail.com,052-9427618,Tel Aviv - Yafo
234759594,Dan,,Peretz,1939-08-11,dan.peretz@gmail.com,058-2210599,Jerusalem
972326753,Ron,,Lavi,1973-10-20,ron.lavi@teva.com,052-4383378,Herzeliya
416350344,Ofek,,Feldman,2002-06-12,ofek.feldman@gmail.com,059-1321043,Petah-Tikva
335210591,Shir,,Tamir,1954-06-07,shir.tamir@gmail.com,052-5867424,Tel Aviv - Yafo
123540768,Agam,,Green,1939-12-25,agam.green@walla.co.il,050-7264587,Eilat
651377933,Yaakov,,Sela,1994-07-03,yaakov.sela@teva.com,054-4542383,Nahariya
786868975,Sigal,Sarah,Arad,1952-05-16,sigal.arad@hotmail.com,053-3735944,Haifa
502281422,Dan,,Friedman,1998-11-27,dan.friedman@walla.co.il,058-7551170,Rehovot
813343425,Yaakov,,Shapira,1953-11-15,yaakov.shapira@teva.com,052-9802371,Beer-Sheva
505715778,Lihi,,Olmert,1939-02-26,lihi.olmert@gmail.com,054-4300420,Petah-Tikva
349945927,Shira,Yosef,Porat,1959-06-09,shira.porat@teva.com,054-6723871,Rehovot
566266481,Agam,Michael,Agbaria,1977-02-14,agam.agbaria@walla.co.il,058-2293828,Rehovot
559354540,Dor,,Peretz,1942-11-10,dor.peretz@gmail.com,057-3643709,Nahariya
681132211,Eden,Sarah,Peretz,1963-11-08,eden.peretz@teva.com,052-9325224,Jerusalem
558857629,Eli,,Sela,1975-01-27,eli.sela@checkpoints.com,052-2773295,Ashdod
717960625,Hila,,Goldberg,1943-10-14,hila.goldberg@checkpoints.com,057-4305201,Eilat
585318820,Yaron,,Gal,1950-10-31,yaron.gal@gmail.com,058-2349125,Herzeliya
234343886,Tali,, Dayan,1938-04-09,tali. dayan@walla.co.il,056-4617410,Nahariya
662023741,Stav,,Nir,1975-08-28,stav.nir@hotmail.com,056-5957506,Ashdod
617919601,Hila,, Dayan,1956-05-31,hila. dayan@walla.co.il,051-8401874,Herzeliya
221835394,Michael,,Shaham,1988-12-17,michael.shaham@checkpoints.com,054-5686507,Tel Aviv - Yafo
542867969,Israel,Sarah,Levine,1999-06-12,israel.levine@walla.co.il,052-8269615,Nahariya
545940753,Eli,,Kraus,1993-12-13,eli.kraus@checkpoints.com,057-9461274,Jerusalem
330518781,Idan,,Golan,1989-11-16,idan.golan@walla.co.il,053-2092715,Nahariya
910003327,Yosef,Yosef,Dahan,1958-08-16,yosef.dahan@teva.com,059-8528697,Haifa
553229729,Shani,,Ohayon,1970-09-04,shani.ohayon@hotmail.com,051-6062055,Ashdod
924372032,Kobi,,Peres,1947-01-05,kobi.peres@gmail.com,054-2318467,Rehovot
215439939,Tal,Leah,Dahan,1946-03-02,tal.dahan@teva.com,056-6826000,Haifa
689108194,Anat,Michael,Stern,1979-02-16,anat.stern@gmail.com,057-9543081,Rehovot
119794850,Noga,,Altman,1977-06-14,noga.altman@teva.com,059-9024868,Ashdod
245522131,Orly,Leah,Friedman,2008-04-22,orly.friedman@gmail.com,054-3414645,Tel Aviv - Yafo
870304742,Neta,,Shamir,1966-08-14,neta.shamir@checkpoints.com,052-2135423,Ashdod
129469333,Maya,,Begin,1961-06-10,maya.begin@walla.co.il,050-3027565,Ashdod
755625121,Lihi,Yosef,Klein,1965-03-01,lihi.klein@gmail.com,052-4946200,Tel Aviv - Yafo
384786617,Lihi,,Yarkoni,1988-04-05,lihi.yarkoni@walla.co.il,055-1037905,Beer-Sheva
917632148,Adam,,Biton,2002-11-19,adam.biton@teva.com,050-3338312,Beer-Sheva
126300146,Yaron,,Berger,1954-07-02,yaron.berger@hotmail.com,054-9134702,Eilat
308497211,Shira,,Peles,1946-03-06,shira.peles@gmail.com,056-1105773,Eilat
513940045,Michael,,Gal,2000-09-04,michael.gal@gmail.com,052-4956542,Nahariya
293890929,Eli,Leah,Deutsch,1955-11-06,eli.deutsch1@walla.co.il,056-2377555,Tel Aviv - Yafo
611082486,Iris,,Biton,1978-10-01,iris.biton@teva.com,051-2920773,Nahariya
829638658,Shalom,Michael,Harel,1952-04-23,shalom.harel@hotmail.com,051-7621210,Ashdod
999393085,Amit,,Gal,1954-08-21,amit.gal@gmail.com,050-5547791,Haifa
937086538,Yitzhak,,Azoulay,1975-09-24,yitzhak.azoulay@hotmail.com,050-6868707,Haifa
613387090,Gil,Sarah,Omer,1969-03-11,gil.omer@walla.co.il,055-7897654,Ashdod
299377158,Amit,Sarah,Vaknin,1973-08-01,amit.vaknin1@gmail.com,050-5167075,Eilat
435270515,Itai,Leah,Avraham,1957-09-01,itai.avraham@gmail.com,059-4133354,Haifa
391357022,Rivka,Leah,Sarusi,1972-08-25,rivka.sarusi@walla.co.il,051-6798183,Nahariya
775973132,Idan,Ben,Tal,1955-07-09,idan.tal@walla.co.il,056-5654766,Eilat
702169003,Tomers,,Goldberg,1978-04-05,tomers.goldberg@teva.com,059-2993518,Petah-Tikva
335553778,Idan,,Malka,1944-12-25,idan.malka@walla.co.il,052-5686503,Herzeliya
505275439,Linoy,,Friedman,2001-08-14,linoy.friedman@hotmail.com,052-1930366,Eilat
785549610,Yitzhak,,Tamir,1967-12-29,yitzhak.tamir@hotmail.com,050-9829517,Ashdod
656486730,Sapir,,Aharon,1990-12-05,sapir.aharon@gmail.com,054-3600116,Tel Aviv - Yafo
841906333,Hila,Bat,Heller,1969-11-19,hila.heller1@gmail.com,059-7275416,Nahariya
300573521,Adi,Leah,Kramer,1991-10-08,adi.kramer@checkpoints.com,057-3636231,Nahariya
101971532,Sivan,,Sarusi,1941-08-13,sivan.sarusi@hotmail.com,059-2207248,Beer-Sheva
797317252,Gil,Leah,Kramer,1969-11-08,gil.kramer@teva.com,051-7424230,Ashdod
884489170,Shira,Bat,Katz,1971-01-18,shira.katz1@gmail.com,051-1277750,Eilat
721373591,Michael,,Elbaz,1951-05-11,michael.elbaz@gmail.com,059-4989212,Eilat
960250450,Rachel,,Azoulay,1945-02-14,rachel.azoulay@hotmail.com,059-3810310,Jerusalem
157663599,Ben,Sarah, Dayan,1967-01-10,ben. dayan1@gmail.com,059-9715459,Ashdod
595331898,Shlomo,,Liberman,1941-05-30,shlomo.liberman@gmail.com,054-3360627,Jerusalem
124158555,Linoy,Leah,Peled,1965-02-05,linoy.peled@checkpoints.com,057-8162227,Petah-Tikva
268876836,Sapir,,Blau,1942-05-27,sapir.blau@gmail.com,059-8759864,Eilat
940672475,Dana,,Levine,1939-08-08,dana.levine@hotmail.com,059-2101239,Jerusalem
662072169,Michal,,Aharon,1988-04-11,michal.aharon@gmail.com,057-5381432,Petah-Tikva
850146219,Itai,,Sela,1983-04-22,itai.sela@gmail.com,053-4442347,Petah-Tikva
697440047,Sigal,,Arad,1937-05-27,sigal.arad@gmail.com,051-1155995,Eilat
211055561,Hadar,,Yosef,1961-08-03,hadar.yosef@teva.com,057-5587635,Eilat
700344530,Kim,,fuchs,1978-02-23,kim.fuchs@gmail.com,057-9319873,Ashdod
238920105,Maya,,Frank,1944-04-04,maya.frank@gmail.com,050-2986047,Rehovot
405974526,Dor,,Sela,1990-06-15,dor.sela@gmail.com,056-2490833,Herzeliya
629887260,Israel,,Yadin,1983-07-31,israel.yadin@gmail.com,051-7320468,Petah-Tikva
170008873,Avi,Leah,Levi,1984-02-28,avi.levi@checkpoints.com,058-5922238,Haifa
443703433,Eitan,,Gabay,1966-11-26,eitan.gabay@gmail.com,059-4657593,Tel Aviv - Yafo
126275054,Noga,,Peles,1991-04-03,noga.peles@gmail.com,058-4418885,Haifa
879403777,Tamar,,Liberman,1954-06-26,tamar.liberman@teva.com,055-2903366,Jerusalem
538593426,Kim,,Gal,1984-06-14,kim.gal@gmail.com,052-5105369,Haifa
396201653,Dor,,Ramon,1976-08-06,dor.ramon@gmail.com,056-9326217,Eilat
654580453,Alon,,Tzur,1966-01-18,alon.tzur@walla.co.il,052-1898234,Petah-Tikva
346946045,Ilan,,Harari,1963-06-30,ilan.harari@hotmail.com,058-5580046,Haifa
770610219,Gal,,Melamed,1976-08-30,gal.melamed@gmail.com,053-3723418,Eilat
380058813,Yosef,,Liberman,1964-11-05,yosef.liberman@walla.co.il,059-7735046,Petah-Tikva
526153795,Motti,Leah, Dayan,1958-11-22,motti. dayan1@gmail.com,051-2644876,Eilat
676510255,Gal,Leah,Livne,2004-04-03,gal.livne@gmail.com,058-8207885,Beer-Sheva
180877544,Eyal,Leah,Aharon,1964-03-19,eyal.aharon@walla.co.il,053-6942186,Tel Aviv - Yafo
352925489,Itai,,Bar-On,1981-06-10,itai.bar-on@hotmail.com,057-5920390,Beer-Sheva
516417686,Ofek,,Zamir,1961-04-23,ofek.zamir@gmail.com,055-7818299,Jerusalem
972616277,Sivan,Bat,Rubin,1967-11-10,sivan.rubin@gmail.com,059-1295982,Herzeliya
860386897,Anat,Bat,Berger,2005-05-17,anat.berger@hotmail.com,054-8695713,Nahariya
989575497,Maya,,Rubin,1953-10-06,maya.rubin@gmail.com,054-7759673,Jerusalem
612012874,Roy,,Saban,2007-08-25,roy.saban@gmail.com,053-1115698,Petah-Tikva
800272379,Idan,,Feldman,1950-08-16,idan.feldman@checkpoints.com,050-3027904,Haifa
583810471,Yaakov,Michael,Harari,1939-09-15,yaakov.harari@teva.com,053-8966383,Jerusalem
921913805,Shani,,Eshkol,1985-08-20,shani.eshkol@gmail.com,055-5016397,Herzeliya
861282959,Yael,,Blau,1972-03-28,yael.blau@walla.co.il,050-1946110,Nahariya
684188933,Dana,,Oz,1981-11-12,dana.oz@gmail.com,050-6214791,Eilat
750083476,Yuval,,Weiss,1959-01-02,yuval.weiss@gmail.com,056-7189931,Petah-Tikva
819758320,Tamar,,Gal,1974-08-21,tamar.gal@teva.com,059-8831951,Ashdod
919310282,Chaim,,Shapira,2006-12-25,chaim.shapira@gmail.com,051-6500518,Haifa
291924545,Avi,,Peretz,2006-04-05,avi.peretz@teva.com,051-6994748,Tel Aviv - Yafo
970106465,Tamar,Bat,Segal,1941-08-27,tamar.segal@gmail.com,057-3293494,Haifa
247564138,Yael,,Katz,1959-05-30,yael.katz@teva.com,055-8771600,Ashdod
578787186,Adam,Leah,Liberman,1967-07-16,adam.liberman1@gmail.com,055-9271554,Beer-Sheva
898948875,Dorit,,Feldman,1993-11-26,dorit.feldman1@gmail.com,058-6348335,Jerusalem
968307980,Adi,,Rubin,1953-01-21,adi.rubin@hotmail.com,055-3011982,Herzeliya
236531778,Noa,Sarah,Eitan,1962-07-17,noa.eitan@gmail.com,058-7784429,Tel Aviv - Yafo
557614476,Leah,Michael,Koren,1981-08-06,leah.koren@teva.com,052-7086615,Tel Aviv - Yafo
621602301,Yaron,Michael,Nir,1976-08-22,yaron.nir1@gmail.com,058-1016764,Rehovot
456824878,Tamar,Michael,Goldberg,1945-02-24,tamar.goldberg@teva.com,052-7525831,Herzeliya
372984928,Ron,,Hoffman,2003-01-05,ron.hoffman@hotmail.com,058-6940792,Rehovot
688818339,Sarah,Ben,Melamed,1961-05-11,sarah.melamed@gmail.com,054-6166951,Tel Aviv - Yafo
781252455,Dan,Michael,Bareket,1992-08-13,dan.bareket@hotmail.com,055-1345084,Jerusalem
265994255,Ori,Michael,Ohayon,1981-10-16,ori.ohayon@checkpoints.com,059-9716644,Tel Aviv - Yafo
428965193,Orly,,Sela,1952-11-21,orly.sela@walla.co.il,056-8332013,Jerusalem
157835488,Dana,,Peres,1968-03-12,dana.peres@gmail.com,059-1669818,Petah-Tikva
744829078,Tali,Bat,Barkat,1946-12-24,tali.barkat@gmail.com,050-3086410,Beer-Sheva
982369687,Oren,,Yosef,1946-07-07,oren.yosef@walla.co.il,058-8598149,Tel Aviv - Yafo
844729210,Dor,,Altman,1962-11-02,dor.altman@teva.com,058-6005487,Jerusalem
134873927,Dudi,,Lavi,1960-10-07,dudi.lavi@gmail.com,052-9227214,Haifa
946634778,Shira,,Harel,1998-11-02,shira.harel@checkpoints.com,054-1913777,Herzeliya
427367147,Guy,,Gal,1974-09-30,guy.gal@hotmail.com,058-9743709,Petah-Tikva
402667605,Rachel,,Peled,1989-04-10,rachel.peled@checkpoints.com,057-3985272,Herzeliya
874875079,Oren,Michael,Levi,1939-05-26,oren.levi@gmail.com,055-9744379,Petah-Tikva
713168427,Bar,,Levine,2005-05-15,bar.levine@gmail.com,052-4768800,Tel Aviv - Yafo
198446344,Yael,,Shapira,1970-12-01,yael.shapira@gmail.com,054-6128431,Jerusalem
542273089,Nir,,Kramer,2008-04-03,nir.kramer@checkpoints.com,054-2506474,Beer-Sheva
117041047,Asaf,Bat,Dahan,1950-09-26,asaf.dahan@checkpoints.com,056-5622688,Nahariya
210699720,Guy,,Rubin,1965-10-11,guy.rubin@gmail.com,058-7025082,Rehovot
463757593,Kim,Yosef,Barkat,1940-11-17,kim.barkat@hotmail.com,051-1112125,Herzeliya
933322347,Gil,,Guttman,1976-05-28,gil.guttman@walla.co.il,055-7457581,Jerusalem
323737305,Nir,,Stern,1991-05-10,nir.stern@checkpoints.com,054-2244606,Nahariya
290018830,Yosef,,Malka,1968-03-25,yosef.malka@walla.co.il,056-1471062,Rehovot
417661687,Yael,Leah,Omer,1963-05-31,yael.omer@gmail.com,058-5815703,Haifa
663665699,Shira,,Olmert,1963-05-06,shira.olmert@teva.com,059-2264107,Haifa
431292795,Michael,,Aharon,1937-09-15,michael.aharon1@gmail.com,050-8811573,Jerusalem
747928853,Oren,,Kramer,1962-06-04,oren.kramer@gmail.com,054-3851071,Nahariya
686943281,Inbal,,Peres,2003-03-13,inbal.peres@gmail.com,059-8479306,Jerusalem
671813665,Shlomo,,Shapira,1936-12-15,shlomo.shapira@teva.com,058-9837903,Rehovot
512536321,Yitzhak,,Bar-On,1993-01-02,yitzhak.bar-on@gmail.com,052-4979054,Herzeliya
208577306,Shlomo,,Saban,1979-01-17,shlomo.saban@teva.com,052-3896697,Herzeliya
873186986,Leah,,Geva,1982-11-10,leah.geva@gmail.com,057-1323319,Jerusalem
210295309,Shalom,,Azoulay,1949-11-22,shalom.azoulay@gmail.com,052-5667373,Ashdod
157823383,Ben,Ben,Ronen,1982-04-16,ben.ronen1@gmail.com,054-4028251,Jerusalem
571306311,Hila,,Guttman,1944-12-18,hila.guttman@gmail.com,054-7276341,Beer-Sheva
849352479,Leah,,Arad,1975-06-10,leah.arad@walla.co.il,058-2516133,Herzeliya
890988352,Ilan,,Malka,1938-06-10,ilan.malka@gmail.com,055-2559614,Ashdod
858255040,Adi,,Katz,1937-06-06,adi.katz@gmail.com,051-1261675,Herzeliya
963943562,Moshe,,Livne,1984-01-09,moshe.livne@checkpoints.com,052-1318907,Ashdod
917045124,Avi,,Zilber,1946-02-01,avi.zilber@hotmail.com,059-1625726,Nahariya
597188372,Kobi,,Lavi,1970-04-27,kobi.lavi@gmail.com,059-2338134,Jerusalem
895748472,Shlomo,,Weiss,1985-02-15,shlomo.weiss@teva.com,059-3019769,Rehovot
565545393,Ron,,Avraham,1961-05-07,ron.avraham@walla.co.il,056-9258780,Eilat
674411135,Anat,,Ohayon,1959-02-25,anat.ohayon@gmail.com,050-4377369,Eilat
990671792,Dana,,Klein,1975-09-15,dana.klein@walla.co.il,059-6014924,Tel Aviv - Yafo
189536944,Osnat,,Deutsch,1972-09-27,osnat.deutsch@hotmail.com,059-6703097,Beer-Sheva
213479336,Lior,,Tamir,2001-04-24,lior.tamir@walla.co.il,057-9977294,Ashdod
700754257,Roni,Michael,Rubin,1953-05-17,roni.rubin@walla.co.il,056-8596914,Herzeliya
591799882,Limor,,Yosef,1974-05-21,limor.yosef@hotmail.com,055-5872499,Tel Aviv - Yafo
297944835,Dorit,,Altman,1953-07-15,dorit.altman@teva.com,056-6772847,Ashdod
979524588,Hila,Ben,Heller,1970-08-20,hila.heller@hotmail.com,054-6832460,Beer-Sheva
985206908,Israel,Yosef,Vaknin,1945-10-24,israel.vaknin@gmail.com,056-3419470,Nahariya
709710859,Sapir,,Silberman,1970-05-01,sapir.silberman@gmail.com,051-1093002,Nahariya
690303659,Inbal,,Stern,1968-08-15,inbal.stern@gmail.com,057-3278433,Tel Aviv - Yafo
394408966,Motti,Sarah,Porat,1963-11-17,motti.porat@gmail.com,050-5035017,Ashdod
248978590,Ilan,,Sarusi,1968-11-13,ilan.sarusi@gmail.com,054-8042146,Ashdod
259949683,Motti,Leah,Elbaz,1952-11-25,motti.elbaz@checkpoints.com,051-2179598,Rehovot
327870243,Rotem,,Tal,1938-07-04,rotem.tal@gmail.com,050-5519791,Ashdod
572807485,Ron,,Biton,1980-03-08,ron.biton@teva.com,052-6035956,Haifa
387211402,Noa,Bat,Saban,1952-11-08,noa.saban1@hotmail.com,053-3393804,Beer-Sheva
123241049,Niv,,Green,1984-11-05,niv.green@checkpoints.com,050-1596207,Nahariya
297980919,Agam,,Schwartz,1948-09-26,agam.schwartz@teva.com,054-3466394,Ashdod
125722772,Kobi,,Bar-On,1946-06-20,kobi.bar-on@checkpoints.com,058-3045994,Eilat
131499062,Shani,,David,1959-12-23,shani.david@checkpoints.com,058-4644563,Tel Aviv - Yafo
948087841,Gadi,,Hadad,1951-05-23,gadi.hadad@gmail.com,059-7653694,Eilat
629599053,Maya,,Arad,1945-08-17,maya.arad@checkpoints.com,054-7984293,Ashdod
283596986,Shahar,,Green,1985-09-30,shahar.green@gmail.com,055-1139575,Petah-Tikva
537617699,Maya,Leah,Heller,1942-04-20,maya.heller@teva.com,057-5910760,Haifa
515370705,Inbal,,Lavi,1936-08-31,inbal.lavi@gmail.com,050-7832421,Rehovot
127376775,Daniel,,Agbaria,2005-02-21,daniel.agbaria@checkpoints.com,051-3633504,Petah-Tikva
855759060,David,Leah,Tamir,1971-10-20,david.tamir@gmail.com,057-7664320,Haifa
894729865,Noam,,Mizrachi,1972-08-31,noam.mizrachi@hotmail.com,052-7856905,Haifa
199171355,Neta,,Shani,1992-04-30,neta.shani@teva.com,050-3625189,Tel Aviv - Yafo
172761131,Yitzhak,Michael,Peled,1989-04-20,yitzhak.peled@gmail.com,059-6994460,Petah-Tikva
670265829,Sivan,,Altman,1957-02-08,sivan.altman@checkpoints.com,056-3070408,Ashdod
285635357,Noga,,Vaknin,1940-05-29,noga.vaknin@walla.co.il,052-9255695,Jerusalem
173324620,Zohar,,Shani,2005-03-16,zohar.shani@walla.co.il,050-6179077,Petah-Tikva
518010674,Omer,,Mizrachi,1983-04-07,omer.mizrachi@gmail.com,055-8978063,Beer-Sheva
829877702,Ben,,Stern,1995-03-29,ben.stern@checkpoints.com,051-5265580,Haifa
198258372,Noam,Leah,Vaknin,1958-06-12,noam.vaknin@checkpoints.com,051-4875186,Rehovot
812488969,Neta,,Aharon,1955-05-02,neta.aharon@gmail.com,057-1961423,Jerusalem
710842242,Ariel,,Hadad,1980-04-24,ariel.hadad@teva.com,057-2631865,Rehovot
877720749,Shira,,Avraham,1983-05-26,shira.avraham@checkpoints.com,058-7040607,Haifa
383044119,Itai,,Gabay,1983-05-04,itai.gabay@checkpoints.com,055-8196166,Petah-Tikva
538346164,Erez,,Barkat,2001-05-26,erez.barkat@checkpoints.com,058-1705147,Beer-Sheva
249743402,Agam,,Dahan,1986-11-29,agam.dahan@gmail.com,057-6984281,Nahariya
808583994,Gal,,Harari,1968-12-14,gal.harari@checkpoints.com,054-2556516,Jerusalem
425039112,Sivan,Sarah,Bar-On,1939-12-15,sivan.bar-on@checkpoints.com,054-1202997,Jerusalem
278274891,Yael,Ben,Lapid,1970-07-25,yael.lapid@teva.com,054-6924756,Jerusalem
853489317,Ariel,,Bareket,1982-10-17,ariel.bareket@teva.com,052-3013181,Petah-Tikva
528539452,Noam,Sarah,Levi,1962-06-13,noam.levi@gmail.com,055-1719787,Tel Aviv - Yafo
446478137,Dudi,Bat,Livne,1965-05-10,dudi.livne@walla.co.il,055-4431027,Nahariya
591003564,Yaron,Michael,Sharon,1967-05-16,yaron.sharon@hotmail.com,053-5287184,Beer-Sheva
138528324,Kobi,Bat,Weiss,1979-07-08,kobi.weiss@gmail.com,055-2883415,Jerusalem
561502176,Maya,Leah,Biton,1954-01-08,maya.biton1@gmail.com,052-3504388,Tel Aviv - Yafo
445010518,Avraham,,Ronen,1999-08-06,avraham.ronen@gmail.com,051-7037727,Herzeliya
715635725,Hila,,Geva,1942-02-04,hila.geva@gmail.com,059-3900066,Petah-Tikva
960752553,Niv,,Berger,1997-12-09,niv.berger@hotmail.com,051-2831648,Ashdod
923707458,Avraham,Ben,Liberman,1948-05-16,avraham.liberman@gmail.com,052-6958183,Jerusalem
676916168,Guy,Michael,Zilber,1984-07-14,guy.zilber@checkpoints.com,059-3032010,Ashdod
685640330,Itai,,Agbaria,1982-02-18,itai.agbaria@walla.co.il,058-9365931,Haifa
507364174,David,,Ohayon,1965-08-18,david.ohayon@gmail.com,052-3048748,Herzeliya
595388853,Ofek,,Azoulay,1998-11-29,ofek.azoulay@gmail.com,051-4404201,Beer-Sheva
875697635,Amit,,Aharon,1944-12-23,amit.aharon@teva.com,056-7368194,Rehovot
845680962,Neta,Bat,Golan,1955-05-19,neta.golan@gmail.com,054-1242716,Rehovot
221172697,Sivan,Leah,Hadad,1958-11-26,sivan.hadad@gmail.com,059-5720818,Petah-Tikva
557049007,Shalom,,Peretz,1962-04-07,shalom.peretz@gmail.com,053-4168436,Herzeliya
560237698,Eli,Yosef,Vaknin,1977-02-13,eli.vaknin@gmail.com,058-1493134,Tel Aviv - Yafo
581421353,Limor,,Goldberg,1960-07-05,limor.goldberg@gmail.com,055-6501548,Petah-Tikva
699770288,Kim,Bat,Berger,1947-07-19,kim.berger@gmail.com,058-9161848,Nahariya
320901921,Yaakov,,Yarkoni,2002-12-26,yaakov.yarkoni@walla.co.il,052-5196427,Eilat
533607215,Hadar,Bat,Ronen,1940-09-03,hadar.ronen@hotmail.com,056-3995078,Eilat
525767276,Rachel,,Liberman,1967-05-14,rachel.liberman@gmail.com,054-9210556,Tel Aviv - Yafo
577746424,Tomers,,Bar-On,1939-04-03,tomers.bar-on@gmail.com,058-9577002,Beer-Sheva
771004159,May,Ben,Berger,1992-10-10,may.berger@hotmail.com,057-5724395,Petah-Tikva
732314427,Adam,,Gabay,1983-01-21,adam.gabay@gmail.com,053-6454438,Tel Aviv - Yafo
535872874,Lior,,Navon,1940-07-22,lior.navon@hotmail.com,053-4739830,Nahariya
115952271,Alon,Leah,Tzur,1959-11-12,alon.tzur1@walla.co.il,058-7468242,Herzeliya
725451641,Amit,,Frank,1954-12-18,amit.frank@gmail.com,058-2911957,Haifa
748844944,Daniel,Leah,Gur,1955-11-03,daniel.gur1@gmail.com,051-4813626,Rehovot
419434017,Avigail,,Bareket,1994-02-09,avigail.bareket@hotmail.com,051-3002584,Eilat
102072455,Rami,,Golan,2000-08-20,rami.golan@teva.com,059-7325135,Beer-Sheva
377484795,Meital,,Sarusi,1993-03-24,meital.sarusi@walla.co.il,051-9506522,Tel Aviv - Yafo
198265532,Idan,,Lavi,1953-12-31,idan.lavi@hotmail.com,055-2944283,Haifa
217245028,Orly,,Bareket,1981-02-05,orly.bareket@checkpoints.com,054-8441821,Herzeliya
554961617,Coral,,Begin,1973-05-29,coral.begin@gmail.com,051-9450802,Jerusalem
941337995,Roni,Yosef,Frank,2004-09-29,roni.frank@teva.com,052-4235417,Ashdod
919979169,Itai,,Koren,1975-12-27,itai.koren@gmail.com,056-9548889,Haifa
219146159,Agam,Bat,Grosman,1975-07-05,agam.grosman@hotmail.com,051-5030541,Nahariya
962438007,Oren,,Melamed,1976-05-29,oren.melamed@gmail.com,052-3614897,Nahariya
246085395,Eitan,,Biton,1943-02-27,eitan.biton@hotmail.com,057-3982812,Nahariya
355889393,Rachel,,Koren,1946-12-01,rachel.koren@gmail.com,057-1479843,Rehovot
103786362,Tali,,Malka,1953-12-13,tali.malka@checkpoints.com,055-6973743,Ashdod
953522632,Mor,Michael,Ronen,1950-04-19,mor.ronen@checkpoints.com,051-7593184,Rehovot
893541744,Neta,,Liberman,1964-06-13,neta.liberman@gmail.com,053-1273567,Jerusalem
654603101,Gal,,Livne,1997-02-04,gal.livne@walla.co.il,058-8633504,Beer-Sheva
831040780,Shani,,Weiss,1985-05-26,shani.weiss@gmail.com,055-4798025,Beer-Sheva
686472423,Michal,,Zamir,1962-05-26,michal.zamir@teva.com,057-7547585,Beer-Sheva
548084508,Shalom,,Levi,1982-02-23,shalom.levi@gmail.com,050-7269381,Eilat
821045618,Kim,,Tal,1985-05-21,kim.tal@gmail.com,050-1340533,Nahariya
809724589,Leah,,Avraham,1946-06-09,leah.avraham@walla.co.il,051-3913035,Herzeliya
345612886,Noa,Michael,Kraus,1979-01-20,noa.kraus@teva.com,055-4059868,Petah-Tikva
221920659,Inbal,Bat,Tamir,2005-11-01,inbal.tamir@hotmail.com,053-6884602,Jerusalem
950549101,Noga,,Friedman,1959-02-22,noga.friedman@hotmail.com,056-1489112,Ashdod
942590907,Shlomo,,Rabin,1964-09-24,shlomo.rabin@checkpoints.com,056-7427998,Ashdod
468810633,Sapir,,Friedman,1982-07-15,sapir.friedman@gmail.com,055-2602069,Beer-Sheva
680243752,Gil,,Golan,1983-10-26,gil.golan@gmail.com,051-5931124,Petah-Tikva
143704337,Shani,Bat,Oz,1962-03-24,shani.oz@hotmail.com,053-6390138,Jerusalem
208723418,Shani,,Ronen,1982-06-12,shani.ronen@walla.co.il,051-6887330,Herzeliya
868658407,Bar,,Ben-Ari,1940-10-05,bar.ben-ari@walla.co.il,058-5594163,Ashdod
733237332,Gal,,Weiss,1992-05-06,gal.weiss@teva.com,053-5242874,Petah-Tikva
373805741,Avi,Leah,Barkat,1946-03-13,avi.barkat@hotmail.com,054-6517691,Ashdod
992055281,Asaf,,Sarusi,1950-02-16,asaf.sarusi@teva.com,050-3829248,Jerusalem
260557611,Rami,Ben,Lazar,2001-09-10,rami.lazar@hotmail.com,053-8458753,Rehovot
996656912,Avi,Ben,Agbaria,1938-02-06,avi.agbaria@hotmail.com,059-2632397,Jerusalem
607638229,Zohar,Ben,Friedman,1982-12-22,zohar.friedman@walla.co.il,050-9533627,Petah-Tikva
397595174,Sivan,,Turgeman,1987-11-15,sivan.turgeman@checkpoints.com,052-6857160,Rehovot
604571971,Ariel,,Azoulay,1946-03-27,ariel.azoulay@gmail.com,059-6566969,Beer-Sheva
192882435,Avraham,,Ramon,1943-05-12,avraham.ramon@teva.com,052-7744622,Herzeliya
422168776,Mor,,Golan,2007-07-21,mor.golan@checkpoints.com,050-1115422,Eilat
650168406,Lior,,Peres,1966-03-27,lior.peres@teva.com,056-6005912,Beer-Sheva
431035649,Sarah,,Blau,1993-09-05,sarah.blau@gmail.com,052-9507268,Herzeliya
449967875,Gal,,Sela,1947-02-03,gal.sela1@gmail.com,051-5679840,Nahariya
348725924,Hila,,Asulin,2002-02-01,hila.asulin@teva.com,050-9258597,Jerusalem
863951126,Shlomo,,Peled,1954-01-12,shlomo.peled@teva.com,050-4973591,Ashdod
606398543,Rotem,Ben,Saban,1937-05-21,rotem.saban@gmail.com,055-4241330,Ashdod
454547536,Lior,Michael,Melamed,1948-09-04,lior.melamed1@gmail.com,054-5598333,Tel Aviv - Yafo
980571811,Mor,Sarah,Frank,1967-06-08,mor.frank@checkpoints.com,059-9753154,Eilat
187470262,Ori,,Peles,1995-07-29,ori.peles@gmail.com,050-8369093,Rehovot
929545327,May,Leah,Nir,1939-09-29,may.nir@hotmail.com,055-6337271,Eilat
927120229,Yaakov,Bat,Turgeman,1946-06-05,yaakov.turgeman@walla.co.il,057-7816395,Nahariya
868948572,Bar,,Kramer,1996-10-13,bar.kramer@checkpoints.com,055-5550331,Nahariya
521273335,Neta,,Peretz,1964-12-11,neta.peretz@checkpoints.com,050-3953043,Eilat
130553235,Inbal,Bat,Blau,1998-02-20,inbal.blau1@walla.co.il,056-4017955,Nahariya
163062582,Sigal,,Sarusi,1959-11-23,sigal.sarusi@gmail.com,054-5875390,Rehovot
972638499,Linoy,, Dayan,2005-09-13,linoy. dayan@gmail.com,054-3121918,Beer-Sheva
546997843,Rivka,,Goldberg,1983-02-15,rivka.goldberg@gmail.com,056-3824614,Petah-Tikva
203659056,Yuval,Leah,Barkat,1949-04-23,yuval.barkat@teva.com,056-5829117,Beer-Sheva
622816288,Shalom,Bat,Avraham,1969-01-01,shalom.avraham@hotmail.com,050-5316052,Ashdod
385358923,Yosef,Ben,Omer,1970-05-06,yosef.omer@checkpoints.com,056-1360346,Herzeliya
571305872,Omer,,Vaknin,2002-12-20,omer.vaknin@walla.co.il,055-4942334,Tel Aviv - Yafo
595996808,Omer,,Levine,1954-10-31,omer.levine@walla.co.il,056-8465751,Jerusalem
727655113,Tomers,Ben,Omer,1943-12-26,tomers.omer@hotmail.com,055-3378369,Rehovot
605016290,Shalom,,Livne,1963-03-20,shalom.livne@gmail.com,057-3354141,Tel Aviv - Yafo
800360291,Adi,,Sarusi,1986-06-04,adi.sarusi@gmail.com,052-6471814,Eilat
359603039,Lihi,,Klein,1950-12-13,lihi.klein@walla.co.il,059-2930624,Herzeliya
507902122,Tomers,Yosef,Asulin,1974-08-17,tomers.asulin1@gmail.com,050-2066412,Tel Aviv - Yafo
566817409,Dorit,Michael,Yarkoni,1941-11-06,dorit.yarkoni@hotmail.com,051-7303939,Beer-Sheva
307207732,Gal,,Altman,1981-09-18,gal.altman1@gmail.com,050-2289344,Eilat
177010697,Rami,,Kramer,2003-06-05,rami.kramer@gmail.com,057-6046805,Jerusalem
808654944,Sapir,,Altman,1961-05-19,sapir.altman@hotmail.com,051-3188290,Petah-Tikva
267032711,Daniel,,Koren,1952-07-01,daniel.koren@gmail.com,053-8627976,Jerusalem
343934865,Stav,,Peres,1975-07-25,stav.peres@walla.co.il,054-2725757,Tel Aviv - Yafo
133795643,Ben,,Hadad,1978-04-03,ben.hadad@hotmail.com,054-1104390,Jerusalem
631802504,Lihi,,Sarusi,1946-04-05,lihi.sarusi@gmail.com,053-4970082,Tel Aviv - Yafo
736967248,Eyal,,Turgeman,1976-02-23,eyal.turgeman@gmail.com,052-7282668,Herzeliya
907859987,Erez,,Rabin,1977-01-12,erez.rabin@gmail.com,058-8233930,Beer-Sheva
800535133,Niv,,Levi,1999-08-09,niv.levi@checkpoints.com,053-2810111,Beer-Sheva
232978824,Osnat,,Koren,1964-05-02,osnat.koren@gmail.com,053-8053690,Ashdod
869850999,Meital,Bat,Oz,1941-12-03,meital.oz@gmail.com,053-7214815,Haifa
714606735,Gadi,,Barkat,2004-02-25,gadi.barkat@hotmail.com,057-4577877,Jerusalem
167883353,Alon,,Navon,1954-04-13,alon.navon@gmail.com,059-8092834,Tel Aviv - Yafo
647780788,Adam,,Shani,1949-07-30,adam.shani@teva.com,058-2983613,Eilat
590998070,Bar,,Shani,2003-12-01,bar.shani@gmail.com,054-5759819,Rehovot
380533593,Tamar,,Shapira,1949-09-03,tamar.shapira@gmail.com,059-9885964,Rehovot
391834574,Eyal,Leah,Gabay,1938-07-03,eyal.gabay1@hotmail.com,052-8915462,Tel Aviv - Yafo
500121466,Rivka,,Klein,1994-10-24,rivka.klein@teva.com,054-1620326,Beer-Sheva
423382548,Stav,,Altman,1959-03-08,stav.altman@checkpoints.com,053-7738777,Jerusalem
795190626,Iris,,Harel,1978-05-27,iris.harel@hotmail.com,056-6990880,Eilat
502855293,Dor,,Bareket,1998-12-18,dor.bareket@gmail.com,050-5135067,Petah-Tikva
977095598,Alon,,Koren,1971-02-28,alon.koren@gmail.com,053-5371763,Herzeliya
993658979,Kobi,,Berger,2000-09-27,kobi.berger@teva.com,054-6132273,Rehovot
517671858,Dana,,Navon,1956-01-09,dana.navon@gmail.com,058-6878395,Ashdod
231953902,Israel,Ben,Kramer,1999-12-06,israel.kramer@gmail.com,050-3951068,Haifa
807278474,Niv,,Gur,1955-08-31,niv.gur@walla.co.il,050-7325240,Herzeliya
659441735,Anat,,Silberman,1940-04-23,anat.silberman@hotmail.com,055-1384015,Nahariya
821232854,Yael,,Asulin,2006-11-13,yael.asulin@checkpoints.com,054-9960400,Eilat
971640723,Noa,,Dotan,1944-07-20,noa.dotan@teva.com,056-2112667,Eilat
565608069,Dudi,,Yarkoni,1951-07-15,dudi.yarkoni@gmail.com,058-8993163,Jerusalem
796153521,Israel,,Ben-David,1953-04-14,israel.ben-david@teva.com,050-8804005,Ashdod
106966228,Ilan,,Eshkol,2003-09-19,ilan.eshkol@gmail.com,055-6657931,Tel Aviv - Yafo
321834568,Alon,,Lapid,1988-02-20,alon.lapid@teva.com,051-8884060,Haifa
553516403,Sivan,Sarah,Ben-David,1976-07-30,sivan.ben-david@gmail.com,054-1339706,Haifa
520069674,Itai,Michael,Bareket,1941-09-01,itai.bareket@hotmail.com,055-3552996,Rehovot
322881930,Tomers,,Liberman,2004-05-29,tomers.liberman@walla.co.il,058-6644374,Ashdod
608680959,Eyal,,Tal,1970-12-17,eyal.tal@gmail.com,050-7237430,Petah-Tikva
839449883,Yosef,Michael,Heller,1937-07-17,yosef.heller@teva.com,051-4247452,Beer-Sheva
733440366,Tamar,,Peles,1960-03-27,tamar.peles@hotmail.com,052-8833048,Rehovot
850138567,Ofek,,Gabay,1955-01-18,ofek.gabay@gmail.com,056-4909340,Herzeliya
579634512,Agam,,David,1946-05-30,agam.david@checkpoints.com,058-7742662,Eilat
915023345,Guy,,Melamed,1966-02-21,guy.melamed@gmail.com,057-5790833,Herzeliya
950654947,Rotem,,Zamir,1948-01-17,rotem.zamir@teva.com,057-4390570,Beer-Sheva
838779789,Sigal,,Gal,1968-11-11,sigal.gal@gmail.com,052-5156899,Jerusalem
555221087,Hadar,Bat,Bar-On,1943-07-31,hadar.bar-on@gmail.com,055-6949040,Petah-Tikva
585096990,Rotem,,Tzur,2006-09-19,rotem.tzur@gmail.com,051-5202443,Herzeliya
680371970,Shahar,Yosef,Hoffman,1984-04-23,shahar.hoffman@gmail.com,052-5086041,Herzeliya
237005430,Asaf,,Blau,1940-07-29,asaf.blau@gmail.com,054-9405347,Petah-Tikva
104054969,Dorit,,Gal,1955-07-18,dorit.gal@teva.com,058-9691637,Herzeliya
592966095,Bar,Leah,Eshkol,1957-04-11,bar.eshkol1@walla.co.il,056-7549845,Ashdod
935472812,Shir,,Harari,1954-12-12,shir.harari@gmail.com,059-9168817,Eilat
351820163,Sivan,,Saban,2007-05-09,sivan.saban@gmail.com,053-7774888,Haifa
187768274,Avi,,Weiss,1995-02-01,avi.weiss@teva.com,056-5374663,Rehovot
617328184,Noa,,Turgeman,1971-08-24,noa.turgeman@teva.com,053-3987058,Haifa
791926148,Linoy,Michael,Weiss,1950-05-04,linoy.weiss@walla.co.il,057-9764021,Eilat
407992725,Amit,Sarah,Cohen,1957-05-16,amit.cohen@teva.com,052-4765839,Petah-Tikva
405240861,Alon,,Bareket,1962-06-11,alon.bareket@gmail.com,051-5125778,Ashdod
291252677,Limor,,Gabay,1960-06-30,limor.gabay@hotmail.com,054-1534227,Nahariya
217150929,Idan,Bat,Levine,2000-10-30,idan.levine@checkpoints.com,055-1800071,Herzeliya
882834067,Alon,,Heller,2007-01-08,alon.heller@gmail.com,056-6180650,Tel Aviv - Yafo
488768120,Michal,Leah,Feldman,1955-11-23,michal.feldman@gmail.com,052-1123547,Tel Aviv - Yafo
839620108,Shir,,Shamir,1949-06-30,shir.shamir@gmail.com,054-5485638,Nahariya
208463986,Avraham,,Bar-On,1949-08-21,avraham.bar-on@checkpoints.com,057-1918332,Petah-Tikva
233007458,Eyal,,Grosman,1982-09-28,eyal.grosman@gmail.com,053-3769345,Nahariya
500187666,Shalom,Bat,Malka,1992-06-26,shalom.malka@gmail.com,052-3031270,Jerusalem
300382876,Nir,, Dayan,1993-02-04,nir. dayan@gmail.com,051-5509455,Nahariya
191072666,Erez,,Azoulay,2000-12-17,erez.azoulay@hotmail.com,059-6695216,Jerusalem
832887711,Omer,Sarah,Azoulay,1965-07-10,omer.azoulay@hotmail.com,054-4004772,Eilat
764678162,Ronit,,Elbaz,1997-07-28,ronit.elbaz1@hotmail.com,059-8857165,Nahariya
396737264,Roy,Yosef,Shamir,1946-07-21,roy.shamir@walla.co.il,050-2314572,Petah-Tikva
973622050,Rami,Ben,Navon,1972-01-27,rami.navon@gmail.com,055-7382707,Haifa
761591416,Gadi,,Ronen,1945-03-27,gadi.ronen@walla.co.il,053-8271292,Herzeliya
319661443,Avi,Leah,Blau,1943-01-29,avi.blau@teva.com,052-1861891,Herzeliya
506663650,Tal,,Hoffman,1966-11-17,tal.hoffman@hotmail.com,051-8141025,Ashdod
432318895,Noga,,Yadin,2004-08-18,noga.yadin@walla.co.il,053-1274232,Rehovot
246538152,Meital,,Klein,1977-08-13,meital.klein@gmail.com,050-5498039,Tel Aviv - Yafo
251960897,Yuval,,Sharon,1973-07-12,yuval.sharon@checkpoints.com,058-5289540,Herzeliya
836592371,Shalom,,Yosef,1969-10-17,shalom.yosef@teva.com,052-3784400,Herzeliya
683495239,Amit,,Eshkol,2002-09-14,amit.eshkol@gmail.com,057-1597163,Herzeliya
933045724,Stav,Yosef,Bareket,1995-06-22,stav.bareket@hotmail.com,051-3856376,Rehovot
704939841,Eyal,,Yosef,1986-08-29,eyal.yosef@gmail.com,054-7028690,Jerusalem
122459683,Avi,Sarah,Gur,1967-10-30,avi.gur1@hotmail.com,058-4308801,Jerusalem
303061521,Leah,Sarah,Turgeman,1976-05-26,leah.turgeman@walla.co.il,055-7116942,Beer-Sheva
953108928,Ariel,,Sharon,1955-05-04,ariel.sharon@gmail.com,054-6371654,Herzeliya
665113488,Roy,,Malka,1967-12-02,roy.malka@teva.com,059-5779717,Nahariya
651538041,Sarah,,Klein,1957-02-05,sarah.klein@gmail.com,058-8701555,Petah-Tikva
540592696,Linoy,Michael,Ben-David,1953-05-07,linoy.ben-david@checkpoints.com,055-6722379,Tel Aviv - Yafo
276257340,Ori,,Ohayon,1963-04-28,ori.ohayon@hotmail.com,054-7394513,Haifa
503730305,Dana,,Deutsch,1952-02-10,dana.deutsch@walla.co.il,053-1007682,Tel Aviv - Yafo
417096644,Moshe,,Blau,1952-01-20,moshe.blau@gmail.com,055-7766698,Nahariya
406783684,Michael,,Sarusi,1943-03-26,michael.sarusi@walla.co.il,053-6707702,Nahariya
829552541,Avi,,Altman,1975-06-21,avi.altman@checkpoints.com,057-8670834,Petah-Tikva
522286098,Coral,,Melamed,1972-06-20,coral.melamed@gmail.com,050-7668192,Jerusalem
520939338,David,Ben,fuchs,1970-08-20,david.fuchs1@hotmail.com,056-8710502,Nahariya
297219895,Maya,,Sela,1994-09-09,maya.sela@gmail.com,054-5754373,Jerusalem
554294959,Dudi,,Golan,1980-03-22,dudi.golan@gmail.com,055-7971976,Haifa
865808329,Zohar,,Liberman,1954-11-03,zohar.liberman@checkpoints.com,054-8448736,Ashdod
893963056,Shalom,Yosef,Omer,1960-04-15,shalom.omer@walla.co.il,057-7427368,Tel Aviv - Yafo
459473732,Yitzhak,,Liberman,1959-05-28,yitzhak.liberman@checkpoints.com,051-8184075,Herzeliya
767501462,Tali,Bat,Klein,1971-09-28,tali.klein@walla.co.il,055-8302196,Rehovot
590750648,Gil,Leah,Harel,1938-11-29,gil.harel@checkpoints.com,050-9197026,Haifa
945680609,Osnat,,Ronen,1944-08-12,osnat.ronen@walla.co.il,056-2261305,Petah-Tikva
269431190,Erez,,Omer,1949-05-23,erez.omer@teva.com,052-4284560,Petah-Tikva
464378062,Agam,,fuchs,1946-09-16,agam.fuchs@gmail.com,059-2465371,Ashdod
562227368,Tamar,,Dotan,1992-01-15,tamar.dotan@walla.co.il,051-6054188,Eilat
224414231,Tal,,Zilber,1965-03-05,tal.zilber@gmail.com,055-4242553,Jerusalem
795110583,Osnat,,Dahan,1979-02-02,osnat.dahan1@gmail.com,059-9985243,Jerusalem
683136598,Iris,Sarah,Altman,1972-05-31,iris.altman@teva.com,052-6160445,Nahariya
714181850,Michael,Bat,Agbaria,2007-04-30,michael.agbaria@hotmail.com,059-8396880,Herzeliya
666847514,Lihi,,Barkat,1949-09-08,lihi.barkat@checkpoints.com,050-5337959,Tel Aviv - Yafo
966402217,Shira,,Netanyahu,1973-08-30,shira.netanyahu@gmail.com,056-7807650,Beer-Sheva
550284138,Michael,,Yadin,1938-05-19,michael.yadin@checkpoints.com,050-5877894,Eilat
381375697,Dorit,,Sela,1944-09-11,dorit.sela@walla.co.il,055-9891049,Petah-Tikva
939691313,Eden,,Avraham,1940-01-24,eden.avraham@hotmail.com,053-9417056,Ashdod
171561460,Niv,,Dotan,1940-07-04,niv.dotan@gmail.com,057-4857756,Herzeliya
382544112,Dorit,,Gabay,1959-12-17,dorit.gabay@teva.com,059-1390471,Herzeliya
241979356,Erez,,Malka,1945-09-20,erez.malka@gmail.com,057-9684076,Haifa
991202524,Shira,,Deutsch,1972-06-25,shira.deutsch@walla.co.il,053-8290677,Jerusalem
150466425,Hila,Ben,Omer,1971-08-23,hila.omer1@gmail.com,057-8305514,Jerusalem
195845929,Shani,,Saban,1990-09-17,shani.saban@checkpoints.com,058-6906708,Rehovot
691539646,Tali,,Saban,1939-12-26,tali.saban@teva.com,055-8506125,Tel Aviv - Yafo
885591119,Agam,,Yadin,1937-05-12,agam.yadin@gmail.com,055-1568456,Jerusalem
579779411,Michael,,Lapid,2007-01-17,michael.lapid@gmail.com,057-6202542,Nahariya
556141718,Avraham,,Berger,1960-12-01,avraham.berger@hotmail.com,057-3233323,Eilat
582159241,Yitzhak,,Klein,1975-05-03,yitzhak.klein@walla.co.il,054-6491844,Jerusalem
786364359,Motti,Ben,Yarkoni,2007-03-10,motti.yarkoni@checkpoints.com,059-7469859,Tel Aviv - Yafo
383347823,Gil,,Porat,1955-12-14,gil.porat@checkpoints.com,053-5659970,Herzeliya
790547084,Gal,,Liberman,2006-11-03,gal.liberman@walla.co.il,051-1290011,Beer-Sheva
360466026,Dorit,,Shapira,1992-05-26,dorit.shapira@gmail.com,050-4825289,Rehovot
633652145,Eitan,,Lazar,1968-12-14,eitan.lazar@gmail.com,050-2448773,Rehovot
237368780,Yaakov,Leah,Green,1953-10-16,yaakov.green@gmail.com,058-1148375,Petah-Tikva
727840506,Eitan,,Malka,1980-07-02,eitan.malka@checkpoints.com,053-7332874,Ashdod
308378127,Kim,,Nir,1973-11-03,kim.nir@walla.co.il,057-8188853,Rehovot
670122269,Yosef,,Ben-Ari,2006-03-04,yosef.ben-ari@teva.com,057-4502552,Ashdod
118103600,Zohar,,Navon,1975-02-27,zohar.navon@teva.com,057-1513706,Petah-Tikva
385239144,Linoy,,Sharon,1977-04-12,linoy.sharon@gmail.com,052-5122746,Herzeliya
780407822,Eyal,,Lavi,1952-02-18,eyal.lavi@gmail.com,052-2635391,Tel Aviv - Yafo
383457036,Kim,,Bar-On,1987-09-08,kim.bar-on@gmail.com,051-9741545,Rehovot
983110610,Israel,Leah,Dotan,1966-06-25,israel.dotan3@gmail.com,053-4847632,Nahariya
693199493,Inbal,,Netanyahu,1940-02-12,inbal.netanyahu@checkpoints.com,056-1149984,Tel Aviv - Yafo
541518481,Coral,,Weiss,1961-05-20,coral.weiss@teva.com,059-6029984,Jerusalem
494231809,Niv,,Hoffman,1968-09-22,niv.hoffman@checkpoints.com,051-7497042,Ashdod
934221513,Hadar,,Koren,1958-10-28,hadar.koren@gmail.com,055-6201472,Petah-Tikva
473690482,Yosef,,Sela,1962-05-12,yosef.sela@gmail.com,054-2804415,Petah-Tikva
686666291,Avraham,,Shani,1979-04-04,avraham.shani@hotmail.com,052-2622611,Eilat
517520265,Noga,,Navon,1954-07-31,noga.navon@teva.com,054-7374018,Beer-Sheva
887284253,Nir,,Agbaria,1949-02-24,nir.agbaria@walla.co.il,058-8592909,Petah-Tikva
927967612,Osnat,Michael,Ben-Gurion,1972-07-17,osnat.ben-gurion1@walla.co.il,053-3176029,Rehovot
255914687,Noam,,Omer,1944-03-19,noam.omer@gmail.com,054-6394569,Eilat
684990205,Iris,Sarah,Goldberg,1971-08-27,iris.goldberg@hotmail.com,053-3662166,Ashdod
896658992,Dor,,Klein,1960-09-13,dor.klein@hotmail.com,050-9573938,Haifa
335648772,Dan,Sarah,Omer,1970-12-18,dan.omer@gmail.com,052-4310664,Jerusalem
841100092,Roni,Yosef,Bar-On,1945-01-02,roni.bar-on@gmail.com,052-9233181,Haifa
911490170,Dan,,Melamed,1941-11-01,dan.melamed@teva.com,051-2721670,Rehovot
243855788,Tal,,Geva,1941-09-27,tal.geva@hotmail.com,057-2084534,Eilat
495475257,Shlomo,,Ohayon,1968-11-25,shlomo.ohayon@walla.co.il,057-2999898,Rehovot
598889754,Eyal,,Sharon,1938-06-24,eyal.sharon@gmail.com,051-9698451,Nahariya
864509663,Dorit,Bat,Gabay,1969-08-16,dorit.gabay1@teva.com,050-9604097,Jerusalem
682162970,Kim,,Ramon,1951-08-22,kim.ramon@teva.com,053-7286474,Petah-Tikva
165254918,Noga,,Bar-On,1939-01-04,noga.bar-on@hotmail.com,054-3670110,Tel Aviv - Yafo
421633438,Avi,,Olmert,1986-01-04,avi.olmert1@hotmail.com,052-9450813,Ashdod
584513578,Adi,, Dayan,1971-10-24,adi. dayan@walla.co.il,058-9673493,Beer-Sheva
433010529,Noa,,Shani,2003-02-20,noa.shani@checkpoints.com,052-1400919,Eilat
755181075,Motti,,David,1997-01-25,motti.david1@gmail.com,055-8994505,Eilat
559563656,Rivka,,Eshkol,1960-11-30,rivka.eshkol@checkpoints.com,052-8268178,Beer-Sheva
965075391,Tomers,,Levi,1980-06-10,tomers.levi@gmail.com,058-8505394,Tel Aviv - Yafo
138214757,Itai,Bat,Geva,1982-11-17,itai.geva@walla.co.il,055-3553325,Beer-Sheva
478762902,Yuval,,Levine,1988-11-23,yuval.levine@walla.co.il,056-3571944,Nahariya
790162096,Orly,,Kraus,2003-09-13,orly.kraus@gmail.com,057-1805027,Ashdod
502349192,Sapir,,Feldman,1976-11-02,sapir.feldman@gmail.com,058-9866775,Haifa
826149865,Meital,,Shani,1946-01-16,meital.shani@teva.com,056-2793465,Beer-Sheva
686785214,Daniel,,Arad,1936-08-10,daniel.arad@gmail.com,058-2483405,Herzeliya
690403148,Kobi,,Ohayon,1970-01-06,kobi.ohayon@gmail.com,053-4445790,Ashdod
656571224,Tamar,,Friedman,1967-01-01,tamar.friedman@gmail.com,059-7107778,Ashdod
289865356,May,Ben,David,2006-11-12,may.david@gmail.com,057-2173978,Nahariya
452742072,Mor,,Navon,1955-06-13,mor.navon@gmail.com,050-4249575,Ashdod
104438911,Lior,,Kraus,2002-11-10,lior.kraus1@gmail.com,056-4443613,Nahariya
605581695,Asaf,,Ronen,1950-04-28,asaf.ronen@walla.co.il,052-4976239,Beer-Sheva
877058139,Maya,Ben,Frank,1995-06-21,maya.frank@walla.co.il,050-7210953,Rehovot
857226227,Sivan,,Shapira,1996-12-23,sivan.shapira@walla.co.il,056-3724123,Jerusalem
370016953,Sapir,,Bar-On,1969-04-25,sapir.bar-on1@gmail.com,050-3470148,Nahariya
217650233,Daniel,Ben,Tamir,1955-10-10,daniel.tamir1@walla.co.il,058-6533150,Jerusalem
368034595,Nir,,Shamir,1961-06-08,nir.shamir@hotmail.com,058-3374056,Petah-Tikva
752660868,Oren,,Harari,1943-08-08,oren.harari@gmail.com,053-3020727,Ashdod
259538275,Guy,Sarah,Olmert,1994-05-19,guy.olmert@teva.com,053-4071728,Ashdod
442413184,Noa,Michael,Asulin,1946-09-14,noa.asulin@gmail.com,057-6418387,Herzeliya
306329961,Amit,,Marciano,1990-06-17,amit.marciano@walla.co.il,059-1680549,Ashdod
726925838,Avi,,Ohayon,1999-02-06,avi.ohayon@gmail.com,057-2645052,Ashdod
978671067,Gadi,,Blau,1970-10-16,gadi.blau1@walla.co.il,055-4417878,Rehovot
111071114,Avraham,,Vaknin,1980-06-01,avraham.vaknin@checkpoints.com,054-6735069,Ashdod
838962425,Yaron,,Goldberg,1995-04-29,yaron.goldberg@gmail.com,054-5596547,Nahariya
611428363,Eden,,Ohayon,1994-04-08,eden.ohayon@walla.co.il,059-6275937,Beer-Sheva
149940566,Shalom,Bat,Sela,1977-07-01,shalom.sela@teva.com,058-7270343,Jerusalem
434983721,Kim,Yosef,Avraham,2007-01-08,kim.avraham@hotmail.com,059-6949762,Jerusalem
567380411,Limor,Bat,Sarusi,1964-03-17,limor.sarusi@gmail.com,058-7576929,Ashdod
626425909,Neta,Yosef,Harel,2002-04-28,neta.harel@gmail.com,055-5087844,Beer-Sheva
127543303,Michal,,Biton,1946-09-15,michal.biton@gmail.com,051-6594260,Nahariya
362672934,Hadar,,Levine,1999-11-30,hadar.levine@walla.co.il,057-5397122,Tel Aviv - Yafo
699141836,Avi,,Shani,1966-01-22,avi.shani@hotmail.com,057-7098705,Jerusalem
180429718,Dorit,Leah,Begin,1982-06-23,dorit.begin@gmail.com,051-8064203,Petah-Tikva
330381842,Kim,,Saban,1955-08-28,kim.saban@hotmail.com,052-9716513,Eilat
942931613,Ariel,,Netanyahu,1944-10-19,ariel.netanyahu@walla.co.il,055-9213149,Beer-Sheva
307638925,Israel,,Nir,1946-04-21,israel.nir@gmail.com,057-7825855,Beer-Sheva
551022053,Sigal,,Lazar,1953-04-05,sigal.lazar@hotmail.com,053-7991741,Beer-Sheva
740717550,Yuval,,Stern,1962-09-11,yuval.stern@teva.com,050-3963547,Rehovot
890976764,Adam,,Netanyahu,1987-10-26,adam.netanyahu@gmail.com,055-2800208,Haifa
940920342,Zohar,,Katz,1968-11-28,zohar.katz@walla.co.il,052-4095888,Herzeliya
602758404,Zohar,,Stern,1971-04-08,zohar.stern@hotmail.com,051-3138160,Jerusalem
451457359,Ariel,Ben,Lazar,1951-07-23,ariel.lazar@gmail.com,058-2794884,Haifa
931972234,Coral,,Nir,1971-04-11,coral.nir@gmail.com,052-2596146,Tel Aviv - Yafo
183143438,Yitzhak,,Guttman,1984-01-24,yitzhak.guttman@gmail.com,052-1790257,Herzeliya
640803282,Shani,,Lapid,1978-10-17,shani.lapid@gmail.com,058-4048503,Rehovot
571183410,Avi,Sarah,Peled,1986-12-12,avi.peled@walla.co.il,051-2564420,Tel Aviv - Yafo
357077007,Roni,Bat,Gal,1966-08-02,roni.gal1@gmail.com,053-7996556,Haifa
423385086,Ron,,Ben-Ari,1941-11-06,ron.ben-ari@gmail.com,055-4073568,Jerusalem
691260834,Alon,,Silberman,1991-05-11,alon.silberman@teva.com,056-5532207,Tel Aviv - Yafo
777267039,Tali,,Livne,1978-11-16,tali.livne@hotmail.com,058-2225735,Beer-Sheva
685554718,Dana,,Goldberg,2000-12-02,dana.goldberg@walla.co.il,050-8424060,Ashdod
971507535,Shir,Ben,Altman,1982-12-17,shir.altman@gmail.com,050-5192412,Tel Aviv - Yafo
607632852,Roy,,Eshkol,1987-07-16,roy.eshkol@hotmail.com,056-9874002,Haifa
601337838,Shahar,Yosef,Mizrachi,1950-01-21,shahar.mizrachi@checkpoints.com,058-7444684,Beer-Sheva
560501922,Roni,Sarah,Cohen,1980-01-15,roni.cohen1@gmail.com,054-8824063,Herzeliya
437880405,Shalom,,Peres,1961-06-11,shalom.peres@gmail.com,054-6018864,Petah-Tikva
528268447,Idan,,Kraus,1954-12-26,idan.kraus1@gmail.com,051-9762826,Beer-Sheva
350413613,Alon,,Vaknin,1953-04-18,alon.vaknin@teva.com,054-2332809,Herzeliya
828013943,Shani,,Azoulay,1960-09-05,shani.azoulay@hotmail.com,059-7905365,Beer-Sheva
969249268,Erez,Bat,Mizrachi,1999-03-02,erez.mizrachi@gmail.com,053-9263879,Eilat
359273742,Shalom,,Geva,1968-02-06,shalom.geva@walla.co.il,052-6361157,Eilat
127864694,Motti,,Netanyahu,1945-04-21,motti.netanyahu@walla.co.il,056-1062756,Herzeliya
102004197,Dor,,Navon,1992-02-25,dor.navon@checkpoints.com,055-7201396,Haifa
588709103,Guy,,Blau,1984-11-28,guy.blau@gmail.com,057-1185477,Petah-Tikva
223525915,Motti,,Peretz,1984-06-20,motti.peretz@checkpoints.com,051-7883873,Beer-Sheva
632379955,Rotem,,Grosman,1963-10-27,rotem.grosman@hotmail.com,057-4843400,Tel Aviv - Yafo
969595994,Alon,Leah,Olmert,1955-07-09,alon.olmert@gmail.com,055-3085674,Eilat
559054448,Noa,Sarah,fuchs,1975-02-04,noa.fuchs@teva.com,055-1767753,Haifa
695648406,Eyal,,Ben-David,1995-03-03,eyal.ben-david@walla.co.il,058-3428249,Tel Aviv - Yafo
187921848,Omer,,Biton,1998-11-20,omer.biton@gmail.com,052-7786847,Haifa
935103620,Gal,,Nir,1975-10-17,gal.nir@teva.com,057-6251879,Ashdod
743997047,Rotem,,Klein,2006-02-06,rotem.klein@walla.co.il,059-8822244,Jerusalem
732906643,Sivan,,Klein,1949-06-04,sivan.klein@gmail.com,051-6815728,Beer-Sheva
965955780,Nir,,Bar-On,1988-01-26,nir.bar-on@gmail.com,057-2190075,Nahariya
927729713,Bar,,Lazar,1965-02-11,bar.lazar@walla.co.il,055-9507707,Eilat
980432370,Sarah,,Heller,2006-08-09,sarah.heller@walla.co.il,051-8560977,Beer-Sheva
242007160,Hila,,Schwartz,1968-02-04,hila.schwartz@gmail.com,058-5456347,Nahariya
310154978,Avi,,Omer,1965-08-04,avi.omer@hotmail.com,052-8029838,Petah-Tikva
810233970,Tamar,,Aharon,2003-01-09,tamar.aharon@gmail.com,058-9756612,Herzeliya
838515537,Adi,,Peled,2000-11-30,adi.peled@gmail.com,058-8662287,Ashdod
989208331,Linoy,Yosef,Arad,1940-04-14,linoy.arad@hotmail.com,053-3709865,Tel Aviv - Yafo
110243958,Stav,,Shamir,1942-09-07,stav.shamir@teva.com,056-6518634,Petah-Tikva
350541692,Hadar,Bat,Cohen,1973-03-20,hadar.cohen@checkpoints.com,059-3998467,Eilat
754131807,Shani,Michael,Porat,1957-03-17,shani.porat@walla.co.il,056-2511430,Nahariya
936954160,Iris,,Ben-David,1960-07-16,iris.ben-david@walla.co.il,057-7401735,Tel Aviv - Yafo
203785057,Ofek,Sarah,David,1960-09-10,ofek.david@walla.co.il,052-5380010,Herzeliya
990228664,Kim,Leah,Livne,1986-04-13,kim.livne1@gmail.com,059-2392808,Jerusalem
961866015,Kobi,,Yarkoni,1993-05-22,kobi.yarkoni@checkpoints.com,058-3681473,Nahariya
190458755,Noga,Michael,Porat,2006-01-17,noga.porat1@checkpoints.com,053-4169392,Rehovot
281688029,Shira,,Weiss,1957-03-11,shira.weiss@gmail.com,055-5551524,Nahariya
379754451,Chaim,,Shamir,1959-10-12,chaim.shamir@gmail.com,057-9387110,Beer-Sheva
733507484,Noa,,Gabay,1950-07-24,noa.gabay@hotmail.com,053-7350490,Jerusalem
992684169,Idan,,Gabay,2007-07-16,idan.gabay@gmail.com,052-7232482,Herzeliya
604022716,David,Yosef,Segal,1987-09-22,david.segal1@gmail.com,056-1714943,Eilat
251415989,Rachel,,Oz,1966-01-04,rachel.oz@teva.com,057-7572503,Ashdod
709745007,Ilan,,Dotan,1999-06-18,ilan.dotan@hotmail.com,057-6713482,Nahariya
395987246,Dor,,Marciano,1939-05-26,dor.marciano@gmail.com,051-9875004,Eilat
585147275,Yaakov,Ben,Yarkoni,1941-02-22,yaakov.yarkoni1@walla.co.il,059-4602737,Eilat
952014924,Leah,,Shaham,2001-12-27,leah.shaham@gmail.com,056-5116296,Ashdod
104841440,Dorit,,Guttman,1958-02-09,dorit.guttman@gmail.com,050-3142709,Haifa
522305532,Chaim,,Green,2004-05-28,chaim.green@gmail.com,054-7538856,Petah-Tikva
760150702,Yosef,Michael,Sharon,1993-03-27,yosef.sharon@checkpoints.com,054-2027256,Tel Aviv - Yafo
414495898,Kobi,,Livne,1968-03-03,kobi.livne@hotmail.com,051-5840565,Beer-Sheva
262463449,Ron,,Shaham,1937-03-28,ron.shaham@teva.com,055-5022032,Jerusalem
659272833,Nir,,Gal,1949-02-25,nir.gal@hotmail.com,053-3825669,Nahariya
232906963,Agam,,Katz,1964-07-18,agam.katz@gmail.com,050-1928648,Ashdod
370610891,Ofek,Bat,Sharon,1960-05-23,ofek.sharon1@teva.com,054-4556290,Haifa
340180244,Limor,,Shaham,1943-05-01,limor.shaham@teva.com,053-6359650,Rehovot
353463841,Eitan,,Yadin,1939-03-01,eitan.yadin@teva.com,053-4023661,Haifa
392165736,Osnat,,Malka,1988-11-20,osnat.malka@gmail.com,059-9509689,Beer-Sheva
884734034,Eyal,Leah,Sharon,1957-01-04,eyal.sharon@teva.com,052-5848282,Haifa
343117022,Hila,,Harel,1994-02-04,hila.harel@gmail.com,058-9527548,Jerusalem
732086579,Dan,,Netanyahu,1959-06-10,dan.netanyahu@gmail.com,050-3956222,Nahariya
347503850,Bar,,Guttman,1975-07-17,bar.guttman@checkpoints.com,051-5623622,Herzeliya
338902301,Dan,,Klein,1991-08-27,dan.klein@gmail.com,053-4425874,Petah-Tikva
779253362,Ofek,,Harari,2000-03-31,ofek.harari@gmail.com,059-4286609,Beer-Sheva
255785961,Dor,,Turgeman,1974-05-01,dor.turgeman@teva.com,059-7344946,Ashdod
346953676,Ofek,, Dayan,1993-07-24,ofek. dayan@checkpoints.com,055-6649998,Tel Aviv - Yafo
189296846,Shlomo,, Dayan,1949-02-25,shlomo. dayan@gmail.com,050-3148748,Haifa
134436800,Daniel,,Blau,1960-01-31,daniel.blau@gmail.com,052-8215836,Tel Aviv - Yafo
697306388,Sivan,,Peres,1970-09-30,sivan.peres@gmail.com,050-9063349,Tel Aviv - Yafo
770706673,Eli,,Hoffman,1959-09-26,eli.hoffman@hotmail.com,056-4831079,Nahariya
456507539,Yaron,Ben,Katz,1996-12-26,yaron.katz@hotmail.com,058-6120290,Nahariya
443416504,Moshe,,Ramon,1968-10-06,moshe.ramon@gmail.com,053-3155884,Nahariya
872018756,Lihi,,Harel,1963-08-15,lihi.harel@teva.com,056-4206421,Haifa
284325024,Sarah,,Gal,1973-05-13,sarah.gal@checkpoints.com,059-2187502,Beer-Sheva
810135230,Rami,,Berger,1947-04-18,rami.berger@checkpoints.com,051-2239874,Herzeliya
543288911,Anat,,Harel,1991-04-27,anat.harel@hotmail.com,056-7289147,Nahariya
120182393,Israel,Michael,Peles,1967-09-07,israel.peles1@gmail.com,053-4142803,Haifa
546890994,Yaakov,Sarah,Peres,1963-04-28,yaakov.peres@checkpoints.com,058-6134601,Jerusalem
387108474,Eli,,Blau,2006-08-10,eli.blau@gmail.com,053-9686433,Eilat
918777041,Eitan,,Oz,1980-08-18,eitan.oz@checkpoints.com,054-3706061,Eilat
233733239,Mor,,Biton,2006-08-30,mor.biton@teva.com,059-9255025,Haifa
901117514,Rami,,Oz,1989-12-23,rami.oz@teva.com,058-3875918,Beer-Sheva
235728362,Kim,Ben,Gur,1976-01-25,kim.gur@checkpoints.com,051-1095392,Rehovot
591630521,Iris,,Green,1970-04-01,iris.green@teva.com,053-2720638,Tel Aviv - Yafo
861121900,Tali,Bat,Vaknin,1974-02-11,tali.vaknin@gmail.com,053-3758739,Ashdod
185348215,Leah,,Kramer,1992-07-04,leah.kramer@teva.com,055-1217457,Ashdod
431399863,Leah,,Bar-On,1964-01-28,leah.bar-on@checkpoints.com,054-4592670,Rehovot
109753568,Shlomo,Leah,Zilber,1962-07-23,shlomo.zilber@walla.co.il,056-4749594,Tel Aviv - Yafo
620662273,Guy,,Heller,1949-07-16,guy.heller@gmail.com,057-7244193,Eilat
380615675,Zohar,,Eitan,1954-09-24,zohar.eitan@gmail.com,057-1547794,Beer-Sheva
983017667,Niv,,Bar-On,1959-08-14,niv.bar-on@gmail.com,050-3409144,Nahariya
286085000,Iris,,Liberman,1987-09-18,iris.liberman@teva.com,055-9888179,Rehovot
246330198,Niv,,Vaknin,1995-10-30,niv.vaknin@teva.com,052-4820076,Petah-Tikva
181752101,Yosef,,Ohayon,1983-11-22,yosef.ohayon@checkpoints.com,052-4226308,Tel Aviv - Yafo
910594401,Hadar,,fuchs,1943-03-23,hadar.fuchs@checkpoints.com,056-2812450,Haifa
483500920,Itai,,Shaham,1981-06-16,itai.shaham@gmail.com,051-1470376,Eilat
649712129,Ilan,,Stern,1957-08-28,ilan.stern@gmail.com,053-2682364,Rehovot
986839230,Erez,,Livne,1958-10-05,erez.livne@walla.co.il,054-6797424,Beer-Sheva
776257436,Tali,,David,1970-06-24,tali.david@teva.com,056-2921517,Haifa
942678639,Gal,,Ramon,1969-09-08,gal.ramon@gmail.com,059-1673434,Haifa
690705633,Eitan,,Frank,1967-09-20,eitan.frank@teva.com,054-7888543,Nahariya
456537325,Sapir,,Marciano,1966-07-25,sapir.marciano1@walla.co.il,053-5939889,Petah-Tikva
971234721,Rotem,,Livne,1993-02-27,rotem.livne@gmail.com,050-2830153,Jerusalem
660745510,Shlomo,,Eitan,1947-12-13,shlomo.eitan@gmail.com,052-1775745,Petah-Tikva
631464844,Shani,,Geva,2004-08-12,shani.geva@checkpoints.com,050-3433077,Tel Aviv - Yafo
152352989,Dan,,Heller,2006-12-10,dan.heller@teva.com,050-2544631,Haifa
639681838,Lior,Sarah,Aharon,1953-08-20,lior.aharon1@gmail.com,055-6679526,Tel Aviv - Yafo
396032279,Kim,Yosef,Lavi,1968-03-01,kim.lavi@teva.com,056-5545356,Rehovot
242091583,Yuval,,Melamed,1986-02-05,yuval.melamed@walla.co.il,053-9094625,Tel Aviv - Yafo
392672619,Tomers,Michael,Koren,1997-10-30,tomers.koren@gmail.com,052-4952381,Eilat
956457987,Shalom,Sarah,Netanyahu,1961-01-04,shalom.netanyahu@gmail.com,054-6803023,Tel Aviv - Yafo
465625274,Tali,,Frank,1948-07-30,tali.frank@gmail.com,058-2965339,Haifa
308471656,Michal,,Elbaz,1991-03-02,michal.elbaz@teva.com,053-8217003,Tel Aviv - Yafo
543332176,Shalom,,Hadad,2005-01-12,shalom.hadad@teva.com,057-1537879,Ashdod
550190996,Shahar,,Dahan,1969-07-25,shahar.dahan@checkpoints.com,059-8419335,Rehovot
117440471,Rotem,,Ben-Gurion,1984-06-09,rotem.ben-gurion@walla.co.il,056-1365843,Tel Aviv - Yafo
517429870,Daniel,,Feldman,1991-10-13,daniel.feldman@checkpoints.com,058-8359938,Nahariya
457718721,Rotem,,Elbaz,1998-11-27,rotem.elbaz@hotmail.com,054-6784803,Tel Aviv - Yafo
126881882,Gil,,Kraus,2007-05-08,gil.kraus@hotmail.com,051-7386839,Beer-Sheva
446668318,Idan,Leah,Dotan,1988-11-01,idan.dotan@gmail.com,052-7480098,Petah-Tikva
221760795,Michal,Yosef,Ben-Ari,1966-09-12,michal.ben-ari@gmail.com,050-9165807,Nahariya
370899959,Yaron,,Yosef,1946-04-03,yaron.yosef@hotmail.com,050-8106560,Tel Aviv - Yafo
818560271,Agam,,Lavi,1999-08-21,agam.lavi@gmail.com,055-8376102,Tel Aviv - Yafo
670134145,Eden,,Segal,1984-09-16,eden.segal@hotmail.com,059-8346426,Beer-Sheva
624196084,Tal,,Harel,1978-12-27,tal.harel@gmail.com,050-1316876,Haifa
766269989,Rotem,,Netanyahu,1970-09-22,rotem.netanyahu@gmail.com,057-1117465,Petah-Tikva
251089359,Dana,,Agbaria,1936-08-24,dana.agbaria1@checkpoints.com,052-9420505,Tel Aviv - Yafo
287929189,Neta,,David,1983-11-18,neta.david@gmail.com,052-9822616,Petah-Tikva
635941376,Noa,,Altman,1961-10-01,noa.altman@gmail.com,051-4530941,Rehovot
979033300,Yaakov,,Peres,1996-07-04,yaakov.peres1@checkpoints.com,057-3299351,Nahariya
883114594,Asaf,Bat,Marciano,1973-06-22,asaf.marciano@teva.com,052-7292628,Jerusalem
600516379,Eyal,,Agbaria,1994-03-03,eyal.agbaria@hotmail.com,055-3147807,Beer-Sheva
467814410,Eitan,,Grosman,1953-04-30,eitan.grosman@gmail.com,051-2099098,Petah-Tikva
776361499,Agam,,Levi,1952-07-25,agam.levi@teva.com,059-9949005,Eilat
863350355,Idan,,Mizrachi,2005-05-03,idan.mizrachi@gmail.com,053-6738909,Petah-Tikva
362526591,Coral,,Eshkol,1962-05-22,coral.eshkol@gmail.com,055-2284152,Haifa
324452866,Shahar,,Blau,1962-09-28,shahar.blau@gmail.com,053-2286731,Tel Aviv - Yafo
570519218,Shira,,Geva,1984-12-16,shira.geva@hotmail.com,057-7955130,Petah-Tikva
291760661,Hadar,Ben,Barkat,1956-01-21,hadar.barkat@gmail.com,050-2700717,Eilat
684243920,Guy,,Klein,1995-04-11,guy.klein@checkpoints.com,054-1937961,Beer-Sheva
874022949,Yitzhak,,Blau,2001-11-17,yitzhak.blau@hotmail.com,058-1310356,Rehovot
550116474,Tal,Michael,Porat,1970-05-06,tal.porat@gmail.com,055-4914781,Petah-Tikva
124688224,Israel,,Levine,1964-04-18,israel.levine@gmail.com,056-2152128,Ashdod
378182351,Roy,Leah,Bareket,1952-01-12,roy.bareket@teva.com,056-2576828,Beer-Sheva
800091184,David,,Arad,1992-05-12,david.arad1@hotmail.com,053-1864803,Tel Aviv - Yafo
268334750,Motti,,Gabay,1959-01-21,motti.gabay@hotmail.com,057-7727959,Beer-Sheva
537731796,Bar,Sarah,Lapid,1975-02-23,bar.lapid@walla.co.il,050-1829670,Beer-Sheva
956318536,Ron,, Dayan,1945-11-18,ron. dayan@walla.co.il,056-6395717,Herzeliya
686699585,Dor,Yosef,Melamed,1963-12-28,dor.melamed@teva.com,053-9010663,Haifa
955743495,Dan,,Segal,1955-08-29,dan.segal@checkpoints.com,050-7682615,Jerusalem
179768194,Limor,Sarah,Dahan,1954-05-16,limor.dahan@gmail.com,052-9842468,Haifa
881090651,Tamar,,Navon,1969-09-23,tamar.navon1@gmail.com,053-2398174,Beer-Sheva
191820571,Shalom,Ben,Peled,1947-01-11,shalom.peled1@gmail.com,055-4851410,Eilat
445984965,Rachel,,Rubin,1973-06-17,rachel.rubin@hotmail.com,051-8001907,Rehovot
311149389,Stav,,Lapid,1977-08-31,stav.lapid@walla.co.il,050-9692794,Beer-Sheva
862202905,Moshe,,Shamir,1964-02-15,moshe.shamir@hotmail.com,053-4594098,Rehovot
665251937,Amit,Leah,Hoffman,1944-06-14,amit.hoffman@gmail.com,056-5433694,Herzeliya
576138633,Avigail,,Zamir,1968-08-28,avigail.zamir@gmail.com,054-9780934,Nahariya
765475757,Noam,,Bareket,1990-05-06,noam.bareket@checkpoints.com,059-9314541,Nahariya
368583978,Maya,,fuchs,2002-08-21,maya.fuchs@teva.com,055-7926410,Rehovot
577403610,Eitan,,Feldman,1938-11-03,eitan.feldman@gmail.com,058-4175772,Haifa
874185963,Shlomo,,Grosman,1941-08-19,shlomo.grosman@hotmail.com,054-4264218,Nahariya
572462427,Ori,,Peres,2005-04-13,ori.peres1@gmail.com,050-3492151,Jerusalem
713733413,Yael,,Omer,1996-10-31,yael.omer@teva.com,059-1941300,Tel Aviv - Yafo
978528091,Noam,Leah,Omer,1970-04-01,noam.omer@teva.com,057-1517524,Haifa
417948026,Eli,Yosef,Agbaria,1956-09-13,eli.agbaria@checkpoints.com,059-4745704,Petah-Tikva
586406926,Stav,Yosef,Kraus,1984-01-18,stav.kraus@teva.com,056-8397841,Nahariya
257732693,Itai,,Netanyahu,1964-12-18,itai.netanyahu@checkpoints.com,058-3946077,Beer-Sheva
795721102,Motti,,Yarkoni,1996-04-21,motti.yarkoni@walla.co.il,059-1468658,Tel Aviv - Yafo
534195646,Linoy,,Bar-On,1973-03-25,linoy.bar-on1@gmail.com,052-9941534,Ashdod
650745265,Agam,,Blau,2000-09-13,agam.blau@gmail.com,053-7137217,Petah-Tikva
218581838,Kim,,Deutsch,2001-07-22,kim.deutsch@gmail.com,056-9389870,Haifa
335459837,Sarah,,Tzur,1952-08-31,sarah.tzur@teva.com,050-5895844,Rehovot
820927798,Hadar,Bat,Elbaz,1982-09-19,hadar.elbaz@checkpoints.com,058-1769511,Beer-Sheva
123801411,Lior,,Turgeman,1979-12-11,lior.turgeman@teva.com,052-9224718,Ashdod
847741453,Ori,,Malka,1993-12-27,ori.malka@walla.co.il,055-1236090,Ashdod
426176007,Shalom,,Zilber,1939-01-11,shalom.zilber@gmail.com,052-4254170,Rehovot
284574317,Ronit,,Arad,1950-12-02,ronit.arad@checkpoints.com,059-8657302,Nahariya
768940025,Daniel,,David,1989-07-02,daniel.david@gmail.com,057-4842066,Rehovot
516117165,Michael,,Sharon,1945-05-13,michael.sharon@walla.co.il,057-2840114,Nahariya
737781506,Hadar,Bat,Peles,1972-07-17,hadar.peles@walla.co.il,057-2586884,Petah-Tikva
817026227,Eden,Michael,Grosman,1997-06-20,eden.grosman@checkpoints.com,059-8451739,Tel Aviv - Yafo
992875340,Rivka,,Ramon,1958-10-26,rivka.ramon@checkpoints.com,054-3424741,Rehovot
798278105,David,Ben,Hadad,1997-03-03,david.hadad@teva.com,056-9596239,Ashdod
367303704,Ron,Michael,Levi,1953-01-13,ron.levi@teva.com,058-8654294,Ashdod
704924339,Dorit,Yosef,Ramon,1943-07-27,dorit.ramon@teva.com,059-4589090,Rehovot
439388719,Chaim,,Katz,1996-07-18,chaim.katz@teva.com,056-2116565,Tel Aviv - Yafo
731049650,Agam,,Agbaria,1961-03-19,agam.agbaria@teva.com,052-9039801,Ashdod
438509118,Neta,,Tzur,1991-05-22,neta.tzur@hotmail.com,059-4570823,Ashdod
974797444,Avigail,,Shapira,1971-04-17,avigail.shapira@checkpoints.com,057-8426033,Jerusalem
621621169,Iris,,Ben-Ari,1987-01-22,iris.ben-ari@gmail.com,050-8679161,Beer-Sheva
851655779,Linoy,,Peres,1939-09-09,linoy.peres@teva.com,057-7725374,Rehovot
378541289,Ben,,Peles,1945-12-27,ben.peles@gmail.com,058-8285548,Tel Aviv - Yafo
788086341,Adi,,Altman,1997-12-21,adi.altman@gmail.com,051-1391319,Rehovot
531461395,Erez,Bat,Lapid,1953-07-18,erez.lapid@teva.com,057-3408105,Nahariya
881096227,Hila,Sarah,Hoffman,2003-11-10,hila.hoffman@gmail.com,054-9729715,Tel Aviv - Yafo
531915431,Gadi,Yosef,Malka,1952-04-25,gadi.malka@gmail.com,059-7114567,Tel Aviv - Yafo
832480608,Omer,,Spector,1988-03-10,omer.spector@walla.co.il,055-1363462,Herzeliya
892638040,Tali,,Marciano,1991-12-14,tali.marciano@teva.com,056-1168908,Haifa
617261340,Rami,,Vaknin,1945-08-13,rami.vaknin@gmail.com,054-1933053,Rehovot
412290680,Kim,Ben,Rubin,1944-08-16,kim.rubin1@checkpoints.com,056-1843997,Tel Aviv - Yafo
787812914,Idan,Yosef,Eshkol,1947-06-01,idan.eshkol1@gmail.com,056-9270719,Nahariya
882551621,Kim,,Yosef,1937-11-12,kim.yosef@hotmail.com,051-6067023,Eilat
797700768,Rami,Yosef,Berger,1953-07-17,rami.berger@gmail.com,051-2290936,Nahariya
338720403,Dorit,,Berger,1941-03-12,dorit.berger@gmail.com,057-5618155,Beer-Sheva
560273652,Dan,,Levi,1984-07-30,dan.levi@gmail.com,057-2191763,Eilat
515585887,Ilan,,Marciano,1988-02-16,ilan.marciano@hotmail.com,050-5260587,Tel Aviv - Yafo
250910956,Sapir,,Shamir,1944-06-10,sapir.shamir@gmail.com,055-6495874,Ashdod
729949685,Niv,,Katz,1943-04-26,niv.katz@gmail.com,051-3526736,Herzeliya
346066002,Anat,,Barkat,1943-12-25,anat.barkat@gmail.com,051-3760816,Rehovot
545061864,Yuval,,Yarkoni,1949-08-02,yuval.yarkoni@gmail.com,056-6478087,Rehovot
542827648,May,,Olmert,1941-01-10,may.olmert@hotmail.com,050-3554432,Eilat
688457035,Anat,,Elbaz,2001-08-12,anat.elbaz@teva.com,051-3208270,Tel Aviv - Yafo
196493662,Hila,,Biton,1974-10-25,hila.biton@gmail.com,055-7198454,Petah-Tikva
770046445,Meital,,Rubin,2006-01-19,meital.rubin@gmail.com,051-9420720,Herzeliya
992588952,Shira,,Shamir,1983-09-22,shira.shamir@gmail.com,053-9158072,Haifa
975169595,Noga,Bat,Shani,1993-07-05,noga.shani@gmail.com,051-6082533,Petah-Tikva
545949945,Gal,Sarah,Arad,1980-01-15,gal.arad@gmail.com,054-6761825,Nahariya
471891452,Bar,,Grosman,1982-07-18,bar.grosman@gmail.com,053-3449824,Nahariya
681102632,Michael,Ben,Eshkol,1944-07-24,michael.eshkol@checkpoints.com,059-7895412,Haifa
209812621,Moshe,Yosef,Netanyahu,1985-05-25,moshe.netanyahu@teva.com,059-3488425,Beer-Sheva
957140404,Adam,,Levi,1953-05-15,adam.levi@hotmail.com,056-1610470,Tel Aviv - Yafo
488497870,Inbal,,Weiss,1946-08-10,inbal.weiss@gmail.com,059-5764070,Ashdod
501653309,Eli,,Yarkoni,1948-12-31,eli.yarkoni@teva.com,050-6641778,Beer-Sheva
746754014,Eden,,Tamir,2005-12-08,eden.tamir@hotmail.com,055-2025370,Herzeliya
518492121,Yuval,,Olmert,1943-03-31,yuval.olmert@teva.com,055-2630536,Tel Aviv - Yafo
356403890,Gil,,Cohen,1993-12-24,gil.cohen@gmail.com,056-9121000,Ashdod
549803726,Osnat,,Oz,1958-11-10,osnat.oz@teva.com,058-8478566,Tel Aviv - Yafo
556242034,Shira,Ben,Azoulay,1952-08-29,shira.azoulay@teva.com,051-1128793,Ashdod
565882589,Nir,,Segal,1939-06-19,nir.segal@hotmail.com,055-6893500,Beer-Sheva
466432845,Tali,Bat,fuchs,1985-05-14,tali.fuchs@gmail.com,054-2556359,Ashdod
966572243,Shlomo,Bat,Tzur,1949-12-21,shlomo.tzur@teva.com,055-9260220,Tel Aviv - Yafo
795477154,Avigail,,Peled,1986-08-13,avigail.peled@teva.com,057-5771007,Ashdod
502519983,Shalom,,Lazar,1958-06-05,shalom.lazar@gmail.com,053-4088269,Eilat
725283546,Sigal,,Nir,1987-09-05,sigal.nir@gmail.com,051-2070749,Herzeliya
344206339,David,,Goldberg,1941-02-20,david.goldberg@teva.com,056-8142635,Herzeliya
699173366,Idan,Yosef,Blau,1940-02-16,idan.blau1@checkpoints.com,053-5155985,Tel Aviv - Yafo
167054665,Motti,Leah,Gur,1994-08-13,motti.gur@gmail.com,051-2532680,Ashdod
608627374,Itai,,Deutsch,1991-04-23,itai.deutsch@walla.co.il,057-5062329,Beer-Sheva
720389901,Kobi,Bat,Harari,1953-03-10,kobi.harari@hotmail.com,055-7106160,Beer-Sheva
457460928,Dudi,Bat,Marciano,2007-09-04,dudi.marciano@teva.com,057-6968044,Rehovot
599828662,Eden,Yosef,Shaham,1985-10-13,eden.shaham@gmail.com,052-7159812,Rehovot
566738961,David,Ben,Stern,1938-12-05,david.stern@hotmail.com,051-6031603,Petah-Tikva
242105714,Linoy,,Ronen,2001-06-17,linoy.ronen@gmail.com,055-5628224,Tel Aviv - Yafo
296607889,Adam,,Feldman,1996-01-15,adam.feldman@checkpoints.com,052-9378051,Beer-Sheva
769701572,Amit,Michael,Yadin,1983-11-17,amit.yadin@gmail.com,051-5925712,Eilat
513263160,Eitan,,Harel,1944-04-20,eitan.harel@walla.co.il,058-4173372,Haifa
714365467,Linoy,,Ohayon,1969-08-05,linoy.ohayon@walla.co.il,050-5521716,Tel Aviv - Yafo
838873630,Noga,Sarah,Sharon,1958-07-15,noga.sharon@hotmail.com,053-8096052,Eilat
888277474,Rotem,Bat,Dahan,2001-09-13,rotem.dahan@gmail.com,051-9944746,Petah-Tikva
793964850,Stav,,Sharon,1937-03-03,stav.sharon@gmail.com,050-2013691,Herzeliya
820317248,Eitan,,Hadad,1971-01-30,eitan.hadad@gmail.com,059-4116722,Jerusalem
267006544,Hadar,,Segal,1980-11-19,hadar.segal@checkpoints.com,055-1573562,Jerusalem
301404580,Adam,,Melamed,1966-02-07,adam.melamed@walla.co.il,054-4030470,Haifa
915827786,Tal,,Ohayon,1982-10-29,tal.ohayon@teva.com,056-3254117,Rehovot
782976929,Zohar,,Ramon,2002-12-07,zohar.ramon@gmail.com,054-8914449,Ashdod
834492578,Rivka,,Vaknin,1956-09-29,rivka.vaknin@gmail.com,058-6609836,Jerusalem
212652805,Itai,,Sharon,2002-03-25,itai.sharon@gmail.com,050-9940779,Jerusalem
482747493,Michael,,Olmert,1967-08-30,michael.olmert@gmail.com,051-1505247,Haifa
952036144,Orly,,Tzur,1951-06-23,orly.tzur@checkpoints.com,053-4665631,Beer-Sheva
251706085,Sigal,Ben,Arad,1968-08-25,sigal.arad1@gmail.com,059-9039184,Beer-Sheva
139837627,Maya,,Saban,1958-08-22,maya.saban@gmail.com,050-7384261,Rehovot
540855931,Anat,,Navon,2001-08-08,anat.navon@gmail.com,053-5162905,Rehovot
759818950,Roy,,Altman,1970-01-04,roy.altman@hotmail.com,055-5488040,Nahariya
846662140,Ilan,Michael,Klein,1961-08-12,ilan.klein@hotmail.com,058-7076665,Tel Aviv - Yafo
745526047,Michael,,Hoffman,1950-10-21,michael.hoffman@hotmail.com,050-9068216,Ashdod
277845359,Dor,Bat,Harel,1989-09-10,dor.harel@gmail.com,050-7791323,Rehovot
239943630,Omer,Michael,Kramer,1962-07-19,omer.kramer@gmail.com,059-4755261,Beer-Sheva
642364751,Limor,,Kramer,2003-10-08,limor.kramer@gmail.com,053-7642708,Ashdod
113085493,Iris,,Ronen,1952-01-22,iris.ronen@checkpoints.com,053-8419947,Nahariya
231549690,Shir,,Geva,1956-10-23,shir.geva@gmail.com,056-7193852,Tel Aviv - Yafo
618757936,Zohar,,Klein,1990-11-11,zohar.klein@teva.com,059-5560098,Nahariya
503783085,Omer,,Oz,1987-10-04,omer.oz@walla.co.il,054-6183117,Beer-Sheva
391179007,Shahar,,Frank,1969-01-16,shahar.frank@teva.com,054-6683413,Nahariya
886387715,Ilan,Sarah,Vaknin,1988-02-17,ilan.vaknin@walla.co.il,058-1088151,Eilat
406153149,Shira,,Begin,2002-09-12,shira.begin@walla.co.il,055-6954696,Haifa
974812736,Anat,,Eshkol,2002-08-01,anat.eshkol@teva.com,052-6893912,Herzeliya
248809676,Michal,,Peretz,1940-06-05,michal.peretz@checkpoints.com,053-1852049,Eilat
718263050,Meital,,Heller,1942-09-27,meital.heller@walla.co.il,056-1850738,Haifa
605075036,Oren,Bat,Frank,1986-02-11,oren.frank@gmail.com,051-6683034,Eilat
930121265,Roy,,Yadin,2004-12-20,roy.yadin@gmail.com,059-3107098,Eilat
835423811,Eli,,Peles,1986-11-19,eli.peles@walla.co.il,052-2915297,Ashdod
142668745,Meital,,Peled,1966-11-03,meital.peled@gmail.com,058-9574016,Eilat
519892927,Gadi,,Shamir,1990-03-15,gadi.shamir@hotmail.com,056-5974213,Rehovot
206169155,Tomers,,fuchs,1954-08-02,tomers.fuchs@gmail.com,059-3053680,Ashdod
755604131,Gadi,Sarah,Bar-On,2002-09-11,gadi.bar-on@walla.co.il,052-9096291,Tel Aviv - Yafo
823654410,Sarah,,Omer,1992-06-02,sarah.omer@hotmail.com,050-1583882,Jerusalem
811870323,Rivka,,Ohayon,1976-06-08,rivka.ohayon@gmail.com,053-1879176,Ashdod
419428895,Michal,Sarah,Feldman,2005-06-07,michal.feldman@teva.com,050-4322300,Herzeliya
759322623,Tomers,Michael,Gur,1965-08-20,tomers.gur@teva.com,050-4295267,Nahariya
789373054,Bar,Sarah,Sarusi,1983-10-28,bar.sarusi@checkpoints.com,056-2694380,Haifa
777250933,Hila,,Porat,1953-10-22,hila.porat@hotmail.com,051-3783651,Jerusalem
131151165,Guy,,Avraham,1953-08-13,guy.avraham@hotmail.com,052-7238186,Rehovot
358291440,Iris,,Katz,1982-05-06,iris.katz@gmail.com,052-2581189,Herzeliya
325322237,Israel,,Bar-On,1983-03-01,israel.bar-on1@gmail.com,052-8700555,Rehovot
177420297,Stav,,Shaham,1999-06-10,stav.shaham@gmail.com,058-5192458,Jerusalem
241813443,Ofek,,Vaknin,1985-07-07,ofek.vaknin@gmail.com,052-4448540,Beer-Sheva
902924366,Ben,,Nir,1998-09-07,ben.nir@walla.co.il,052-2875377,Petah-Tikva
271928789,Ron,,Kraus,1969-10-18,ron.kraus@gmail.com,057-1361289,Ashdod
555395458,Adam,,Agbaria,1997-09-15,adam.agbaria@walla.co.il,053-6252222,Tel Aviv - Yafo
944647102,Tamar,,Turgeman,1974-11-11,tamar.turgeman@gmail.com,059-6154983,Rehovot
457149355,Rachel,Bat,Heller,1988-12-29,rachel.heller@teva.com,058-8901324,Nahariya
969631144,Oren,,Eitan,1992-02-11,oren.eitan@teva.com,053-3843939,Jerusalem
864285889,Neta,,Guttman,2006-05-02,neta.guttman@hotmail.com,058-7217994,Jerusalem
197985698,Iris,Michael,Shapira,1940-05-08,iris.shapira1@gmail.com,052-5430754,Eilat
906960819,Asaf,Ben,Frank,1940-05-24,asaf.frank@gmail.com,056-2538664,Eilat
294726329,Chaim,Ben,Tzur,2004-01-21,chaim.tzur@hotmail.com,050-8132243,Beer-Sheva
934844120,Lihi,,Frank,1970-12-30,lihi.frank@checkpoints.com,059-8879438,Ashdod
940189836,Alon,,David,1987-08-23,alon.david@teva.com,059-4609423,Petah-Tikva
435002155,Yaron,,Peretz,1969-01-27,yaron.peretz@gmail.com,057-2398845,Ashdod
413311302,Oren,,Geva,1985-11-10,oren.geva@gmail.com,052-3534399,Petah-Tikva
214707810,Shahar,Sarah,Gur,1955-02-16,shahar.gur@hotmail.com,056-1032723,Nahariya
777842727,Eitan,,Altman,1990-12-04,eitan.altman@gmail.com,059-3511870,Rehovot
370201426,Yosef,,Omer,1977-05-16,yosef.omer1@gmail.com,051-8558016,Jerusalem
679470782,David,Sarah,Avraham,1953-05-27,david.avraham1@walla.co.il,053-4451124,Haifa
405715557,Ben,,Yosef,1993-12-18,ben.yosef@gmail.com,058-7686365,Ashdod
988052089,Gil,Ben,Ben-Ari,1940-10-13,gil.ben-ari@walla.co.il,059-8475469,Haifa
658522991,Ori,,Lavi,1962-10-10,ori.lavi@gmail.com,058-5200712,Tel Aviv - Yafo
590742059,Sarah,,Marciano,1957-04-01,sarah.marciano@gmail.com,058-6949694,Ashdod
912831025,Oren,,Eshkol,1967-02-24,oren.eshkol@gmail.com,058-8948248,Tel Aviv - Yafo
407954198,Adam,Leah,Livne,1952-03-04,adam.livne@walla.co.il,050-7169934,Herzeliya
610693792,Shani,,Koren,1994-06-24,shani.koren@gmail.com,050-6387886,Jerusalem
873679329,Roni,Sarah,Gal,1969-10-06,roni.gal2@gmail.com,053-6259233,Jerusalem
684936741,Idan,Yosef,Biton,1964-08-28,idan.biton@walla.co.il,057-2327639,Haifa
497540798,Ofek,Sarah,Yadin,1998-11-15,ofek.yadin1@gmail.com,057-1945973,Ashdod
399071947,Shani,,Levi,1956-05-13,shani.levi@checkpoints.com,056-8895019,Petah-Tikva
491559263,Moshe,Bat,Blau,1987-08-22,moshe.blau@hotmail.com,052-6983131,Haifa
463833127,Hadar,,Hoffman,1962-06-06,hadar.hoffman@gmail.com,051-3729528,Tel Aviv - Yafo
617727960,Eden,,Vaknin,1955-02-07,eden.vaknin@gmail.com,058-8694706,Haifa
407105953,Tomers,,Ronen,1986-01-17,tomers.ronen@hotmail.com,052-5142398,Haifa
684934269,Kobi,Yosef,Levi,2002-12-04,kobi.levi@gmail.com,056-4377548,Ashdod
929345456,Nir,,Tal,1996-07-17,nir.tal@checkpoints.com,058-5778616,Tel Aviv - Yafo
970920261,David,,Tamir,1988-11-14,david.tamir1@gmail.com,053-4223143,Herzeliya
209374607,Ilan,Yosef,Weiss,1995-12-08,ilan.weiss@gmail.com,053-6111983,Petah-Tikva
404009880,Oren,Sarah,Dotan,1978-07-18,oren.dotan1@gmail.com,055-6741274,Rehovot
296426767,Stav,Yosef,Stern,1987-01-12,stav.stern@walla.co.il,054-8771363,Tel Aviv - Yafo
250893940,Zohar,Michael,Yadin,1948-08-07,zohar.yadin@hotmail.com,059-2824608,Nahariya
587145165,Mor,,Levi,1955-05-31,mor.levi@gmail.com,059-2645723,Ashdod
738662234,Ilan,Michael,Heller,1967-09-11,ilan.heller@hotmail.com,057-4632037,Beer-Sheva
121964395,Asaf,,Avraham,1964-10-02,asaf.avraham@teva.com,051-4826308,Rehovot
278380885,Amit,,Melamed,1961-11-07,amit.melamed@gmail.com,051-1155268,Jerusalem
259597370,Yosef,Bat,Grosman,1945-12-13,yosef.grosman@hotmail.com,058-8156587,Nahariya
787920406,Kim,,Agbaria,1969-08-27,kim.agbaria@checkpoints.com,050-8923282,Tel Aviv - Yafo
896693611,Asaf,,Tzur,1977-02-07,asaf.tzur@teva.com,053-7542917,Nahariya
646071426,Limor,,Malka,1977-03-13,limor.malka@gmail.com,054-1156747,Herzeliya
338366392,Shira,,Harari,1957-05-23,shira.harari@gmail.com,053-1697917,Eilat
536086649,Hila,,Malka,1955-08-16,hila.malka@teva.com,050-8874781,Haifa
516815496,Shani,,Elbaz,1979-08-13,shani.elbaz@checkpoints.com,053-4777001,Nahariya
690799153,David,,Koren,1992-03-07,david.koren1@walla.co.il,051-6323984,Haifa
852975176,Eitan,Yosef,Shamir,1990-08-18,eitan.shamir@checkpoints.com,058-8082909,Beer-Sheva
464233223,Zohar,,David,1963-01-21,zohar.david@gmail.com,050-7021660,Haifa
420068451,Ronit,Michael,Rubin,1967-11-01,ronit.rubin@teva.com,058-4550272,Herzeliya
856512492,Guy,,Koren,1978-03-15,guy.koren@walla.co.il,059-7625935,Beer-Sheva
432799549,Leah,Michael,Marciano,1967-06-21,leah.marciano@hotmail.com,059-9181291,Nahariya
689072414,Yael,Michael,Ben-David,1993-02-26,yael.ben-david1@gmail.com,057-2414452,Beer-Sheva
113948564,Iris,,Heller,1977-01-16,iris.heller@gmail.com,050-7808890,Herzeliya
919597534,Sarah,,Levi,2007-12-05,sarah.levi@gmail.com,056-7796850,Herzeliya
417962088,Asaf,Ben,Melamed,1990-06-27,asaf.melamed@walla.co.il,057-3311969,Petah-Tikva
460998640,Yosef,,Shani,1995-11-26,yosef.shani@teva.com,050-1368947,Eilat
440626428,Linoy,,Tal,1968-10-25,linoy.tal@gmail.com,052-2088817,Nahariya
206321356,Yosef,,Hadad,1942-04-04,yosef.hadad@gmail.com,050-9210364,Rehovot
113805268,Oren,,Rabin,1967-07-12,oren.rabin@hotmail.com,059-9302080,Nahariya
712331740,Rivka,Michael,Navon,1995-12-01,rivka.navon@walla.co.il,058-1147873,Beer-Sheva
580364423,Hila,Yosef,Friedman,1977-04-19,hila.friedman1@gmail.com,057-6834837,Tel Aviv - Yafo
224277420,Idan,Sarah,Peretz,2006-09-04,idan.peretz@checkpoints.com,058-3047042,Nahariya
594578917,Agam,,Friedman,1968-10-13,agam.friedman@walla.co.il,055-6574307,Petah-Tikva
637571697,Anat,,Levi,1964-07-10,anat.levi@gmail.com,051-4438669,Tel Aviv - Yafo
429690178,Michael,,Shani,1961-11-19,michael.shani@teva.com,054-3223340,Nahariya
622040924,Dor,Michael,Arad,1997-01-06,dor.arad@checkpoints.com,053-9506176,Beer-Sheva
967143400,Rotem,,Silberman,1937-09-29,rotem.silberman@checkpoints.com,058-4844249,Herzeliya
394359299,Rivka,Yosef,Saban,1957-07-07,rivka.saban1@gmail.com,050-4116618,Haifa
299246472,Itai,Leah,Netanyahu,1941-09-23,itai.netanyahu@walla.co.il,050-4854241,Haifa
781461617,Sigal,Sarah,Tal,1960-08-26,sigal.tal@hotmail.com,057-1993223,Haifa
824866951,Linoy,Leah,Spector,1976-12-10,linoy.spector@gmail.com,050-8104634,Beer-Sheva
813597142,Orly,,Kramer,1972-05-14,orly.kramer@teva.com,054-3439242,Beer-Sheva
574851880,Lior,,Weiss,1949-03-30,lior.weiss@walla.co.il,052-3839989,Eilat
872784602,Osnat,,Mizrachi,1984-08-02,osnat.mizrachi@teva.com,053-7643772,Nahariya
661031614,Israel,,Geva,1999-03-17,israel.geva@walla.co.il,054-6353865,Herzeliya
110485062,David,,Turgeman,2005-06-30,david.turgeman@gmail.com,053-4677815,Rehovot
930110774,Eitan,,Shani,2001-06-20,eitan.shani@gmail.com,056-3112278,Ashdod
692519412,Dudi,, Dayan,2002-02-28,dudi. dayan@teva.com,053-8170059,Petah-Tikva
451511195,Rotem,,Malka,1961-12-09,rotem.malka@hotmail.com,057-3477943,Nahariya
978710289,Roni,Sarah,Saban,1944-03-19,roni.saban@gmail.com,058-6697241,Haifa
923987169,Motti,,Lapid,1988-08-25,motti.lapid@gmail.com,054-6024979,Eilat
325803975,Avraham,Ben,Turgeman,1975-04-16,avraham.turgeman1@gmail.com,055-9888404,Nahariya
518608647,Moshe,,Agbaria,1951-05-24,moshe.agbaria@walla.co.il,057-3836660,Eilat
425725829,Ron,Ben,Grosman,1985-01-29,ron.grosman1@walla.co.il,054-3587987,Tel Aviv - Yafo
418125055,Meital,,Gabay,1968-11-22,meital.gabay1@checkpoints.com,056-3824870,Jerusalem
559013029,Itai,,Zamir,2008-01-24,itai.zamir@checkpoints.com,054-6930484,Nahariya
630009689,Nir,,Lapid,1943-10-22,nir.lapid@teva.com,054-1956655,Petah-Tikva
789988144,Dudi,,Segal,2000-11-25,dudi.segal@teva.com,059-3085220,Beer-Sheva
588693995,Osnat,Bat,Shani,1972-03-05,osnat.shani@gmail.com,054-1180623,Petah-Tikva
334897420,Guy,,Shani,1978-01-22,guy.shani@checkpoints.com,050-3532798,Ashdod
825180303,Lihi,,Stern,1998-10-29,lihi.stern@gmail.com,051-4833796,Herzeliya
436509948,Daniel,,Elbaz,1992-09-08,daniel.elbaz@gmail.com,051-2241635,Nahariya
126208510,Lihi,,Harari,1987-11-21,lihi.harari@checkpoints.com,056-6356605,Haifa
403895198,Motti,,Livne,1939-08-12,motti.livne1@gmail.com,058-6090741,Tel Aviv - Yafo
103445634,Oren,Ben,Omer,1976-07-21,oren.omer1@checkpoints.com,052-2527989,Haifa
343786615,Roy,Yosef,Ohayon,1952-01-30,roy.ohayon@checkpoints.com,054-8347352,Rehovot
126983036,Alon,Yosef,Azoulay,1967-06-17,alon.azoulay@gmail.com,055-5135960,Jerusalem
720516847,Bar,Michael,Sarusi,2000-05-31,bar.sarusi@gmail.com,057-7196845,Ashdod
288326188,Shani,Sarah,Sharon,1953-11-12,shani.sharon@checkpoints.com,053-6554418,Haifa
491157978,Shlomo,Sarah,Levine,1960-12-09,shlomo.levine@walla.co.il,055-6714772,Petah-Tikva
833918809,Gadi,Ben,Blau,1996-08-15,gadi.blau@checkpoints.com,058-1324193,Eilat
179352207,Yitzhak,Bat,Azoulay,2003-09-21,yitzhak.azoulay1@gmail.com,055-4253327,Herzeliya
582047081,Rami,Leah,Mizrachi,1979-03-19,rami.mizrachi@walla.co.il,050-9536393,Eilat
512940723,Ariel,,Lavi,1999-01-12,ariel.lavi@checkpoints.com,059-5388337,Petah-Tikva
875980215,Inbal,,Harari,1986-03-24,inbal.harari@gmail.com,051-4317899,Nahariya
446353684,Ben,,Kraus,1977-08-25,ben.kraus@gmail.com,058-4891542,Jerusalem
451342241,Neta,,Hadad,1998-06-08,neta.hadad@hotmail.com,055-2387940,Ashdod
921181791,Rami,,Green,1959-09-27,rami.green@teva.com,059-4012414,Ashdod
656558162,Neta,,Oz,1950-08-22,neta.oz@gmail.com,056-9599140,Ashdod
875925311,Ilan,,Altman,1967-10-11,ilan.altman@teva.com,053-8804038,Nahariya
659032295,Yitzhak,,Shamir,1979-08-12,yitzhak.shamir@teva.com,059-7846138,Rehovot
659795092,David,Ben,Ohayon,1950-03-27,david.ohayon1@gmail.com,058-5773861,Haifa
810219349,Kim,,Berger,1997-06-09,kim.berger@teva.com,050-3633416,Haifa
928717338,Gadi,Sarah,Navon,1988-06-29,gadi.navon@gmail.com,052-7314951,Haifa
879879272,Rotem,,Saban,1948-12-08,rotem.saban@hotmail.com,052-8413724,Rehovot
589489461,Yitzhak,Ben,Zilber,1953-01-09,yitzhak.zilber1@gmail.com,057-3814446,Rehovot
205663417,Noam,,Oz,1960-03-15,noam.oz@teva.com,050-6467903,Rehovot
754390623,Sarah,,Begin,1996-02-10,sarah.begin@teva.com,053-8235162,Ashdod
886324813,Ben,Ben,Barkat,1939-06-20,ben.barkat1@gmail.com,050-3377653,Ashdod
339104887,Gadi,Yosef,Ramon,1986-10-09,gadi.ramon@gmail.com,054-1264015,Nahariya
561042160,Ariel,,Turgeman,1943-04-09,ariel.turgeman@hotmail.com,056-7315764,Jerusalem
638788728,Tali,Bat,Oz,1961-03-09,tali.oz1@gmail.com,050-4107624,Jerusalem
937457489,Dorit,Ben,Stern,1967-06-03,dorit.stern@teva.com,053-5176063,Rehovot
220852492,Eitan,, Dayan,1990-06-05,eitan. dayan@hotmail.com,051-5310434,Herzeliya
181359504,Ofek,Leah,Klein,1940-05-16,ofek.klein1@gmail.com,057-1270174,Nahariya
117343284,Sarah,,David,1973-05-30,sarah.david@gmail.com,054-4815758,Nahariya
701837149,Ofek,,Ronen,1948-12-12,ofek.ronen@walla.co.il,055-1656608,Nahariya
166958626,Rachel,Ben,Bareket,1973-10-09,rachel.bareket@walla.co.il,059-2140066,Jerusalem
524681510,Chaim,Yosef,Klein,1980-08-17,chaim.klein@walla.co.il,052-7922319,Ashdod
293127117,Niv,,Elbaz,1969-08-03,niv.elbaz@hotmail.com,058-8378480,Ashdod
260131949,Ben,,Lapid,1951-01-28,ben.lapid@gmail.com,058-8007553,Rehovot
159397844,Hadar,,Liberman,1981-08-29,hadar.liberman@teva.com,052-2714849,Eilat
749723249,Asaf,,Grosman,1938-04-30,asaf.grosman@gmail.com,057-7236331,Jerusalem
131355127,Anat,,Hoffman,2006-06-21,anat.hoffman@walla.co.il,053-7013421,Haifa
478545919,Idan,,Oz,1940-08-19,idan.oz@teva.com,058-1125921,Herzeliya
526553348,Itai,,Levi,1984-06-03,itai.levi@teva.com,056-1339394,Herzeliya
217047465,Avraham,Sarah,Mizrachi,1944-01-27,avraham.mizrachi@hotmail.com,055-1054856,Tel Aviv - Yafo
524421486,Tamar,Ben,Kraus,1971-01-23,tamar.kraus@walla.co.il,055-3179509,Tel Aviv - Yafo
632470513,Leah,,Zamir,1966-12-18,leah.zamir@gmail.com,052-6458357,Eilat
860151498,Adi,,Ben-Ari,1964-06-02,adi.ben-ari@checkpoints.com,054-8190479,Herzeliya
196223812,Yaron,,Dotan,1947-06-01,yaron.dotan@checkpoints.com,055-7352947,Jerusalem
898929246,David,Bat,Zilber,1991-12-17,david.zilber1@teva.com,058-9580571,Nahariya
343256998,Meital,,Eshkol,1961-12-18,meital.eshkol@hotmail.com,052-9424645,Tel Aviv - Yafo
829113542,Dorit,,Peles,1989-04-09,dorit.peles@gmail.com,054-4230999,Tel Aviv - Yafo
811807149,Adam,Ben,Goldberg,1949-12-06,adam.goldberg@gmail.com,059-9668249,Nahariya
132548072,Shira,,Shapira,1957-01-17,shira.shapira@teva.com,058-1761373,Eilat
809842985,Asaf,,Peres,2005-03-20,asaf.peres@checkpoints.com,056-2186286,Rehovot
172340592,Rachel,,Ohayon,1997-09-01,rachel.ohayon@walla.co.il,058-9957067,Eilat
871114069,Oren,,Bareket,2000-10-13,oren.bareket@walla.co.il,052-7582112,Rehovot
434610148,Yuval,Sarah,Agbaria,1943-01-23,yuval.agbaria@checkpoints.com,055-6064887,Nahariya
172291692,Dorit,,Katz,2007-08-06,dorit.katz@gmail.com,059-5295952,Petah-Tikva
798017087,Orly,,Malka,1991-04-10,orly.malka@walla.co.il,051-5323044,Herzeliya
177257105,Dorit,,Livne,1959-12-08,dorit.livne@checkpoints.com,053-2242995,Jerusalem
851287891,Neta,,Frank,1981-06-19,neta.frank@checkpoints.com,059-2743788,Herzeliya
650290670,Dorit,Michael,Silberman,1941-10-21,dorit.silberman1@gmail.com,056-5830880,Tel Aviv - Yafo
898813413,Sapir,,Asulin,1977-05-25,sapir.asulin@gmail.com,052-9432638,Haifa
617855753,Ariel,,Oz,1994-03-11,ariel.oz@hotmail.com,059-2264739,Beer-Sheva
194922596,Asaf,Sarah,Shaham,1985-11-08,asaf.shaham@walla.co.il,057-6780160,Rehovot
295038267,Avigail,,Porat,1972-01-24,avigail.porat@hotmail.com,050-8925909,Haifa
262310102,Ori,,Barkat,2007-06-07,ori.barkat@walla.co.il,052-5784042,Nahariya
395933925,Tamar,,Heller,1992-02-05,tamar.heller@checkpoints.com,057-3267658,Petah-Tikva
636343220,Adi,Michael,Agbaria,1961-02-12,adi.agbaria@hotmail.com,053-4393654,Jerusalem
976885951,Mor,,Peretz,1980-07-20,mor.peretz@gmail.com,057-2900675,Herzeliya
592204969,Nir,,Tzur,1956-11-29,nir.tzur@gmail.com,054-6508020,Nahariya
382847695,Yitzhak,,Ben-Ari,1967-10-10,yitzhak.ben-ari@walla.co.il,054-2413121,Eilat
402255618,Ori,,Klein,1985-12-03,ori.klein@checkpoints.com,050-6462682,Jerusalem
647706257,Mor,,Vaknin,1947-08-22,mor.vaknin@gmail.com,052-8306646,Beer-Sheva
987921500,Yuval,,Oz,1985-06-01,yuval.oz@hotmail.com,059-4724851,Nahariya
398441393,Tal,,Porat,1968-06-06,tal.porat@teva.com,059-2678871,Eilat
354022582,Sapir,,Cohen,1958-01-22,sapir.cohen@walla.co.il,052-1417706,Herzeliya
686299352,Shani,,Golan,1981-08-21,shani.golan@gmail.com,057-9269119,Petah-Tikva
911507256,Stav,,Marciano,1993-06-07,stav.marciano@teva.com,057-9993814,Nahariya
788430017,Noga,,Sarusi,1959-09-03,noga.sarusi@teva.com,058-8892328,Haifa
939009660,Daniel,Yosef,Gabay,1979-02-19,daniel.gabay@checkpoints.com,050-6562052,Eilat
108640300,Eden,,Geva,1989-04-20,eden.geva@gmail.com,056-5995696,Ashdod
150958675,Dana,,Ben-Ari,1984-11-21,dana.ben-ari@hotmail.com,058-8821555,Herzeliya
305019782,Sivan,Leah,Gabay,1951-11-10,sivan.gabay@teva.com,053-4020762,Eilat
254154677,Ariel,Yosef,Peles,2000-09-19,ariel.peles@checkpoints.com,050-4133756,Haifa
438674828,Osnat,,Navon,1986-02-28,osnat.navon@gmail.com,055-7338801,Rehovot
579480051,Moshe,,Green,1951-12-05,moshe.green@hotmail.com,057-9374201,Ashdod
621540109,Sarah,,Biton,1980-07-08,sarah.biton1@gmail.com,059-9484558,Herzeliya
164881309,Rotem,Bat,Guttman,1989-06-28,rotem.guttman1@walla.co.il,058-2497952,Tel Aviv - Yafo
251893964,Kim,Michael,Mizrachi,1981-09-09,kim.mizrachi@walla.co.il,051-3191536,Beer-Sheva
379341398,Agam,,Ohayon,1949-10-15,agam.ohayon@hotmail.com,054-3500753,Rehovot
641093614,Shalom,Leah,Golan,1989-06-19,shalom.golan1@gmail.com,055-3791745,Beer-Sheva
114048392,Ilan,Michael,Hoffman,1953-09-07,ilan.hoffman@gmail.com,050-2882365,Eilat
157942777,Bar,,Melamed,1965-03-24,bar.melamed@gmail.com,058-1801077,Beer-Sheva
488087882,Dor,,Ronen,1986-01-19,dor.ronen@checkpoints.com,055-5834859,Tel Aviv - Yafo
892288384,Inbal,,Ben-David,1972-09-01,inbal.ben-david@gmail.com,056-9499166,Beer-Sheva
491428259,Dorit,Leah,Shapira,1966-02-23,dorit.shapira1@gmail.com,059-8325844,Haifa
801971591,Rivka,Ben,Yadin,1999-08-09,rivka.yadin@teva.com,058-6031728,Ashdod
958188225,Osnat,,Porat,1973-12-07,osnat.porat@hotmail.com,059-7134914,Jerusalem
469802112,Yaron,Ben,Berger,1995-06-16,yaron.berger@gmail.com,050-5215812,Ashdod
510829406,Hila,,Yarkoni,2005-12-08,hila.yarkoni@checkpoints.com,055-7400945,Haifa
298021494,Dorit,,Elbaz,1997-04-27,dorit.elbaz@hotmail.com,050-4145790,Eilat
138440208,David,,Shamir,2003-08-08,david.shamir@walla.co.il,059-8617414,Herzeliya
934758850,Omer,,Shapira,1967-08-26,omer.shapira@hotmail.com,050-7924466,Rehovot
630240216,Hadar,,Elbaz,2002-03-25,hadar.elbaz@hotmail.com,059-4356181,Tel Aviv - Yafo
840547096,Osnat,,Spector,1984-03-02,osnat.spector@gmail.com,056-5050061,Jerusalem
201639497,Sarah,,Melamed,1955-01-25,sarah.melamed@checkpoints.com,056-7104011,Ashdod
989297602,Gadi,,Omer,1963-04-21,gadi.omer@checkpoints.com,054-2919570,Petah-Tikva
824232579,Sarah,Yosef,Bar-On,1940-02-25,sarah.bar-on@walla.co.il,050-5855439,Rehovot
921879468,Maya,,Malka,1984-12-16,maya.malka1@walla.co.il,050-5287938,Nahariya
338586039,Gal,,Stern,1995-05-02,gal.stern@hotmail.com,050-3807075,Nahariya
769688933,Mor,,Deutsch,1973-09-24,mor.deutsch@walla.co.il,050-5065583,Nahariya
654286455,Rami,,Eshkol,1964-09-30,rami.eshkol@gmail.com,053-3670802,Haifa
156027217,Daniel,,Peled,1949-12-10,daniel.peled@walla.co.il,057-6956145,Nahariya
320708907,Rachel,Leah,Frank,2002-02-17,rachel.frank@hotmail.com,053-6354794,Beer-Sheva
830667939,Hadar,Michael,Zilber,1993-11-26,hadar.zilber@gmail.com,052-2726135,Rehovot
853488674,Shir,,Lavi,1977-09-26,shir.lavi@gmail.com,052-8792057,Haifa
656158594,Omer,,Ben-Ari,1965-03-08,omer.ben-ari@hotmail.com,052-7160042,Nahariya
885290247,Iris,,Gal,1971-09-17,iris.gal@teva.com,055-1139626,Rehovot
528194559,Hila,Ben,Yosef,1987-03-13,hila.yosef@gmail.com,055-7207051,Eilat
210507985,Lior,Leah,Bareket,1948-02-08,lior.bareket@checkpoints.com,050-7979330,Rehovot
956092281,Amit,Yosef,Gur,2006-12-11,amit.gur@gmail.com,058-5586563,Jerusalem
351224793,Nir,,Peles,1986-08-29,nir.peles@walla.co.il,059-2913648,Tel Aviv - Yafo
747793095,Iris,,Oz,1963-09-21,iris.oz@teva.com,058-8598526,Haifa
989577201,Chaim,Yosef,Geva,1990-10-11,chaim.geva1@teva.com,050-2847550,Rehovot
454841853,Michael,,Kraus,2005-09-25,michael.kraus@gmail.com,057-4088390,Beer-Sheva
454693561,Eyal,,fuchs,1965-01-14,eyal.fuchs@gmail.com,052-1165974,Tel Aviv - Yafo
809105106,Inbal,,Levi,1998-10-16,inbal.levi@teva.com,058-8568399,Eilat
721610471,Moshe,,Friedman,1991-09-26,moshe.friedman@hotmail.com,059-5420959,Haifa
286968990,Ronit,,Katz,1947-10-14,ronit.katz@gmail.com,053-1121887,Haifa
317782233,Rachel,Yosef,Tal,1952-02-08,rachel.tal2@gmail.com,053-3266302,Haifa
374082306,Sigal,,Bareket,1949-10-09,sigal.bareket@gmail.com,054-9329833,Jerusalem
577694990,Orly,,Begin,1943-03-19,orly.begin@checkpoints.com,058-9187602,Rehovot
985749763,Neta,,Kramer,1978-01-26,neta.kramer@gmail.com,053-5869546,Jerusalem
882893061,Rachel,,Goldberg,1967-04-08,rachel.goldberg@hotmail.com,054-4675958,Ashdod
644864213,May,Bat,Nir,1942-01-03,may.nir@walla.co.il,051-4432739,Rehovot
328236811,Ben,,Eshkol,2006-05-18,ben.eshkol@walla.co.il,050-6248911,Tel Aviv - Yafo
880729462,Limor,,Netanyahu,1940-10-31,limor.netanyahu@checkpoints.com,054-6937143,Ashdod
280362464,Tal,Michael,Eitan,1949-02-17,tal.eitan@teva.com,052-8264153,Tel Aviv - Yafo
281267766,Hadar,,Eitan,1997-01-06,hadar.eitan@walla.co.il,059-3191097,Ashdod
239646511,Amit,,Harel,2007-04-09,amit.harel@gmail.com,059-9207919,Herzeliya
187293472,Chaim,,Cohen,1957-07-11,chaim.cohen@gmail.com,059-5437455,Tel Aviv - Yafo
484713721,Tali,,Berger,1942-02-12,tali.berger@gmail.com,059-9790175,Beer-Sheva
140488358,Ofek,,Shapira,1995-07-09,ofek.shapira@checkpoints.com,058-5896050,Petah-Tikva
286516143,Eden,Sarah,Segal,1982-04-20,eden.segal@teva.com,053-4650169,Haifa
200231493,Noga,,Saban,1987-11-14,noga.saban@checkpoints.com,050-2028389,Tel Aviv - Yafo
410654610,Agam,,Segal,1974-11-09,agam.segal@gmail.com,053-1484654,Haifa
740200621,Guy,Michael,Nir,1963-05-07,guy.nir@walla.co.il,052-1442749,Haifa
125678361,Noga,,fuchs,2004-01-11,noga.fuchs@gmail.com,052-6462405,Herzeliya
521808016,Dudi,Yosef,Barkat,2007-11-25,dudi.barkat@walla.co.il,052-4738140,Beer-Sheva
423917738,Gil,,Harari,2007-11-27,gil.harari@gmail.com,053-6908200,Nahariya
366516183,Chaim,Bat,Elbaz,1955-08-31,chaim.elbaz@hotmail.com,058-8913381,Eilat
431472326,Eitan,,Ben-Ari,1944-10-22,eitan.ben-ari@checkpoints.com,053-8750297,Beer-Sheva
112770927,Shahar,,Yarkoni,1940-01-23,shahar.yarkoni@checkpoints.com,058-7154271,Rehovot
822757495,Ofek,Leah,Arad,1959-08-19,ofek.arad@checkpoints.com,055-3492666,Beer-Sheva
263178880,May,Michael,Avraham,1950-12-20,may.avraham@gmail.com,056-5478655,Eilat
851604049,Inbal,Michael,Eshkol,1976-12-16,inbal.eshkol@hotmail.com,056-5390196,Eilat
879826821,Osnat,,Tamir,1959-02-17,osnat.tamir@hotmail.com,058-5688592,Haifa
947987293,Gil,,Livne,1953-02-12,gil.livne@gmail.com,050-3268265,Beer-Sheva
542193284,Yaron,,Lavi,1970-05-09,yaron.lavi@hotmail.com,051-4816726,Herzeliya
774122684,Lihi,,Liberman,1974-01-29,lihi.liberman@checkpoints.com,052-3396186,Petah-Tikva
835548689,Noa,,Spector,1970-01-23,noa.spector@gmail.com,055-7904654,Beer-Sheva
491841235,Osnat,,Shaham,1997-01-08,osnat.shaham@checkpoints.com,053-6670876,Herzeliya
839437568,Gadi,,Marciano,1955-02-22,gadi.marciano@teva.com,052-8838048,Tel Aviv - Yafo
438612619,Ofek,Leah,Green,1963-08-23,ofek.green@gmail.com,054-9362586,Tel Aviv - Yafo
553375611,Eden,,Yarkoni,2008-02-09,eden.yarkoni@hotmail.com,051-3631976,Rehovot
784721804,Israel,,Mizrachi,1968-05-21,israel.mizrachi@checkpoints.com,051-2805543,Tel Aviv - Yafo
560581260,Shira,,Bar-On,1995-07-17,shira.bar-on@checkpoints.com,053-3431618,Herzeliya
767158402,Tali,,Bar-On,2002-12-22,tali.bar-on@checkpoints.com,058-9984348,Beer-Sheva
405624281,Zohar,,Elbaz,1954-05-03,zohar.elbaz@gmail.com,056-6519166,Petah-Tikva
561690476,Eden,,Blau,1975-04-06,eden.blau@hotmail.com,054-7665160,Jerusalem
583067550,Rami,,Frank,1949-04-22,rami.frank@hotmail.com,055-6605238,Nahariya
119415810,Mor,,Stern,1952-01-21,mor.stern@hotmail.com,057-5390859,Ashdod
264022093,Shir,,Hoffman,1968-10-21,shir.hoffman@teva.com,053-3752984,Rehovot
338582180,Yuval,Leah,Aharon,1973-05-20,yuval.aharon@gmail.com,050-3954625,Eilat
886936243,Ori,Leah,Begin,2001-12-29,ori.begin@gmail.com,051-5522716,Haifa
835687985,Itai,,Turgeman,1988-12-29,itai.turgeman@hotmail.com,052-6793382,Tel Aviv - Yafo
160776511,Zohar,,Shamir,1948-03-13,zohar.shamir@hotmail.com,059-3129831,Tel Aviv - Yafo
683468825,Alon,,Asulin,1994-11-13,alon.asulin@hotmail.com,053-6915131,Haifa
575154917,Shalom,Yosef,Kraus,1950-06-27,shalom.kraus@teva.com,051-5614391,Nahariya
993659845,Ben,,Zilber,1987-10-01,ben.zilber@walla.co.il,059-2792202,Ashdod
825385190,Ori,Michael,Blau,1993-12-11,ori.blau1@gmail.com,055-7600625,Tel Aviv - Yafo
606696362,Itai,,Kramer,2005-02-14,itai.kramer@hotmail.com,058-5838485,Tel Aviv - Yafo
267958820,Hadar,Sarah,Lapid,1984-03-19,hadar.lapid@gmail.com,051-6894716,Haifa
231733565,Ron,,Navon,1943-11-03,ron.navon@gmail.com,055-7746390,Beer-Sheva
682932327,Yuval,,Gabay,1973-11-30,yuval.gabay@teva.com,055-1298881,Petah-Tikva
915373400,Michal,,Berger,2008-01-23,michal.berger@checkpoints.com,056-3684581,Eilat
604761253,Shlomo,Leah,Olmert,1990-06-10,shlomo.olmert@teva.com,056-4916005,Herzeliya
349576888,Rachel,Bat,Ohayon,1946-12-02,rachel.ohayon1@walla.co.il,050-8328128,Petah-Tikva
443621151,Avigail,,Kramer,1961-02-12,avigail.kramer@checkpoints.com,053-1327794,Petah-Tikva
721285629,Ron,,Harel,2006-11-28,ron.harel@gmail.com,050-4518526,Jerusalem
989877691,Ron,,Peled,1972-03-26,ron.peled@gmail.com,058-6618636,Tel Aviv - Yafo
272687304,Avi,,Heller,2003-11-02,avi.heller@checkpoints.com,056-5318090,Petah-Tikva
106527851,Dudi,,Liberman,1945-07-23,dudi.liberman@checkpoints.com,055-9072938,Ashdod
557068287,Sapir,Ben,Koren,1974-02-26,sapir.koren@hotmail.com,052-7573218,Tel Aviv - Yafo
385116316,Yael,,Marciano,1986-09-08,yael.marciano@checkpoints.com,058-3177826,Herzeliya
680864720,Sigal,,Zamir,1938-12-08,sigal.zamir@teva.com,055-6760081,Haifa
403262794,May,,Liberman,2000-10-11,may.liberman@gmail.com,050-7654631,Jerusalem
778943964,Linoy,,Netanyahu,1967-02-15,linoy.netanyahu@checkpoints.com,056-3087452,Petah-Tikva
958944857,Ori,,Friedman,2003-10-01,ori.friedman@gmail.com,059-2805164,Beer-Sheva
335962408,Osnat,,Altman,1985-06-21,osnat.altman@walla.co.il,059-1187380,Rehovot
296183191,Sarah,,Deutsch,1980-02-10,sarah.deutsch@gmail.com,057-3280146,Ashdod
843024999,Yitzhak,,Weiss,1940-11-06,yitzhak.weiss@teva.com,055-1472027,Beer-Sheva
939166746,Asaf,,Frank,2007-08-23,asaf.frank@hotmail.com,054-9432941,Jerusalem
747429096,Nir,Ben,Hadad,1973-05-19,nir.hadad@teva.com,056-4568919,Haifa
680718076,Neta,,Silberman,1963-07-21,neta.silberman@checkpoints.com,059-5066680,Rehovot
599659392,Orly,,Mizrachi,2002-08-24,orly.mizrachi@hotmail.com,057-7006738,Tel Aviv - Yafo
102585579,Niv,Leah,Peles,1981-09-23,niv.peles@teva.com,050-5318080,Jerusalem
816212200,Coral,, Dayan,1975-09-08,coral. dayan@gmail.com,054-7828762,Nahariya
961855527,Dorit,,Bareket,2002-05-07,dorit.bareket@hotmail.com,053-6247026,Eilat
716870626,Eyal,,Katz,1962-11-15,eyal.katz@teva.com,054-4956824,Haifa
725682025,Anat,,Klein,1944-09-18,anat.klein1@gmail.com,058-3691993,Beer-Sheva
693297641,Tal,Ben,Grosman,2004-12-22,tal.grosman@teva.com,057-4758989,Herzeliya
740544957,Yitzhak,,Malka,1942-10-19,yitzhak.malka@checkpoints.com,055-8743298,Tel Aviv - Yafo
793889475,May,,Elbaz,2000-12-11,may.elbaz@checkpoints.com,054-9552371,Haifa
259494628,Maya,,Sharon,2006-11-22,maya.sharon@gmail.com,055-6440306,Eilat
660679964,Rami,,Feldman,1979-04-19,rami.feldman@walla.co.il,053-4693142,Nahariya
624321458,Tamar,,Segal,1972-10-07,tamar.segal1@gmail.com,058-7021674,Herzeliya
385452257,May,,Bareket,1987-03-21,may.bareket@checkpoints.com,055-4652831,Nahariya
978814764,Inbal,,Gal,1971-12-31,inbal.gal@hotmail.com,051-8799979,Haifa
977853783,Israel,,Yosef,1950-01-11,israel.yosef@gmail.com,057-9109052,Jerusalem
199883285,Itai,,Dotan,1959-07-11,itai.dotan@walla.co.il,058-1282975,Herzeliya
363989609,Tali,,Goldberg,1938-05-28,tali.goldberg@gmail.com,053-4372139,Petah-Tikva
935146816,Avraham,,Yosef,1937-03-04,avraham.yosef@checkpoints.com,057-7058960,Tel Aviv - Yafo
174156165,Eli,,Dotan,1963-02-27,eli.dotan@gmail.com,051-1354670,Haifa
862392314,Sivan,Leah,Peres,1982-08-13,sivan.peres@walla.co.il,055-5364902,Eilat
446228820,Yaakov,,Malka,1964-04-06,yaakov.malka@gmail.com,059-2303176,Ashdod
704438653,Ofek,,Hoffman,1945-09-03,ofek.hoffman@gmail.com,054-9133666,Tel Aviv - Yafo
598289631,Eden,,Sharon,1970-11-26,eden.sharon@walla.co.il,050-7019936,Ashdod
762176294,Neta,Bat,Rubin,1956-09-17,neta.rubin@checkpoints.com,058-5132860,Beer-Sheva
884785779,Noam,,Shapira,1979-05-08,noam.shapira@hotmail.com,058-3664447,Haifa
976453640,Daniel,,Bar-On,1960-06-15,daniel.bar-on@walla.co.il,050-2844298,Rehovot
267428940,Dorit,,Marciano,1984-06-07,dorit.marciano@gmail.com,051-7640205,Nahariya
818512118,Noa,,Harel,1979-07-15,noa.harel@gmail.com,051-6330830,Tel Aviv - Yafo
412806426,Sarah,,Ramon,1954-03-13,sarah.ramon@teva.com,051-2698288,Rehovot
478381600,Maya,,Melamed,1960-02-02,maya.melamed@gmail.com,056-3258083,Tel Aviv - Yafo
637366436,Orly,Bat,Zilber,1976-10-16,orly.zilber@gmail.com,059-4188067,Jerusalem
927233823,Gadi,,Zamir,2007-05-03,gadi.zamir@gmail.com,053-9559986,Petah-Tikva
461625943,Eitan,Michael,Shani,1957-02-17,eitan.shani@walla.co.il,058-6314934,Ashdod
442271497,Adam,Yosef,Ben-David,2000-10-31,adam.ben-david2@gmail.com,053-3608479,Beer-Sheva
227666458,Zohar,,Hoffman,1939-12-17,zohar.hoffman@gmail.com,050-3150905,Herzeliya
951596389,Adi,,Agbaria,1957-12-13,adi.agbaria@checkpoints.com,059-7579527,Haifa
814580605,Bar,,Marciano,1963-11-02,bar.marciano@checkpoints.com,057-1277589,Ashdod
121917544,Niv,,Marciano,1992-11-15,niv.marciano@gmail.com,055-7028319,Herzeliya
977886182,Ilan,Sarah,Elbaz,1943-01-30,ilan.elbaz@gmail.com,054-6414869,Petah-Tikva
716809699,Israel,,Spector,1944-01-17,israel.spector@checkpoints.com,057-9826869,Haifa
753831884,Omer,Sarah,Elbaz,1963-07-08,omer.elbaz@hotmail.com,056-8173010,Rehovot
541186817,Guy,,Deutsch,1994-06-02,guy.deutsch@teva.com,054-5701901,Petah-Tikva
938386933,Hila,,Peretz,1979-07-17,hila.peretz@gmail.com,057-9856895,Eilat
719994326,Noam,,Melamed,1952-08-06,noam.melamed@gmail.com,059-9981623,Nahariya
830979715,Osnat,,Ohayon,1996-07-27,osnat.ohayon@gmail.com,058-1353151,Ashdod
544058198,Moshe,Michael,Levi,1991-10-16,moshe.levi@gmail.com,052-5097883,Haifa
714901034,Michal,,Ben-David,1991-04-16,michal.ben-david@gmail.com,057-2187357,Eilat
426198868,Bar,Ben,Spector,1986-09-01,bar.spector@teva.com,055-2846985,Petah-Tikva
741411345,Israel,,Koren,1987-08-30,israel.koren@gmail.com,053-4273753,Rehovot
893897994,Yitzhak,,Silberman,1995-03-26,yitzhak.silberman@teva.com,050-8561164,Jerusalem
542959311,Dorit,,Golan,1963-06-04,dorit.golan@checkpoints.com,056-7021262,Eilat
946102733,Noam,,Eshkol,2001-07-27,noam.eshkol@hotmail.com,050-4169534,Tel Aviv - Yafo
948420436,Osnat,,Barkat,1956-06-08,osnat.barkat@checkpoints.com,054-3644828,Rehovot
326753976,Iris,Michael,Asulin,1982-01-30,iris.asulin@checkpoints.com,057-7001899,Herzeliya
178111296,Anat,,Sharon,1952-09-28,anat.sharon@hotmail.com,053-3627551,Haifa
838611660,Zohar,,Zamir,1966-12-28,zohar.zamir@teva.com,051-8659666,Nahariya
780360458,Rami,,Guttman,1969-05-05,rami.guttman@gmail.com,052-2345546,Ashdod
955886149,Ben,,Weiss,1954-09-14,ben.weiss@hotmail.com,052-5915617,Eilat
493063500,Hila,,Arad,1983-11-22,hila.arad@gmail.com,057-4174410,Herzeliya
278262387,Lihi,Yosef,Sarusi,1998-11-01,lihi.sarusi@teva.com,054-2405969,Jerusalem
172167019,Orly,,Golan,1987-03-13,orly.golan@hotmail.com,052-8084993,Herzeliya
206502159,Adam,,Sharon,1968-01-31,adam.sharon@gmail.com,059-3204414,Rehovot
802908564,Yitzhak,,Gal,2002-04-21,yitzhak.gal@gmail.com,059-2394198,Haifa
256273501,Adam,,Guttman,1969-09-03,adam.guttman@gmail.com,055-5269286,Haifa
472743513,Sivan,Sarah,Katz,1941-02-20,sivan.katz@checkpoints.com,057-5965700,Haifa
268961252,Sarah,,Ohayon,1963-01-09,sarah.ohayon@gmail.com,051-4640340,Haifa
674252700,Dana,,Aharon,1972-06-23,dana.aharon@gmail.com,057-5474873,Eilat
224518837,Ben,,Begin,1939-09-24,ben.begin@gmail.com,052-9037584,Rehovot
412078174,Eitan,,Bar-On,1941-02-27,eitan.bar-on@walla.co.il,058-6321665,Beer-Sheva
734300106,Adam,Leah,Green,1948-11-01,adam.green@checkpoints.com,055-7690724,Nahariya
272599412,Limor,Leah,Ben-Ari,2003-10-09,limor.ben-ari@gmail.com,059-3006349,Rehovot
230457529,Yaakov,,Grosman,1998-10-26,yaakov.grosman@gmail.com,051-9219270,Tel Aviv - Yafo
648073755,Israel,Leah,Deutsch,1946-11-27,israel.deutsch1@walla.co.il,050-3154249,Tel Aviv - Yafo
924654437,Shalom,Leah,Yadin,1988-02-15,shalom.yadin1@gmail.com,056-3175790,Nahariya
991857444,Rotem,Yosef,Kramer,1949-08-18,rotem.kramer@walla.co.il,056-9223424,Petah-Tikva
989869634,Israel,,Green,1978-03-09,israel.green@checkpoints.com,058-9783925,Eilat
801457357,Noa,,Yadin,1984-09-08,noa.yadin@teva.com,052-5812954,Herzeliya
902748625,Shira,Yosef,Melamed,1978-12-08,shira.melamed@gmail.com,057-7971437,Rehovot
284630725,Adi,Yosef,Gabay,1960-03-03,adi.gabay@gmail.com,052-2486831,Beer-Sheva
262469062,Neta,,Dotan,1958-12-10,neta.dotan@walla.co.il,058-7211175,Tel Aviv - Yafo
666165463,Iris,,Schwartz,1946-10-17,iris.schwartz@hotmail.com,057-9134139,Beer-Sheva
101389617,Noa,,Deutsch,1974-10-01,noa.deutsch@hotmail.com,058-4080094,Rehovot
850293026,Sarah,,Elbaz,1981-04-08,sarah.elbaz@gmail.com,053-7032496,Nahariya
112425472,Yosef,Ben,Weiss,1937-01-31,yosef.weiss@gmail.com,056-4053300,Ashdod
288881472,Michal,,Dotan,1972-05-18,michal.dotan@gmail.com,058-4085192,Beer-Sheva
169968053,Tali,Sarah,Turgeman,1984-01-08,tali.turgeman@teva.com,058-8838992,Petah-Tikva
940954616,Avigail,Bat,Heller,2002-05-19,avigail.heller@checkpoints.com,056-3105968,Ashdod
501767605,Shani,,Yadin,1944-11-30,shani.yadin@gmail.com,050-1411530,Rehovot
485166554,Eitan,,Eitan,1962-03-10,eitan.eitan@teva.com,054-7269002,Nahariya
815125163,Sigal,,Navon,2002-12-10,sigal.navon@walla.co.il,054-2187352,Rehovot
447182316,May,,Omer,2007-12-05,may.omer@gmail.com,052-5508950,Haifa
444050685,Rami,,Sarusi,1962-01-27,rami.sarusi@hotmail.com,059-4509428,Jerusalem
362254317,Roni,Yosef,Kramer,1959-06-18,roni.kramer@checkpoints.com,055-4225592,Eilat
390225221,Yosef,,Navon,1984-04-19,yosef.navon@teva.com,057-8795039,Haifa
603439065,Avi,,fuchs,2006-05-10,avi.fuchs@hotmail.com,052-9346947,Ashdod
900050520,Shlomo,Ben,Elbaz,1947-03-15,shlomo.elbaz@gmail.com,056-5304451,Tel Aviv - Yafo
609380770,Sarah,Sarah,Spector,1978-04-17,sarah.spector@walla.co.il,055-3497301,Petah-Tikva
490301124,Eitan,,Omer,1993-09-28,eitan.omer@teva.com,050-2564889,Beer-Sheva
844933072,Inbal,,Geva,1937-12-18,inbal.geva@walla.co.il,053-4158475,Jerusalem
703490202,Ori,,Sharon,1966-02-05,ori.sharon@hotmail.com,058-5234284,Haifa
570093595,Dor,,Peled,1999-06-13,dor.peled@walla.co.il,057-1436132,Rehovot
767497382,Ronit,,Avraham,1978-12-16,ronit.avraham@gmail.com,053-8842882,Tel Aviv - Yafo
464211919,Chaim,,Sarusi,1989-02-07,chaim.sarusi@walla.co.il,054-8209897,Haifa
293442094,Shlomo,Sarah,Peled,1993-08-11,shlomo.peled@walla.co.il,057-3085406,Haifa
442558962,Shahar,,Vaknin,1964-03-10,shahar.vaknin@walla.co.il,050-9511416,Jerusalem
454140097,Maya,Leah,Kraus,1964-10-08,maya.kraus@hotmail.com,057-5265605,Tel Aviv - Yafo
781159841,Ron,,Spector,1940-07-01,ron.spector@walla.co.il,054-5333170,Nahariya
536517614,Lior,Bat,Friedman,2007-03-17,lior.friedman@teva.com,059-8436719,Rehovot
860265858,Agam,,Harari,1974-12-30,agam.harari@teva.com,059-6671268,Nahariya
348831643,Yael,,Tzur,1994-10-27,yael.tzur@hotmail.com,053-5824180,Jerusalem
969188333,Dor,,Bar-On,1976-07-26,dor.bar-on@gmail.com,059-2087771,Rehovot
382273217,Neta,,Tamir,1987-11-03,neta.tamir@gmail.com,052-9125517,Rehovot
525996093,Michael,,Berger,1952-09-05,michael.berger@hotmail.com,054-9782675,Beer-Sheva
937165236,Adam,,Schwartz,1979-05-19,adam.schwartz@walla.co.il,054-9695338,Beer-Sheva
475076260,Roy,,Golan,1951-08-31,roy.golan@gmail.com,056-4806444,Nahariya
137707288,Roni,Leah,Zilber,1954-03-17,roni.zilber1@teva.com,053-7624007,Tel Aviv - Yafo
319997010,Eyal,Michael,Grosman,2002-01-15,eyal.grosman1@gmail.com,053-6032249,Eilat
734689266,Dor,,Eshkol,1998-06-12,dor.eshkol@gmail.com,053-4127021,Tel Aviv - Yafo
247497194,Eitan,Yosef,Sarusi,1988-08-01,eitan.sarusi@teva.com,052-2390577,Herzeliya
624540176,Rivka,,Levi,1953-02-04,rivka.levi@gmail.com,050-6045301,Jerusalem
601520027,Sapir,,Ben-David,2004-01-09,sapir.ben-david@walla.co.il,053-5435257,Tel Aviv - Yafo
498484669,Daniel,Michael,Stern,1967-01-04,daniel.stern1@gmail.com,053-7268676,Jerusalem
300948217,Rotem,Bat,Ramon,1988-03-10,rotem.ramon@gmail.com,051-7860824,Ashdod
227464023,Dor,,Grosman,1956-07-03,dor.grosman@walla.co.il,058-2098676,Ashdod
200357227,Noa,,Marciano,1950-03-30,noa.marciano@teva.com,053-4683950,Herzeliya
973815293,Adam,Yosef,Livne,2004-02-24,adam.livne1@gmail.com,053-3818529,Petah-Tikva
665781840,Ben,Yosef,Ramon,2000-11-07,ben.ramon1@hotmail.com,055-6944736,Beer-Sheva
743655562,Shani,,Lavi,2007-01-31,shani.lavi@hotmail.com,057-9492907,Petah-Tikva
738715991,Kobi,,Tzur,1964-06-01,kobi.tzur@gmail.com,050-3201109,Tel Aviv - Yafo
321123483,Adi,Michael,Shapira,1960-01-21,adi.shapira@gmail.com,051-5351451,Rehovot
667893805,Tali,,Azoulay,1960-08-20,tali.azoulay@checkpoints.com,059-4810808,Jerusalem
147674396,Maya,,Yosef,1991-10-22,maya.yosef@checkpoints.com,058-6578207,Beer-Sheva
977355647,Shlomo,,Hoffman,2004-10-11,shlomo.hoffman@teva.com,054-1426448,Jerusalem
805936573,Yuval,Sarah,Hadad,1958-09-02,yuval.hadad1@gmail.com,056-1620554,Petah-Tikva
362661803,Asaf,Michael,Peled,1950-07-06,asaf.peled@hotmail.com,052-2173246,Nahariya
718978158,David,Bat,Segal,1985-10-07,david.segal2@gmail.com,051-9860676,Herzeliya
244080959,Linoy,,Navon,1938-08-26,linoy.navon@gmail.com,053-7157749,Nahariya
713919376,Noam,,Kraus,1993-08-09,noam.kraus@walla.co.il,057-4341962,Tel Aviv - Yafo
684295075,Ron,Michael,Yarkoni,2007-08-16,ron.yarkoni@gmail.com,056-5812067,Eilat
906305538,Yaakov,,Levi,1993-09-19,yaakov.levi@teva.com,055-5819732,Tel Aviv - Yafo
628264000,Omer,,Kramer,1945-02-02,omer.kramer1@gmail.com,053-3634732,Nahariya
822927311,Asaf,,Ben-David,1990-06-20,asaf.ben-david@walla.co.il,054-6042401,Herzeliya
797952097,Yaakov,,Berger,1980-06-19,yaakov.berger@hotmail.com,050-5813501,Nahariya
171523404,Anat,Leah,Heller,1956-09-17,anat.heller@gmail.com,053-1844094,Tel Aviv - Yafo
948887845,Maya,,Geva,1997-03-04,maya.geva@hotmail.com,054-5978056,Herzeliya
452135776,Coral,,Dahan,1950-09-02,coral.dahan@checkpoints.com,052-9641409,Haifa
156225412,Moshe,Michael,Agbaria,1969-08-26,moshe.agbaria@hotmail.com,059-9114383,Ashdod
754175086,Neta,,Elbaz,1948-06-20,neta.elbaz@gmail.com,051-7757681,Nahariya
622518561,Motti,,Blau,1956-06-07,motti.blau@gmail.com,054-9388906,Herzeliya
765413050,Mor,,Ronen,1966-01-13,mor.ronen@gmail.com,052-4348559,Beer-Sheva
591433198,Kobi,,Asulin,1980-06-14,kobi.asulin@walla.co.il,055-9893066,Beer-Sheva
512743049,Sapir,,Agbaria,1943-07-28,sapir.agbaria1@checkpoints.com,053-3515171,Haifa
500582182,Osnat,,Friedman,1999-03-08,osnat.friedman@checkpoints.com,055-7052695,Ashdod
297832919,Rachel,Ben,Yarkoni,2000-06-13,rachel.yarkoni@walla.co.il,055-5800815,Haifa
759277492,Yaron,Michael,Yadin,1995-02-27,yaron.yadin@gmail.com,054-4160475,Nahariya
254265168,Hadar,,Bar-On,1990-11-14,hadar.bar-on1@gmail.com,052-4523314,Nahariya
231117712,Rachel,,Peres,1998-06-09,rachel.peres@hotmail.com,053-3622511,Ashdod
891408779,Ben,,Gabay,2000-10-29,ben.gabay@hotmail.com,058-2851370,Herzeliya
779233399,Rotem,,Koren,1947-12-12,rotem.koren@checkpoints.com,055-2392989,Herzeliya
192302551,Yaron,Ben,Elbaz,1965-11-22,yaron.elbaz@walla.co.il,053-9583879,Rehovot
194903126,Gadi,,Koren,1959-04-24,gadi.koren@gmail.com,054-1131161,Jerusalem
166130465,Alon,,Klein,1988-08-15,alon.klein@gmail.com,055-6536607,Nahariya
748178908,Eden,,Feldman,1968-03-30,eden.feldman@gmail.com,050-6444522,Rehovot
907996810,Shira,Bat,Grosman,1995-10-13,shira.grosman1@checkpoints.com,055-9251199,Jerusalem
578614354,Michael,,Dahan,2006-07-22,michael.dahan@gmail.com,051-4902452,Tel Aviv - Yafo
815189542,Eitan,,Saban,1981-03-10,eitan.saban@gmail.com,053-9287569,Petah-Tikva
442127074,Roy,,Spector,1978-06-25,roy.spector@walla.co.il,050-3306969,Rehovot
343606344,Eli,,Gur,1983-07-24,eli.gur@teva.com,058-5405999,Jerusalem
507919742,Sivan,,Avraham,1956-04-14,sivan.avraham@gmail.com,059-2331071,Tel Aviv - Yafo
466576856,Yaron,,Eshkol,1976-01-19,yaron.eshkol@teva.com,051-7127413,Jerusalem
283232461,Rami,, Dayan,1987-03-21,rami. dayan@gmail.com,052-5615682,Nahariya
455957421,Moshe,Bat,Eshkol,1944-03-30,moshe.eshkol@teva.com,058-1244250,Tel Aviv - Yafo
826101806,Amit,,Gabay,1952-09-29,amit.gabay@teva.com,056-5461065,Nahariya
924357612,Zohar,,Oz,1956-09-24,zohar.oz@walla.co.il,058-1181964,Beer-Sheva
885443872,Dudi,,Agbaria,1960-05-20,dudi.agbaria@gmail.com,057-3637735,Nahariya
729351336,Yuval,Michael, Dayan,2004-03-24,yuval. dayan@gmail.com,052-5614666,Tel Aviv - Yafo
324273294,Avigail,,Yosef,1971-01-22,avigail.yosef@gmail.com,059-9189578,Beer-Sheva
123670232,Leah,,Heller,1984-02-27,leah.heller@checkpoints.com,052-1726775,Eilat
555033689,Yuval,,Begin,1941-11-13,yuval.begin@hotmail.com,056-4163622,Herzeliya
114713545,Sivan,Bat,Yarkoni,1996-12-02,sivan.yarkoni@walla.co.il,059-6048673,Beer-Sheva
978952337,Eitan,Yosef,Klein,1996-02-01,eitan.klein@teva.com,055-4724496,Haifa
537101395,Ariel,,Saban,1995-06-24,ariel.saban@gmail.com,052-9554146,Ashdod
396668123,Avigail,Ben,Peretz,1990-11-21,avigail.peretz@gmail.com,052-3547585,Ashdod
293576968,Itai,Yosef,Ramon,1936-10-10,itai.ramon@gmail.com,058-1634563,Rehovot
948117226,Anat,Sarah,Rabin,1956-05-01,anat.rabin@hotmail.com,056-7770048,Jerusalem
220806107,Oren,Sarah,Nir,1986-07-30,oren.nir@checkpoints.com,050-8574454,Rehovot
503353430,Guy,Yosef,Melamed,1987-08-31,guy.melamed@teva.com,051-9998696,Herzeliya
845216310,Rivka,,Gur,1980-04-06,rivka.gur@teva.com,053-4242145,Haifa
792527770,Tamar,,Bareket,1986-04-22,tamar.bareket@gmail.com,055-1320758,Rehovot
764837466,Yosef,,Shapira,1984-09-09,yosef.shapira@walla.co.il,051-3953309,Ashdod
527630461,Kim,,Arad,1980-03-07,kim.arad@gmail.com,052-9057027,Tel Aviv - Yafo
894535766,Noam,,David,1990-04-02,noam.david@walla.co.il,050-7634011,Jerusalem
958131657,Eden,Leah,Harari,1949-10-20,eden.harari@teva.com,055-6650756,Petah-Tikva
458959150,Tamar,Michael,Yadin,1992-10-01,tamar.yadin@gmail.com,058-8013919,Beer-Sheva
169031383,Tamar,Leah,Ben-Gurion,2007-09-17,tamar.ben-gurion1@gmail.com,051-1417077,Herzeliya
217048010,Yitzhak,,Gur,1945-09-16,yitzhak.gur@gmail.com,055-6981524,Beer-Sheva
546964796,Dana,,Tamir,1964-03-16,dana.tamir@walla.co.il,058-3283222,Herzeliya
124074253,Ariel,,Lazar,1948-01-07,ariel.lazar@hotmail.com,056-8981337,Ashdod
630601845,Mor,Bat,Rabin,2004-04-04,mor.rabin@gmail.com,059-8817494,Rehovot
994350990,Inbal,,Tzur,1952-08-28,inbal.tzur@checkpoints.com,054-4896107,Beer-Sheva
317785911,Anat,Sarah,Golan,1988-02-28,anat.golan@checkpoints.com,058-7673860,Haifa
771625293,Shani,Michael,Gur,1999-09-03,shani.gur1@gmail.com,051-6487732,Eilat
819015671,Gadi,,Schwartz,1951-08-08,gadi.schwartz@gmail.com,057-5364478,Herzeliya
364263909,Avi,,Barkat,1999-04-10,avi.barkat@gmail.com,053-7844895,Petah-Tikva
983579773,Bar,,Tal,1959-10-20,bar.tal@gmail.com,050-7296010,Nahariya
528496014,Shani,,Tal,2007-12-25,shani.tal@walla.co.il,054-8727244,Petah-Tikva
117329134,Ofek,,Frank,1997-05-27,ofek.frank@teva.com,056-1001173,Herzeliya
488303137,Dan,,Green,1962-01-02,dan.green@gmail.com,056-5248353,Haifa
553621417,Dan,,Asulin,1961-05-22,dan.asulin@hotmail.com,059-7617979,Beer-Sheva
564135006,Moshe,,Mizrachi,1985-09-06,moshe.mizrachi@gmail.com,053-7102228,Eilat
563487334,David,,Saban,1946-12-30,david.saban@gmail.com,055-4726220,Tel Aviv - Yafo
303258741,Maya,,Azoulay,1965-06-25,maya.azoulay@gmail.com,052-2425829,Haifa
677046813,Itai,,Saban,2003-03-24,itai.saban@hotmail.com,054-5043583,Eilat
467763422,Dorit,,Sharon,2001-12-05,dorit.sharon@checkpoints.com,058-5322020,Haifa
416128956,Shahar,,Dotan,1996-11-18,shahar.dotan@teva.com,050-3698284,Eilat
561146945,Tal,Ben,Melamed,1980-05-24,tal.melamed@gmail.com,058-5816734,Eilat
166732051,Gil,,Levi,1976-11-18,gil.levi@gmail.com,055-8819120,Beer-Sheva
419639244,Bar,,Blau,1954-12-06,bar.blau@gmail.com,054-6099042,Beer-Sheva
686786463,Inbal,Ben,Nir,1940-11-06,inbal.nir1@gmail.com,053-9437716,Jerusalem
801993096,Osnat,Yosef,Goldberg,1986-05-24,osnat.goldberg@gmail.com,054-8734580,Rehovot
878573725,Linoy,,Tamir,1979-07-29,linoy.tamir@gmail.com,057-7863083,Haifa
829406664,Amit,,David,1965-09-13,amit.david@walla.co.il,051-9028110,Petah-Tikva
298944499,Inbal,Michael,Feldman,1958-11-17,inbal.feldman@checkpoints.com,058-6506174,Tel Aviv - Yafo
233403264,Lior,,Zamir,1957-05-17,lior.zamir@gmail.com,059-2556628,Tel Aviv - Yafo
725759987,Dorit,,Dahan,1999-05-15,dorit.dahan@hotmail.com,059-1505623,Ashdod
100406729,Niv,Leah,Gal,2008-06-15,niv.gal@walla.co.il,057-2101111,Eilat
921250201,Tali,,Arad,1948-11-07,tali.arad@gmail.com,052-5197702,Petah-Tikva
791187060,Yosef,,David,1990-02-25,yosef.david@hotmail.com,052-4303613,Jerusalem
139154418,Chaim,,Peled,1938-12-26,chaim.peled@walla.co.il,058-3727387,Haifa
551031584,Noam,,Agbaria,1982-09-20,noam.agbaria@gmail.com,056-2647031,Petah-Tikva
626828470,Michal,Yosef,Altman,1958-07-02,michal.altman1@hotmail.com,052-5147028,Herzeliya
788059528,Sapir,,Gur,1980-11-28,sapir.gur@teva.com,056-1709897,Petah-Tikva
314010977,Noa,Yosef,Shaham,1958-11-27,noa.shaham@teva.com,058-1980425,Beer-Sheva
989525852,Ron,Sarah,Blau,1942-05-27,ron.blau@walla.co.il,059-7583688,Herzeliya
379523973,Yaakov,,Zilber,2006-02-16,yaakov.zilber@gmail.com,052-4310541,Herzeliya
218084682,Rivka,Ben,Klein,1980-01-10,rivka.klein@gmail.com,053-6551924,Beer-Sheva
851869418,Motti,Bat,Geva,1953-09-13,motti.geva1@gmail.com,050-1712617,Ashdod
565593472,Kobi,,Lazar,1988-02-22,kobi.lazar@hotmail.com,053-5389604,Ashdod
992834495,Zohar,Michael,Spector,1970-09-03,zohar.spector@checkpoints.com,051-7647496,Beer-Sheva
456377255,Sigal,Sarah,Porat,1971-08-13,sigal.porat@gmail.com,055-1216489,Jerusalem
114053493,Sigal,,Harari,1972-02-09,sigal.harari@gmail.com,051-5279006,Tel Aviv - Yafo
835726040,Stav,,Spector,1987-10-10,stav.spector@gmail.com,057-1344508,Tel Aviv - Yafo
403521654,Neta,Michael,Levine,2004-08-26,neta.levine@teva.com,057-5369283,Ashdod
567500688,Tomers,,Azoulay,1957-01-10,tomers.azoulay@teva.com,053-4634386,Herzeliya
712511391,Gil,Sarah,Levi,1938-04-07,gil.levi1@gmail.com,059-8433102,Tel Aviv - Yafo
488179421,Ben,Yosef,Rubin,2001-07-31,ben.rubin1@gmail.com,054-1420207,Jerusalem
406496539,Idan,,Dotan,1979-11-24,idan.dotan@checkpoints.com,056-8417762,Jerusalem
845764739,David,Ben,Shamir,1997-04-29,david.shamir1@walla.co.il,056-7468608,Tel Aviv - Yafo
295730078,Hadar,Bat,Ben-Ari,1971-05-06,hadar.ben-ari@gmail.com,055-5647986,Tel Aviv - Yafo
746438595,Daniel,,Cohen,1990-06-04,daniel.cohen@gmail.com,058-3045249,Tel Aviv - Yafo
163351948,Rachel,,Ronen,1978-01-04,rachel.ronen@gmail.com,059-4170093,Beer-Sheva
781937018,Ron,,Aharon,1995-07-30,ron.aharon@gmail.com,056-7073413,Nahariya
911285691,Ilan,Bat,Sharon,1973-10-24,ilan.sharon@checkpoints.com,057-9761738,Nahariya
763670997,Neta,,Livne,1985-02-10,neta.livne@hotmail.com,051-9257645,Haifa
973286259,Tomers,Michael,Rubin,1936-11-07,tomers.rubin1@gmail.com,054-4086448,Beer-Sheva
887439396,Itai,Sarah,Shapira,1942-11-28,itai.shapira1@gmail.com,058-9808938,Haifa
730531148,Noam,,Sarusi,1966-07-13,noam.sarusi@gmail.com,055-5737400,Jerusalem
324729880,Idan,,Azoulay,1955-08-30,idan.azoulay@teva.com,055-5922610,Jerusalem
251022469,Sivan,,Vaknin,1989-03-22,sivan.vaknin@teva.com,059-4078590,Haifa
163999195,Stav,,Bar-On,1951-01-16,stav.bar-on@gmail.com,050-6541962,Tel Aviv - Yafo
470284945,Noa,Sarah,Livne,1981-06-21,noa.livne@walla.co.il,051-8455543,Petah-Tikva
624735594,Rami,Sarah,Olmert,1965-01-27,rami.olmert@gmail.com,055-2503383,Jerusalem
418643126,Yitzhak,,Peled,1999-11-15,yitzhak.peled1@gmail.com,059-3757692,Rehovot
219460468,Inbal,,Guttman,1968-10-21,inbal.guttman@walla.co.il,054-3210748,Jerusalem
473871046,Eitan,,Stern,2007-09-06,eitan.stern@checkpoints.com,053-4496697,Herzeliya
279500366,Ilan,,Cohen,1937-11-16,ilan.cohen@gmail.com,051-3725695,Petah-Tikva
759815123,Sarah,Michael,Vaknin,1947-01-06,sarah.vaknin@hotmail.com,052-3333028,Beer-Sheva
977881344,Avraham,,Yarkoni,1957-10-20,avraham.yarkoni@gmail.com,050-7507767,Rehovot
863269867,Tamar,Leah,Friedman,1999-10-08,tamar.friedman1@gmail.com,055-3162978,Eilat
381421671,Dan,Yosef,Begin,1985-12-20,dan.begin@hotmail.com,055-3902367,Haifa
528427466,Gil,Ben,Ramon,2004-04-14,gil.ramon@walla.co.il,056-5848120,Beer-Sheva
912983246,Dor,,Saban,1978-05-20,dor.saban@gmail.com,051-8272117,Ashdod
989165088,Yuval,,Saban,1951-02-14,yuval.saban@gmail.com,053-4335708,Herzeliya
109395168,Shahar,,Koren,2000-06-23,shahar.koren@checkpoints.com,051-3131996,Ashdod
379016978,Eyal,,Koren,1974-02-16,eyal.koren@gmail.com,056-9894444,Herzeliya
544096333,Avraham,,Weiss,1957-12-09,avraham.weiss@hotmail.com,053-3454195,Beer-Sheva
149436555,Eitan,,Netanyahu,1951-04-27,eitan.netanyahu@walla.co.il,051-8365170,Rehovot
705216698,David,Ben,Mizrachi,1959-08-29,david.mizrachi1@walla.co.il,054-1546013,Haifa
145352430,Linoy,,Livne,1986-03-08,linoy.livne@gmail.com,059-1352974,Eilat
439382860,Shani,,Shani,1958-08-26,shani.shani@gmail.com,055-9787486,Petah-Tikva
787863900,Neta,Ben,Silberman,1967-10-19,neta.silberman@walla.co.il,054-9774122,Rehovot
349409945,Ron,,Bar-On,2000-06-22,ron.bar-on@checkpoints.com,056-1890970,Nahariya
610730655,Tamar,,Shani,1941-07-29,tamar.shani@checkpoints.com,050-9762186,Herzeliya
192627345,Dudi,Bat,Peles,1971-11-17,dudi.peles@checkpoints.com,050-7332250,Herzeliya
613388283,Mor,,Bar-On,1945-03-08,mor.bar-on@hotmail.com,059-8319839,Ashdod
532252372,Asaf,,Dahan,1961-04-09,asaf.dahan@hotmail.com,057-9575491,Nahariya
273735990,Michal,,Ramon,1969-01-23,michal.ramon@teva.com,052-5974081,Beer-Sheva
771143571,Inbal,Yosef,Frank,1993-04-03,inbal.frank@walla.co.il,059-7381902,Ashdod
288674991,Shahar,Yosef,Ramon,1970-02-17,shahar.ramon1@checkpoints.com,055-6574562,Herzeliya
681524403,Yaron,Leah,Eitan,1975-12-19,yaron.eitan@teva.com,053-1783887,Herzeliya
922564753,Dana,,Sarusi,1987-10-18,dana.sarusi@teva.com,058-1745975,Rehovot
636271135,Ori,Michael,Harel,1992-12-21,ori.harel@gmail.com,051-9613060,Rehovot
979850627,Yaakov,,Avraham,2002-10-12,yaakov.avraham@hotmail.com,055-1939866,Tel Aviv - Yafo
893664815,Coral,Ben,Lazar,1963-10-19,coral.lazar@checkpoints.com,059-9712858,Petah-Tikva
396912657,Zohar,Leah,Green,1970-02-05,zohar.green@gmail.com,058-9568652,Ashdod
746615106,Alon,,Marciano,1952-02-15,alon.marciano@gmail.com,058-7602536,Nahariya
176716073,Guy,Sarah,Frank,1966-04-24,guy.frank@gmail.com,053-4188616,Tel Aviv - Yafo
921993810,Michael,Sarah,Vaknin,1995-02-02,michael.vaknin@walla.co.il,050-8238152,Tel Aviv - Yafo
935432492,Lihi,,Peles,1944-09-07,lihi.peles@teva.com,051-8949069,Nahariya
791282446,Yuval,Michael,Harari,1963-11-28,yuval.harari@checkpoints.com,054-3833081,Tel Aviv - Yafo
469502782,Yitzhak,Ben,Porat,2007-09-14,yitzhak.porat@gmail.com,051-9864335,Haifa
108420317,Lihi,,Dotan,2008-02-12,lihi.dotan@teva.com,059-1673289,Nahariya
339862031,Shir,,Vaknin,1980-11-03,shir.vaknin@gmail.com,050-5449032,Tel Aviv - Yafo
963579562,Omer,,Porat,1954-11-25,omer.porat@gmail.com,052-1257451,Haifa
167212775,Gil,,Oz,1979-03-22,gil.oz@checkpoints.com,052-1435602,Ashdod
492251230,Dor,,Ohayon,1962-10-23,dor.ohayon@checkpoints.com,053-8881092,Tel Aviv - Yafo
615839872,Avigail,Yosef,Aharon,1970-07-10,avigail.aharon@gmail.com,051-5804259,Herzeliya
880282502,Ilan,,Bar-On,1949-10-03,ilan.bar-on@hotmail.com,054-9050520,Beer-Sheva
452620497,Limor,,Peretz,1951-07-29,limor.peretz@gmail.com,055-8637877,Tel Aviv - Yafo
112922231,Noa,Ben,Bareket,1965-01-03,noa.bareket1@gmail.com,053-8681368,Herzeliya
666085333,Tali,,Kraus,1988-01-08,tali.kraus@gmail.com,058-9654363,Jerusalem
197115044,Dor,Ben,Peretz,1949-04-06,dor.peretz@hotmail.com,059-7208789,Nahariya
802844468,Limor,Ben,Navon,1950-09-10,limor.navon1@gmail.com,054-8147970,Jerusalem
112439006,Asaf,,Eitan,1946-03-05,asaf.eitan@walla.co.il,057-3293820,Herzeliya
892100756,Dor,,Asulin,1975-07-04,dor.asulin@gmail.com,054-9143593,Tel Aviv - Yafo
304617995,Shahar,,Lavi,1994-07-22,shahar.lavi@gmail.com,054-1506476,Nahariya
229646816,Rotem,,Biton,1946-04-08,rotem.biton@hotmail.com,055-9141364,Petah-Tikva
478753036,Motti,,Navon,1974-10-07,motti.navon@hotmail.com,050-8814277,Nahariya
695232988,May,Michael,Agbaria,1997-08-06,may.agbaria@teva.com,053-2828213,Petah-Tikva
569139393,Motti,,Shapira,1952-06-18,motti.shapira@gmail.com,053-9398677,Rehovot
897422227,Iris,,Barkat,1963-04-16,iris.barkat@walla.co.il,052-4760777,Rehovot
339890758,Shahar,,Hoffman,1961-05-07,shahar.hoffman1@gmail.com,055-1812361,Ashdod
895324757,Hadar,Ben,Peres,1949-11-22,hadar.peres@gmail.com,050-4328426,Tel Aviv - Yafo
956657702,Gadi,,Harari,1945-12-23,gadi.harari@hotmail.com,053-8116159,Tel Aviv - Yafo
631195727,Roni,Leah,Hadad,1996-10-09,roni.hadad1@teva.com,058-5115846,Rehovot
409010659,Avi,Bat,Saban,1990-10-18,avi.saban@gmail.com,052-1488321,Rehovot
712758538,Niv,Yosef,Lapid,1941-11-01,niv.lapid1@gmail.com,053-5859143,Haifa
156068738,Anat,,Mizrachi,2003-07-26,anat.mizrachi@checkpoints.com,059-1086788,Herzeliya
851841957,Noa,,Goldberg,1967-12-31,noa.goldberg@checkpoints.com,053-7258555,Tel Aviv - Yafo
374290160,Michael,,Navon,1950-02-21,michael.navon@gmail.com,052-9510518,Ashdod
134359054,Shalom,Bat,Klein,1970-01-08,shalom.klein@checkpoints.com,051-4625020,Nahariya
827602499,Ronit,,Marciano,1994-02-17,ronit.marciano@gmail.com,057-8054406,Tel Aviv - Yafo
999569543,Rotem,,Dotan,2007-11-11,rotem.dotan1@walla.co.il,056-5876264,Petah-Tikva
756871275,Adam,,Begin,1986-05-24,adam.begin@gmail.com,052-9394631,Herzeliya
889095947,Iris,,Cohen,1997-02-06,iris.cohen@gmail.com,051-2695772,Haifa
504932038,Ariel,,Silberman,1984-04-03,ariel.silberman@hotmail.com,059-5711054,Rehovot
868728549,Michal,Yosef,Schwartz,1980-06-03,michal.schwartz@teva.com,051-5475419,Jerusalem
713221665,Leah,,fuchs,1975-01-01,leah.fuchs@checkpoints.com,050-5968760,Rehovot
498290363,Niv,,Turgeman,1977-12-11,niv.turgeman@gmail.com,052-3528140,Eilat
264369145,Dor,,Cohen,1965-06-23,dor.cohen@teva.com,054-1408412,Herzeliya
783302844,Gadi,,fuchs,1990-10-20,gadi.fuchs@gmail.com,055-3735373,Tel Aviv - Yafo
207162857,Oren,,Tamir,1973-02-17,oren.tamir@checkpoints.com,051-2428365,Tel Aviv - Yafo
834799688,Dudi,,fuchs,1990-07-25,dudi.fuchs@gmail.com,052-9693823,Rehovot
721708467,Gadi,,Silberman,1966-11-03,gadi.silberman@hotmail.com,051-8433838,Haifa
186421671,Leah,,Navon,1960-06-16,leah.navon@gmail.com,053-6994590,Herzeliya
813014135,Avraham,Leah,Peles,1965-01-26,avraham.peles@checkpoints.com,052-9266103,Petah-Tikva
562322672,Moshe,Ben,Dahan,2000-07-16,moshe.dahan@gmail.com,056-7970179,Jerusalem
794458353,Alon,,Harel,1988-05-31,alon.harel@checkpoints.com,058-2700027,Haifa
627319260,Yuval,,Altman,1972-10-20,yuval.altman@gmail.com,058-5434732,Rehovot
193482059,Anat,Ben,Ben-Ari,1981-08-27,anat.ben-ari@gmail.com,052-8433073,Beer-Sheva
924055334,Chaim,,Ronen,1968-08-02,chaim.ronen@gmail.com,050-4204672,Beer-Sheva
163437357,Daniel,,Altman,1979-10-14,daniel.altman@hotmail.com,055-4286264,Petah-Tikva
486043082,Tamar,,Blau,1966-02-01,tamar.blau@gmail.com,058-1520658,Eilat
999355234,Dudi,,Sharon,1964-02-17,dudi.sharon@gmail.com,055-6836076,Rehovot
988233935,Rami,,Stern,1948-06-08,rami.stern@gmail.com,050-2776375,Petah-Tikva
448464137,Avigail,,Frank,1947-03-04,avigail.frank@gmail.com,051-6355316,Haifa
562848054,Limor,,Levi,1960-09-04,limor.levi@walla.co.il,059-4622076,Herzeliya
232591657,Adam,,Sarusi,1950-11-15,adam.sarusi@teva.com,059-2890632,Petah-Tikva
983815900,Eitan,,Shaham,1947-07-11,eitan.shaham@gmail.com,058-2725667,Herzeliya
965330516,Kobi,,Stern,1984-08-06,kobi.stern@gmail.com,054-2998865,Eilat
163283916,Moshe,Yosef,Altman,2007-05-12,moshe.altman@checkpoints.com,058-9293596,Rehovot
331483269,Tali,Sarah,Avraham,1992-02-22,tali.avraham@walla.co.il,053-4880104,Eilat
291354370,Adi,Bat,Harari,1944-07-20,adi.harari1@walla.co.il,057-3647865,Beer-Sheva
681441668,Tomers,,Silberman,2001-10-09,tomers.silberman@checkpoints.com,055-8591564,Ashdod
876522949,Bar,,Dotan,1956-01-21,bar.dotan@hotmail.com,053-4482110,Rehovot
370032976,Daniel,,Rubin,1972-04-07,daniel.rubin@hotmail.com,059-9139529,Petah-Tikva
910772794,Noam,,Lavi,1949-10-06,noam.lavi@gmail.com,059-1304756,Haifa
607322499,Gil,,Azoulay,2007-02-21,gil.azoulay@hotmail.com,058-3160611,Tel Aviv - Yafo
890654326,Dana,,Kramer,2002-12-16,dana.kramer@gmail.com,055-7838021,Ashdod
512652548,Idan,Ben,Geva,1990-04-16,idan.geva1@walla.co.il,054-2128298,Haifa
239950563,Meital,,Levi,1983-12-04,meital.levi@walla.co.il,053-1370398,Beer-Sheva
601751598,Omer,,Peretz,1947-04-22,omer.peretz@gmail.com,059-1309683,Beer-Sheva
390556400,Shir,,Kramer,1983-09-17,shir.kramer@teva.com,052-8846767,Haifa
495772773,Shahar,Ben,Nir,1949-08-18,shahar.nir@gmail.com,055-2255302,Ashdod
404360926,Limor,,Lavi,1955-04-25,limor.lavi@hotmail.com,056-3223271,Haifa
168496987,Noga,,Deutsch,1976-06-07,noga.deutsch@hotmail.com,058-4070956,Tel Aviv - Yafo
245081076,Yaron,Yosef,Gur,1944-05-05,yaron.gur@checkpoints.com,056-7180277,Beer-Sheva
460375312,Sigal,,Cohen,1976-05-26,sigal.cohen@gmail.com,054-7423342,Eilat
997012103,Ori,,Rubin,1968-04-29,ori.rubin@checkpoints.com,056-6860633,Tel Aviv - Yafo
316958614,Coral,,Yarkoni,1971-05-11,coral.yarkoni@gmail.com,052-3906336,Nahariya
770913331,Itai,,Harel,1943-10-04,itai.harel1@teva.com,055-9137105,Rehovot
366042113,Dudi,,Sela,2002-04-23,dudi.sela@gmail.com,053-7944666,Jerusalem
139963751,Mor,,Ohayon,1968-08-15,mor.ohayon@teva.com,057-2034767,Rehovot
825087939,Chaim,,Hoffman,1949-10-22,chaim.hoffman@hotmail.com,059-4365626,Petah-Tikva
797785567,Michael,,Friedman,1977-12-21,michael.friedman@walla.co.il,057-3762273,Petah-Tikva
237503379,Rotem,Leah,Vaknin,1950-03-09,rotem.vaknin@walla.co.il,058-5959542,Haifa
612685102,Meital,Bat,Levi,1975-06-17,meital.levi@gmail.com,058-3870570,Eilat
449841061,Rachel,,Eitan,2002-05-03,rachel.eitan@checkpoints.com,051-1019255,Haifa
244562006,Shlomo,Sarah,Hoffman,1996-01-03,shlomo.hoffman@gmail.com,058-4170396,Ashdod
338193489,Osnat,,Avraham,2007-06-11,osnat.avraham@gmail.com,053-3855757,Eilat
846496689,Michal,Michael,Shapira,2007-10-13,michal.shapira@gmail.com,056-3314438,Haifa
897122119,Zohar,Yosef,Green,1984-05-31,zohar.green@checkpoints.com,059-9590553,Eilat
282104519,Kobi,,Levi,1992-11-04,kobi.levi@walla.co.il,056-1364540,Petah-Tikva
438558405,Yaakov,,Bareket,1991-10-22,yaakov.bareket@gmail.com,052-8258299,Nahariya
830460192,Eli,,Shaham,1942-08-20,eli.shaham@gmail.com,053-9821945,Jerusalem
576580229,Tamar,Bat,Avraham,1974-01-11,tamar.avraham@hotmail.com,054-1605490,Eilat
456236064,Eli,Michael, Dayan,1962-01-07,eli. dayan1@gmail.com,058-3967490,Ashdod
753585642,Israel,,Altman,1980-02-26,israel.altman@checkpoints.com,054-6656129,Ashdod
355416145,Leah,,Livne,1979-01-12,leah.livne1@gmail.com,051-4645164,Haifa
923627651,Iris,Leah,Tamir,1967-02-28,iris.tamir@gmail.com,053-5392793,Nahariya
370361338,Hila,Bat,Lapid,1949-09-04,hila.lapid@gmail.com,055-3790958,Rehovot
928939473,Eyal,,Ben-Ari,1950-09-02,eyal.ben-ari@walla.co.il,056-2907181,Jerusalem
949392516,Limor,,Ben-Ari,1944-03-01,limor.ben-ari1@gmail.com,050-3872041,Haifa
101931757,Adi,Bat,Shaham,1965-03-17,adi.shaham@gmail.com,050-4899931,Eilat
296945720,Shalom,Ben,Avraham,1988-12-25,shalom.avraham1@hotmail.com,050-2497666,Beer-Sheva
165573239,Rami,Bat,Avraham,1958-05-17,rami.avraham@gmail.com,051-1061580,Jerusalem
458897294,David,Sarah,Marciano,1956-06-14,david.marciano@checkpoints.com,052-8137977,Herzeliya
522998071,Idan,,Rabin,1996-01-07,idan.rabin@hotmail.com,055-7150188,Herzeliya
723998891,Michael,,Melamed,1994-04-11,michael.melamed@gmail.com,050-7032366,Eilat
810774791,Guy,,Grosman,1988-03-09,guy.grosman@walla.co.il,051-7288713,Eilat
261643622,Shira,,Zilber,1980-07-15,shira.zilber@walla.co.il,052-5300376,Eilat
999257190,Avi,Leah,Mizrachi,1982-05-06,avi.mizrachi@gmail.com,051-1667034,Beer-Sheva
111825805,Eitan,Sarah,Gabay,1989-03-18,eitan.gabay1@gmail.com,050-9447564,Tel Aviv - Yafo
498345104,Tamar,,Golan,1939-01-18,tamar.golan@gmail.com,057-5755947,Beer-Sheva
482286015,Itai,,Tamir,1997-07-01,itai.tamir@checkpoints.com,053-5199699,Haifa
835638611,Lior,,Gur,1976-01-12,lior.gur@gmail.com,054-8408824,Jerusalem
708972779,Linoy,Bat,Geva,1966-11-17,linoy.geva1@hotmail.com,059-2773259,Herzeliya
807157353,Anat,Leah,Harari,1965-03-15,anat.harari@walla.co.il,058-6069937,Beer-Sheva
812433017,Itai,Leah,Geva,1952-06-13,itai.geva@gmail.com,059-6362226,Nahariya
130344289,Anat,,Shamir,1938-08-22,anat.shamir@teva.com,056-4965924,Haifa
606748302,Dor,,Biton,1964-04-25,dor.biton@hotmail.com,058-9842539,Nahariya
914252384,Rami,Sarah,Bar-On,1949-09-07,rami.bar-on@walla.co.il,052-6975549,Haifa
131504033,Rachel,Michael,Eshkol,1988-09-20,rachel.eshkol@hotmail.com,055-4612033,Beer-Sheva
882105829,Alon,,Malka,1996-11-22,alon.malka@gmail.com,054-9494689,Herzeliya
810689619,Ben,Michael,Schwartz,1987-06-22,ben.schwartz@checkpoints.com,051-4110701,Rehovot
930974083,Meital,Michael,Saban,1967-12-30,meital.saban@gmail.com,056-7164623,Petah-Tikva
891723757,Erez,,Cohen,1957-05-22,erez.cohen@teva.com,054-7728615,Beer-Sheva
229680839,Gal,,Cohen,2006-11-19,gal.cohen@walla.co.il,054-6650906,Haifa
480677421,Yael,,Gur,1972-04-06,yael.gur@gmail.com,055-1696737,Eilat
487828530,Michal,,Omer,1951-10-01,michal.omer@checkpoints.com,058-1298507,Jerusalem
116016764,Yuval,Michael,Nir,1965-08-11,yuval.nir@gmail.com,050-6356219,Ashdod
676794762,Stav,,Friedman,1967-02-14,stav.friedman@gmail.com,053-2861348,Beer-Sheva
918027398,Motti,,Aharon,1946-05-10,motti.aharon@walla.co.il,051-1749133,Tel Aviv - Yafo
109754391,Mor,,Liberman,1945-06-21,mor.liberman@teva.com,057-9788848,Eilat
864682970,Osnat,,Schwartz,1942-03-12,osnat.schwartz@gmail.com,056-6691025,Herzeliya
215475088,Anat,,Golan,1984-08-24,anat.golan@gmail.com,057-6261555,Tel Aviv - Yafo
930752750,Ofek,Bat,Olmert,1988-09-11,ofek.olmert1@gmail.com,050-5162130,Tel Aviv - Yafo
797044061,Tomers,,Dahan,1994-04-14,tomers.dahan@gmail.com,055-1055836,Nahariya
506669061,Eyal,,Dotan,1962-07-30,eyal.dotan@teva.com,058-4862967,Beer-Sheva
806504591,Roni,Sarah,Levine,1937-06-23,roni.levine1@gmail.com,057-1859080,Rehovot
258700953,Omer,Sarah,Yadin,1956-02-16,omer.yadin@gmail.com,052-7923746,Tel Aviv - Yafo
311045145,Adam,Leah,Levi,1989-07-17,adam.levi@teva.com,059-1361489,Haifa
769971620,David,,Weiss,1976-12-22,david.weiss@hotmail.com,054-3557557,Eilat
209159462,David,Michael,Klein,1955-07-27,david.klein@walla.co.il,050-2438420,Haifa
850646538,Omer,,Melamed,1987-06-05,omer.melamed@gmail.com,052-3061982,Ashdod
988531170,Anat,Bat,Aharon,1983-06-12,anat.aharon@gmail.com,056-9565993,Eilat
547606656,Yaron,,David,2003-07-25,yaron.david@gmail.com,050-7580398,Rehovot
499591932,Erez,,Nir,2006-10-05,erez.nir@teva.com,050-1647538,Jerusalem
455747123,Dor,,fuchs,2001-05-01,dor.fuchs@gmail.com,054-4054361,Eilat
406140976,Noam,,Marciano,1998-08-03,noam.marciano@checkpoints.com,056-2968854,Beer-Sheva
442011490,Bar,Sarah,Porat,1973-02-10,bar.porat@checkpoints.com,052-5050394,Haifa
782168501,Yuval,,Peres,1995-10-01,yuval.peres@gmail.com,051-4233305,Ashdod
612053312,Omer,,Frank,1948-08-05,omer.frank@hotmail.com,050-6959834,Herzeliya
738750528,Tamar,Yosef,Barkat,1983-03-23,tamar.barkat@hotmail.com,058-3919740,Tel Aviv - Yafo
535442286,Asaf,,Malka,1966-06-27,asaf.malka@hotmail.com,058-9662797,Nahariya
997196316,Avraham,Bat,Sharon,1995-05-08,avraham.sharon@walla.co.il,059-6924889,Beer-Sheva
912801260,Yael,Michael,Elbaz,1992-12-23,yael.elbaz@gmail.com,053-1627127,Rehovot
209664405,Omer,,Shani,1944-01-26,omer.shani@gmail.com,053-5842484,Eilat
968716278,Noga,Bat,Hadad,1978-05-06,noga.hadad@gmail.com,058-4046274,Ashdod
206490462,Rami,,Peled,1982-02-17,rami.peled@gmail.com,057-7611053,Nahariya
292406037,Tomers,,Ramon,1976-07-27,tomers.ramon@checkpoints.com,058-5984618,Ashdod
490430371,Eli,,Friedman,2004-06-06,eli.friedman@gmail.com,054-4728799,Beer-Sheva
153904483,Ben,,Cohen,1952-07-10,ben.cohen@walla.co.il,054-2035452,Ashdod
521546713,Neta,,Begin,1987-10-09,neta.begin@hotmail.com,051-1837950,Tel Aviv - Yafo
725498844,Itai,,Arad,1965-10-01,itai.arad@gmail.com,052-2588843,Eilat
842747808,Roy,,Vaknin,1961-05-19,roy.vaknin@walla.co.il,050-8581106,Beer-Sheva
411685335,Inbal,,Lapid,1965-01-23,inbal.lapid@teva.com,055-7635763,Eilat
626164132,Nir,,Yarkoni,1957-03-01,nir.yarkoni@gmail.com,050-2453466,Jerusalem
176859986,Motti,,Azoulay,1991-09-27,motti.azoulay@gmail.com,051-9184389,Tel Aviv - Yafo
896233337,Michal,,Sela,1973-08-12,michal.sela@walla.co.il,059-7542278,Beer-Sheva
982523928,Shani,,Livne,1962-10-14,shani.livne@hotmail.com,052-7565964,Nahariya
980916719,Maya,Leah,Yadin,2005-11-25,maya.yadin@gmail.com,054-6538038,Jerusalem
129755899,Avigail,,Grosman,1982-12-13,avigail.grosman@teva.com,053-2433215,Rehovot
902963230,Bar,Sarah,Goldberg,1955-12-13,bar.goldberg@checkpoints.com,059-5268769,Tel Aviv - Yafo
883868081,Leah,Sarah,Dahan,2000-06-11,leah.dahan@walla.co.il,058-9177892,Eilat
785686048,Niv,,Barkat,1994-05-12,niv.barkat@gmail.com,050-1388695,Jerusalem
820178186,Lior,,Schwartz,1984-08-20,lior.schwartz@walla.co.il,052-3010714,Herzeliya
855188701,David,Leah,Dotan,1967-01-24,david.dotan@gmail.com,056-1293260,Ashdod
561751421,Michael,,Hadad,2004-01-10,michael.hadad@gmail.com,054-2273901,Herzeliya
523151824,Lior,Leah,Nir,1950-05-07,lior.nir@checkpoints.com,050-8912225,Haifa
758753013,Maya,,Yadin,1997-09-25,maya.yadin@teva.com,058-9747886,Nahariya
857294035,Ronit,,Berger,2003-06-29,ronit.berger@hotmail.com,056-7170148,Rehovot
895843445,Idan,,Sela,1945-05-18,idan.sela@walla.co.il,050-4744883,Petah-Tikva
660349652,Dan,,Zilber,1953-11-21,dan.zilber@gmail.com,056-3078704,Nahariya
362747701,Noa,,Shaham,1985-06-07,noa.shaham@gmail.com,055-6026338,Rehovot
194317852,Idan,Bat,Tamir,1956-07-14,idan.tamir@gmail.com,054-4371897,Nahariya
377548436,Omer,Yosef,Netanyahu,1985-05-01,omer.netanyahu@hotmail.com,050-2145418,Herzeliya
472720373,Lihi,Yosef,Melamed,2001-06-23,lihi.melamed@hotmail.com,052-8036799,Eilat
119816982,Stav,,Deutsch,1949-11-10,stav.deutsch@gmail.com,059-7492241,Ashdod
644343777,Ben,,Bar-On,1951-04-27,ben.bar-on@teva.com,059-2339485,Ashdod
202840592,Alon,,Spector,1954-03-14,alon.spector@gmail.com,058-9368480,Beer-Sheva
945467703,Motti,,Frank,2007-02-05,motti.frank@gmail.com,053-2122504,Jerusalem
641156415,Avi,,Ben-Ari,1938-01-15,avi.ben-ari@teva.com,051-1680102,Herzeliya
685934849,Shlomo,Sarah,Omer,2007-04-16,shlomo.omer@hotmail.com,058-2513489,Rehovot
685879386,Ilan,,Tamir,1949-10-17,ilan.tamir@hotmail.com,051-2973578,Haifa
196866932,Roni,,Yadin,1946-12-30,roni.yadin1@checkpoints.com,053-4302683,Herzeliya
593249504,Yaakov,,Weiss,2007-01-11,yaakov.weiss@hotmail.com,056-3254227,Ashdod
289593670,Yuval,,Avraham,1985-10-09,yuval.avraham@teva.com,059-3444830,Ashdod
763603260,Dor,,Tamir,1946-10-29,dor.tamir@gmail.com,056-3423069,Eilat
141943517,Yitzhak,,Zamir,1980-05-31,yitzhak.zamir@gmail.com,050-4499726,Eilat
989202568,Eli,,Harari,2001-11-10,eli.harari@walla.co.il,053-8234988,Ashdod
995495653,Adam,,Saban,2003-04-25,adam.saban@teva.com,051-1509184,Nahariya
811356344,Ori,Bat,Saban,2007-08-19,ori.saban1@checkpoints.com,057-4751432,Tel Aviv - Yafo
354585732,Yaron,,Katz,1999-01-27,yaron.katz@checkpoints.com,053-6686461,Tel Aviv - Yafo
579040443,Meital,Sarah,Yadin,2004-12-02,meital.yadin@walla.co.il,053-6871031,Ashdod
203622577,Idan,Michael,Guttman,1987-09-23,idan.guttman@gmail.com,056-6607190,Eilat
162986063,Shalom,,Hoffman,2001-11-07,shalom.hoffman@checkpoints.com,051-8169370,Tel Aviv - Yafo
898993623,Chaim,Ben,Segal,1940-09-08,chaim.segal1@gmail.com,055-6166118,Ashdod
972022982,Avigail,,Bar-On,1982-12-13,avigail.bar-on@hotmail.com,059-4813284,Rehovot
712437967,Asaf,,Levi,1993-07-22,asaf.levi@gmail.com,050-2767067,Jerusalem
808297720,Rami,Yosef,Lapid,1946-01-13,rami.lapid@gmail.com,052-2778775,Petah-Tikva
231501201,Shalom,,Sharon,1936-11-20,shalom.sharon@gmail.com,055-9997916,Nahariya
707780772,Eitan,Ben,Green,1948-02-23,eitan.green@gmail.com,054-9151228,Rehovot
407152384,Yaron,,Lapid,1982-01-23,yaron.lapid@gmail.com,055-2045372,Beer-Sheva
637304116,Noam,,Harel,1947-09-30,noam.harel@checkpoints.com,055-8624615,Herzeliya
280402531,Ofek,,Melamed,1962-07-18,ofek.melamed@hotmail.com,057-3106605,Nahariya
967870078,Adi,,Feldman,1975-10-23,adi.feldman@gmail.com,054-2149423,Beer-Sheva
103440589,Oren,,Shaham,2000-09-09,oren.shaham@gmail.com,054-1174766,Nahariya
971905468,Anat,Bat,Tzur,1986-02-19,anat.tzur@teva.com,050-8744338,Haifa
678327420,Eitan,,Lavi,2001-06-01,eitan.lavi@hotmail.com,058-3294937,Eilat
549782511,Yosef,,Avraham,1981-01-27,yosef.avraham@checkpoints.com,053-5739392,Beer-Sheva
111303486,Adam,, Dayan,1939-12-21,adam. dayan@gmail.com,051-4288344,Tel Aviv - Yafo
692998371,Bar,,Bar-On,1971-12-06,bar.bar-on@walla.co.il,056-9901686,Rehovot
714411764,Michael,,Zamir,2001-03-10,michael.zamir@hotmail.com,050-5262966,Jerusalem
853290029,Yael,,Yarkoni,1985-06-14,yael.yarkoni@teva.com,056-5367455,Petah-Tikva
115012355,Bar,Sarah,Guttman,1951-05-20,bar.guttman@gmail.com,055-4502532,Tel Aviv - Yafo
135455799,Rivka,,Mizrachi,1981-02-13,rivka.mizrachi@gmail.com,056-5389498,Rehovot
262706180,Omer,,Navon,2002-08-24,omer.navon@gmail.com,054-9141407,Nahariya
335504693,Michal,Michael,Arad,1998-09-13,michal.arad1@walla.co.il,053-2754502,Eilat
543855856,Limor,,Bareket,1994-04-20,limor.bareket@gmail.com,055-4180925,Nahariya
773709809,May,,Ohayon,1968-07-22,may.ohayon@hotmail.com,058-1923148,Jerusalem
196318688,Shani,,Mizrachi,1945-05-03,shani.mizrachi@gmail.com,054-6421533,Ashdod
161271681,Dor,Yosef,Harari,1955-09-17,dor.harari@walla.co.il,057-1106712,Haifa
360535471,Eitan,,Zilber,1979-03-10,eitan.zilber@teva.com,057-9965162,Beer-Sheva
164835353,Tal,Sarah,Rabin,1982-06-26,tal.rabin@gmail.com,056-8113328,Jerusalem
904203819,Neta,,Gal,2000-10-12,neta.gal@gmail.com,053-5841057,Tel Aviv - Yafo
541902828,Limor,,Sela,1957-05-19,limor.sela@walla.co.il,056-9662280,Rehovot
760810643,Yaron,Yosef,Levi,1958-07-04,yaron.levi@gmail.com,058-2998841,Rehovot
982357991,Moshe,Bat,Sarusi,1964-01-11,moshe.sarusi@hotmail.com,056-5544360,Tel Aviv - Yafo
411429021,Ilan,Sarah,Kramer,1987-06-16,ilan.kramer1@gmail.com,051-1047151,Jerusalem
175388757,Noam,,Malka,1965-01-18,noam.malka@checkpoints.com,057-1910311,Beer-Sheva
678379552,Ofek,,Levi,1949-06-21,ofek.levi@walla.co.il,058-6129106,Nahariya
391333235,Israel,,Saban,2001-03-11,israel.saban@gmail.com,053-5369279,Petah-Tikva
992397139,Sivan,,Kramer,1975-05-09,sivan.kramer@gmail.com,055-5825725,Nahariya
540330065,Tamar,Michael,Shaham,1989-10-04,tamar.shaham@gmail.com,056-4701200,Petah-Tikva
665768974,Michal,,Marciano,1977-12-12,michal.marciano@gmail.com,055-9209064,Nahariya
647024295,Gil,,Klein,1956-02-09,gil.klein@walla.co.il,053-7796060,Tel Aviv - Yafo
175628538,Hadar,,Harel,1994-08-21,hadar.harel@checkpoints.com,051-1686399,Nahariya
461429250,Eli,,Golan,1986-09-09,eli.golan@teva.com,053-4014436,Eilat
848485379,Shlomo,,Yarkoni,1974-02-02,shlomo.yarkoni@gmail.com,051-6261664,Beer-Sheva
927660980,Guy,,Berger,1962-09-11,guy.berger@hotmail.com,053-5604788,Nahariya
781710736,Stav,,Dotan,1963-12-17,stav.dotan@walla.co.il,056-2659627,Herzeliya
372914208,Hila,,Eshkol,2007-10-23,hila.eshkol@teva.com,056-2767561,Eilat
330714979,Bar,Bat,Melamed,2007-10-13,bar.melamed1@gmail.com,056-4392635,Herzeliya
578458406,Erez,Yosef,Harel,1980-10-03,erez.harel@teva.com,057-4060868,Herzeliya
389944945,Idan,,Yosef,1996-11-18,idan.yosef@hotmail.com,059-9885735,Herzeliya
259875166,Michal,,David,2000-05-10,michal.david@gmail.com,054-4758278,Tel Aviv - Yafo
682134081,David,,Marciano,2000-07-05,david.marciano@gmail.com,050-3863391,Herzeliya
754690489,Yaakov,,Marciano,1982-03-05,yaakov.marciano@teva.com,057-8318752,Nahariya
194260673,Stav,,David,1977-08-04,stav.david@hotmail.com,055-2132090,Eilat
554655868,Inbal,,Goldberg,1952-11-05,inbal.goldberg@checkpoints.com,057-7661390,Beer-Sheva
359770436,Hila,Bat,Schwartz,2008-02-15,hila.schwartz@teva.com,052-3164839,Ashdod
586214314,Amit,,Koren,1959-07-18,amit.koren@hotmail.com,059-5146250,Jerusalem
856329367,Sivan,Sarah,Omer,1957-03-21,sivan.omer1@walla.co.il,058-5125296,Herzeliya
424615097,Yitzhak,Michael,Deutsch,1950-11-24,yitzhak.deutsch@walla.co.il,054-1351507,Rehovot
125838505,Tali,,Schwartz,1989-11-06,tali.schwartz@gmail.com,059-1181231,Tel Aviv - Yafo
648441994,Gadi,,Ben-Ari,2007-08-13,gadi.ben-ari@checkpoints.com,059-2159902,Herzeliya
924587835,Eitan,Bat,Weiss,1962-11-13,eitan.weiss@walla.co.il,055-4197083,Beer-Sheva
165497954,Yaron,Michael,Sarusi,1982-01-08,yaron.sarusi1@gmail.com,056-3625551,Tel Aviv - Yafo
274479581,Shir,Sarah,Azoulay,2005-07-10,shir.azoulay@hotmail.com,052-4724774,Eilat
138747641,Shani,,Vaknin,1977-09-24,shani.vaknin1@checkpoints.com,057-3887342,Nahariya
807425192,Mor,,Weiss,1997-07-22,mor.weiss@checkpoints.com,055-7142614,Rehovot
787672854,Shani,,Eitan,1969-02-28,shani.eitan@walla.co.il,051-1813369,Ashdod
698151977,Sapir,,Yarkoni,1971-01-18,sapir.yarkoni@teva.com,055-9200964,Jerusalem
262926572,Shira,Leah,Kraus,1965-10-12,shira.kraus@checkpoints.com,050-6863597,Tel Aviv - Yafo
245980696,Meital,Bat,Azoulay,1978-11-03,meital.azoulay1@gmail.com,055-9574058,Jerusalem
453506860,Noga,,Agbaria,2004-03-17,noga.agbaria@teva.com,052-5692103,Herzeliya
578247371,Tomers,,Malka,2007-10-26,tomers.malka@gmail.com,057-4523930,Haifa
409838026,Moshe,Michael,Porat,1976-08-28,moshe.porat1@gmail.com,054-5845750,Petah-Tikva
671627346,Shir,,Sarusi,1964-08-30,shir.sarusi@walla.co.il,052-3523834,Herzeliya
828672349,Dana,,Geva,1936-12-15,dana.geva@hotmail.com,054-3730735,Ashdod
475113215,Yaron,,Altman,1955-02-14,yaron.altman@hotmail.com,057-8275092,Nahariya
977156990,Hadar,Bat,Azoulay,1988-10-25,hadar.azoulay@gmail.com,059-2838097,Rehovot
705321295,Niv,Bat,Olmert,1948-04-17,niv.olmert@checkpoints.com,054-5640013,Rehovot
964698081,Dudi,,Netanyahu,1952-06-25,dudi.netanyahu@gmail.com,051-5847120,Petah-Tikva
740325765,Itai,,Schwartz,1993-01-01,itai.schwartz@gmail.com,052-6524222,Beer-Sheva
703616411,Dudi,,Guttman,1962-05-04,dudi.guttman@gmail.com,051-7375783,Herzeliya
221306072,Avigail,Sarah,Gal,1968-12-13,avigail.gal@walla.co.il,059-2971078,Herzeliya
599453621,Maya,,Tamir,2005-11-07,maya.tamir@gmail.com,054-9463229,Rehovot
114191030,Sapir,,Levine,1963-11-14,sapir.levine@teva.com,058-3417193,Haifa
582826885,Asaf,,Marciano,1993-03-22,asaf.marciano@gmail.com,058-2068445,Herzeliya
351345972,Linoy,Sarah,Shaham,1980-03-20,linoy.shaham@checkpoints.com,052-1579108,Petah-Tikva
321831482,Yitzhak,,Yosef,1982-08-27,yitzhak.yosef@gmail.com,056-4865259,Ashdod
497498509,Eli,,Gal,1942-06-15,eli.gal1@walla.co.il,052-9497690,Petah-Tikva
311304956,Linoy,,Oz,1957-06-29,linoy.oz@teva.com,051-9940083,Eilat
927419147,Tali,,Koren,1952-10-05,tali.koren@gmail.com,050-6771262,Petah-Tikva
637673573,Rivka,,Hoffman,1993-01-20,rivka.hoffman1@hotmail.com,051-9963953,Nahariya
309556555,Inbal,Sarah,Navon,1990-11-01,inbal.navon1@gmail.com,057-7466176,Eilat
640274965,Noa,,Ben-Ari,1942-10-23,noa.ben-ari@walla.co.il,054-5182507,Rehovot
136567311,Hadar,Leah,Mizrachi,1981-05-27,hadar.mizrachi@gmail.com,052-4822009,Herzeliya
879231593,Adi,Michael,Peres,1946-01-23,adi.peres@teva.com,050-7232361,Ashdod
985162485,Limor,Sarah,Spector,1950-09-13,limor.spector@gmail.com,052-1049715,Beer-Sheva
797675876,Ori,,Avraham,1995-08-09,ori.avraham@gmail.com,058-9488653,Rehovot
521550457,Avraham,,Grosman,1980-06-04,avraham.grosman@gmail.com,059-3803789,Tel Aviv - Yafo
233370357,Ori,,Ben-Ari,1979-05-12,ori.ben-ari@gmail.com,052-7622328,Beer-Sheva
245933851,Dan,Yosef,Dahan,1997-10-30,dan.dahan1@gmail.com,055-3132847,Ashdod
369819217,Yaakov,,Zamir,1960-09-21,yaakov.zamir@checkpoints.com,053-1233444,Beer-Sheva
391512264,Motti,Michael,Goldberg,2005-01-16,motti.goldberg@checkpoints.com,050-4544066,Herzeliya
815746803,Leah,,Altman,1948-05-20,leah.altman@teva.com,053-4090739,Rehovot
186456994,Eyal,Yosef,Lavi,1963-05-15,eyal.lavi@checkpoints.com,057-7411316,Eilat
987624634,Tal,,Gabay,1971-06-24,tal.gabay@hotmail.com,053-4343832,Beer-Sheva
354878982,Oren,,Biton,1994-06-05,oren.biton@walla.co.il,050-6469952,Herzeliya
893630272,Anat,,Peles,1994-03-31,anat.peles1@gmail.com,057-1256839,Petah-Tikva
107678097,Roy,,Yarkoni,1995-02-10,roy.yarkoni@gmail.com,051-4809225,Haifa
971837867,Yuval,,Rubin,2001-08-09,yuval.rubin@teva.com,051-8990213,Ashdod
873416621,Gadi,Sarah,Mizrachi,1998-06-11,gadi.mizrachi@checkpoints.com,050-6371755,Nahariya
231899929,Neta,,Harari,2006-08-04,neta.harari1@gmail.com,051-6058488,Nahariya
299699079,Tali,,Olmert,1937-01-28,tali.olmert@walla.co.il,058-4155972,Petah-Tikva
463493364,Motti,Yosef,Barkat,1946-10-20,motti.barkat1@gmail.com,058-5570483,Jerusalem
645326877,Orly,,Klein,2000-05-26,orly.klein@gmail.com,055-4207678,Nahariya
599408943,Tal,,Spector,1991-07-15,tal.spector@walla.co.il,053-2940194,Beer-Sheva
959103296,Tal,,Yadin,1981-04-05,tal.yadin@hotmail.com,051-8691594,Eilat
233013770,Kim,,Eshkol,1975-01-24,kim.eshkol@gmail.com,051-8165779,Petah-Tikva
130816956,Ronit,,Golan,1968-02-02,ronit.golan@gmail.com,059-4647427,Tel Aviv - Yafo
844372586,Stav,Bat,Vaknin,1953-05-10,stav.vaknin@checkpoints.com,058-8189831,Tel Aviv - Yafo
615615001,Ilan,Michael,Sharon,1985-04-17,ilan.sharon@gmail.com,055-4675244,Beer-Sheva
591546295,Osnat,,Bar-On,1964-05-22,osnat.bar-on@teva.com,052-8615726,Eilat
151027469,Tali,Bat,Liberman,1989-10-17,tali.liberman@gmail.com,054-9608560,Jerusalem
763242279,Neta,Bat,Shaham,1995-05-05,neta.shaham@checkpoints.com,053-6505904,Jerusalem
459863510,Yaakov,,Koren,1938-04-17,yaakov.koren@hotmail.com,057-3097173,Haifa
576878599,Moshe,,Navon,1978-08-15,moshe.navon1@gmail.com,050-1826512,Jerusalem
208867131,Kim,Ben,Ben-David,1987-10-05,kim.ben-david@walla.co.il,050-7632804,Tel Aviv - Yafo
984084760,Avraham,Leah,fuchs,1963-06-20,avraham.fuchs@gmail.com,057-5179608,Petah-Tikva
533054345,Avraham,,Cohen,1956-12-08,avraham.cohen1@gmail.com,059-5236718,Nahariya
871018766,Limor,Yosef,Shapira,1989-08-27,limor.shapira@teva.com,050-6180371,Nahariya
212896079,Ariel,Yosef,Nir,1980-05-29,ariel.nir@gmail.com,055-4313705,Herzeliya
916612491,Iris,,Marciano,1993-06-27,iris.marciano@teva.com,053-8160016,Herzeliya
499999701,Shahar,,Sarusi,1997-04-12,shahar.sarusi@teva.com,058-4008005,Rehovot
339395593,Eli,,Tamir,1986-10-25,eli.tamir@teva.com,050-2405337,Rehovot
996416593,Yosef,Sarah,fuchs,1957-09-01,yosef.fuchs1@checkpoints.com,052-4467474,Haifa
598695125,Adi,,Liberman,2000-05-06,adi.liberman@gmail.com,057-1950945,Herzeliya
481346360,Rotem,Ben,Rabin,1983-11-02,rotem.rabin1@gmail.com,050-3451332,Ashdod
765977607,Limor,Sarah,Geva,1997-02-20,limor.geva@gmail.com,054-1134634,Petah-Tikva
251784702,Eden,,Dotan,1985-10-19,eden.dotan@gmail.com,050-1691836,Nahariya
455119869,Tamar,Sarah,Katz,1936-08-09,tamar.katz@gmail.com,052-8853748,Nahariya
483046489,Dor,Bat,Zamir,1951-11-02,dor.zamir@walla.co.il,054-2389297,Petah-Tikva
566061956,Osnat,Sarah,Netanyahu,1966-07-08,osnat.netanyahu@walla.co.il,052-2154107,Rehovot
551796873,Kobi,,Ben-David,1983-07-06,kobi.ben-david@hotmail.com,056-2463570,Ashdod
431361986,Erez,,Turgeman,1952-05-27,erez.turgeman@teva.com,058-4130623,Tel Aviv - Yafo
607394353,Limor,,Peled,1943-03-31,limor.peled@teva.com,052-1998986,Ashdod
342440751,Ori,Sarah,Klein,1992-05-12,ori.klein@walla.co.il,052-6859125,Nahariya
500930161,Shani,,Ben-Ari,1949-02-06,shani.ben-ari@gmail.com,052-4079865,Jerusalem
634442335,Niv,,Segal,1958-03-10,niv.segal@teva.com,059-7509780,Tel Aviv - Yafo
934036254,Dudi,,Asulin,1959-06-25,dudi.asulin1@gmail.com,059-9503123,Nahariya
763976977,Noa,Yosef,Feldman,1955-06-08,noa.feldman1@gmail.com,051-9209106,Beer-Sheva
544085159,Inbal,,Grosman,2002-07-13,inbal.grosman@gmail.com,057-3457497,Petah-Tikva
524015109,Tamar,Leah,Eshkol,1957-12-27,tamar.eshkol@gmail.com,059-2330390,Ashdod
384742599,Agam,,Peretz,2000-10-20,agam.peretz@gmail.com,055-9960750,Beer-Sheva
589299986,Avraham,,Marciano,1962-02-10,avraham.marciano@gmail.com,055-7840120,Jerusalem
297934284,Ron,Yosef,Frank,2002-04-12,ron.frank@checkpoints.com,059-4699963,Haifa
641550294,Asaf,,Porat,1977-11-22,asaf.porat@gmail.com,055-8856360,Rehovot
569872025,Dudi,,Bareket,1944-11-12,dudi.bareket@checkpoints.com,059-9249351,Herzeliya
247630565,Roni,Yosef,Elbaz,2000-06-05,roni.elbaz@checkpoints.com,059-2997209,Rehovot
664529794,Tamar,,Ben-Gurion,1945-12-06,tamar.ben-gurion2@gmail.com,059-3869365,Rehovot
823215697,Ronit,,Gabay,2003-08-10,ronit.gabay@gmail.com,059-6643935,Beer-Sheva
887655558,Shahar,,Heller,1993-06-28,shahar.heller@walla.co.il,059-1290686,Herzeliya
762994153,Avigail,Yosef,fuchs,1991-04-09,avigail.fuchs@hotmail.com,052-7308675,Rehovot
631671926,Linoy,,Ben-David,1939-01-06,linoy.ben-david1@gmail.com,055-5693584,Nahariya
632077096,Yaakov,,Harari,1982-02-07,yaakov.harari@hotmail.com,057-8036922,Ashdod
432624571,Shalom,,Friedman,1960-09-16,shalom.friedman@walla.co.il,057-5195233,Beer-Sheva
551613181,Ori,,Zamir,1952-02-11,ori.zamir@gmail.com,054-1824810,Eilat
969998460,Yaakov,,Dotan,2005-07-06,yaakov.dotan@gmail.com,054-2370054,Rehovot
936294724,Noga,,Gal,1984-08-06,noga.gal@teva.com,053-7534935,Herzeliya
741568164,Gal,Yosef,Peres,1978-04-09,gal.peres@gmail.com,055-5422650,Haifa
838381121,Limor,,Ben-David,1999-03-25,limor.ben-david@checkpoints.com,055-3178849,Nahariya
974580040,Tamar,,Lavi,1998-06-02,tamar.lavi@hotmail.com,058-3323010,Rehovot
607754069,Noam,,Sela,1997-12-18,noam.sela@gmail.com,050-8325895,Nahariya
487218279,Ben,Ben,Tal,1988-07-15,ben.tal@gmail.com,058-1490680,Haifa
807547823,Sigal,,Bar-On,1979-10-25,sigal.bar-on@gmail.com,057-3238059,Petah-Tikva
305775743,Dana,Ben,Eshkol,1966-10-19,dana.eshkol@gmail.com,051-9545637,Haifa
993803461,Yitzhak,Ben,Mizrachi,1954-09-13,yitzhak.mizrachi1@gmail.com,059-6017161,Tel Aviv - Yafo
371331945,Eli,Bat,Silberman,1985-09-24,eli.silberman1@walla.co.il,057-1488411,Herzeliya
386342884,David,Bat,Asulin,1992-02-05,david.asulin@walla.co.il,059-6843618,Rehovot
965318381,Idan,Michael,Peres,1962-10-20,idan.peres@checkpoints.com,054-7582746,Beer-Sheva
925475902,Agam,Sarah,Shani,1962-10-01,agam.shani@gmail.com,053-9418916,Eilat
436311763,Sigal,Sarah,Eitan,1950-12-02,sigal.eitan1@walla.co.il,052-1302026,Petah-Tikva
637175906,Shir,,Green,1960-03-22,shir.green@gmail.com,058-3490596,Tel Aviv - Yafo
354965313,Idan,,Agbaria,1985-08-08,idan.agbaria@teva.com,054-7129131,Rehovot
695670940,Dan,Leah,Netanyahu,2001-07-08,dan.netanyahu@checkpoints.com,051-7096894,Beer-Sheva
436802661,Guy,Ben,Ben-Ari,1960-07-05,guy.ben-ari@gmail.com,051-3267841,Petah-Tikva
807892442,Rami,,Avraham,1960-03-17,rami.avraham@checkpoints.com,058-1838538,Ashdod
290678400,Amit,Leah,Peles,2007-12-18,amit.peles@gmail.com,051-6877763,Haifa
310370296,Tamar,,Nir,1981-03-13,tamar.nir1@gmail.com,057-2828493,Nahariya
217366580,Dudi,,Blau,1988-04-30,dudi.blau@gmail.com,050-4641117,Rehovot
536650062,Osnat,,Heller,1969-08-11,osnat.heller@teva.com,053-2989727,Petah-Tikva
947292874,Roy,,Zamir,1988-02-15,roy.zamir1@hotmail.com,054-9258134,Eilat
751100336,Dudi,,Shaham,1984-12-02,dudi.shaham@hotmail.com,052-1795718,Petah-Tikva
313137622,Shalom,,Silberman,1947-02-02,shalom.silberman@gmail.com,059-8426572,Haifa
239276021,Roy,,Kramer,2000-02-03,roy.kramer1@gmail.com,054-3682060,Eilat
107844171,Noa,,Gal,1949-04-12,noa.gal@checkpoints.com,050-2819395,Jerusalem
319223489,Moshe,,Harari,1973-06-25,moshe.harari@teva.com,052-3464389,Eilat
192291831,Stav,,Segal,1959-05-01,stav.segal@gmail.com,055-2535467,Eilat
742089239,Maya,,Goldberg,1977-06-19,maya.goldberg@gmail.com,053-9806329,Herzeliya
233523164,Shlomo,Leah,Ben-Gurion,1975-06-22,shlomo.ben-gurion@gmail.com,059-8757543,Nahariya
905295970,Rachel,Bat,Vaknin,1981-01-26,rachel.vaknin@gmail.com,056-3755810,Eilat
328017262,Neta,Michael,Melamed,1971-07-15,neta.melamed1@gmail.com,054-6994696,Rehovot
107555715,Ofek,,Goldberg,1997-07-19,ofek.goldberg@hotmail.com,057-4240162,Nahariya
203460152,Idan,Bat,Cohen,1975-07-14,idan.cohen@hotmail.com,056-7313786,Jerusalem
619487481,David,,Golan,1957-10-24,david.golan@teva.com,058-8994664,Tel Aviv - Yafo
857158151,Mor,,Kraus,1998-09-10,mor.kraus@walla.co.il,053-3284096,Jerusalem
142955269,Michael,,Lavi,1952-03-27,michael.lavi@gmail.com,056-5119863,Ashdod
151612033,Yitzhak,Ben,Golan,1994-12-01,yitzhak.golan@teva.com,054-2299961,Rehovot
580322762,Tali,,Sarusi,1945-03-03,tali.sarusi@gmail.com,058-8895776,Petah-Tikva
900556786,Oren,,Peretz,2000-11-19,oren.peretz@walla.co.il,054-9208433,Jerusalem
555804061,Eli,,Asulin,1962-06-08,eli.asulin@checkpoints.com,053-5774367,Petah-Tikva
342334531,Ori,,Ben-Gurion,1992-03-03,ori.ben-gurion@hotmail.com,052-9805598,Herzeliya
137159293,Sarah,,Turgeman,1991-03-29,sarah.turgeman@gmail.com,059-1614741,Ashdod
492135274,Shir,,Eshkol,1942-10-18,shir.eshkol@walla.co.il,052-2898908,Ashdod
287626319,Avi,,Sela,2000-02-08,avi.sela1@checkpoints.com,051-2894329,Eilat
844921705,Idan,,Porat,1954-03-08,idan.porat@hotmail.com,054-2028158,Herzeliya
400328608,May,,Feldman,1961-07-31,may.feldman@walla.co.il,055-9956278,Nahariya
771802761,Tal,Leah,Malka,1942-08-01,tal.malka1@gmail.com,055-4396746,Ashdod
993661375,Ronit,Leah,Dahan,1952-05-01,ronit.dahan@gmail.com,056-4718864,Jerusalem
305113084,Adam,,Tamir,2000-07-16,adam.tamir@checkpoints.com,050-6210909,Nahariya
919645880,Rami,Sarah,Lavi,1981-10-04,rami.lavi@gmail.com,050-7833272,Jerusalem
326868937,Mor,,Spector,1943-11-27,mor.spector@teva.com,051-7235594,Nahariya
273836812,Inbal,,Berger,1999-12-29,inbal.berger1@walla.co.il,059-2318881,Ashdod
441552660,Dana,,Livne,2000-06-26,dana.livne@gmail.com,053-1535750,Eilat
216188137,Dana,Leah,Bareket,1988-02-05,dana.bareket1@gmail.com,050-2345983,Tel Aviv - Yafo
897611025,Anat,,Tamir,1943-01-16,anat.tamir@hotmail.com,051-2806349,Petah-Tikva
964535682,Rivka,,Ben-David,1937-05-27,rivka.ben-david@teva.com,052-5211457,Nahariya
705831767,Shlomo,,Azoulay,1954-02-07,shlomo.azoulay@gmail.com,059-1083361,Petah-Tikva
428397602,Dorit,,Omer,1938-10-15,dorit.omer@checkpoints.com,057-6924927,Tel Aviv - Yafo
507778786,Adi,,Spector,1990-07-28,adi.spector@walla.co.il,052-1913246,Tel Aviv - Yafo
756459111,Chaim,Leah,Rubin,1959-12-10,chaim.rubin@checkpoints.com,052-8376727,Jerusalem
334885379,Meital,Ben,Schwartz,1981-01-22,meital.schwartz1@gmail.com,051-9126722,Haifa
414734861,Rivka,,Rabin,1952-09-22,rivka.rabin@teva.com,050-8364644,Beer-Sheva
287180242,Omer,,Shamir,1994-06-09,omer.shamir@checkpoints.com,055-4591359,Tel Aviv - Yafo
464213573,Noam,,Stern,1968-05-06,noam.stern@checkpoints.com,054-8516172,Tel Aviv - Yafo
428936227,Avi,Sarah, Dayan,1945-07-20,avi. dayan@hotmail.com,058-3713768,Jerusalem
475235544,Roy,,Livne,1992-02-13,roy.livne@checkpoints.com,053-5083903,Haifa
284514972,Erez,,Gur,1973-11-07,erez.gur@gmail.com,059-9631726,Tel Aviv - Yafo
591491444,Oren,Ben,Guttman,2002-10-18,oren.guttman@gmail.com,058-6077585,Ashdod
765090212,Guy,,Levi,2003-10-13,guy.levi@checkpoints.com,053-9612936,Haifa
495279056,Ofek,,Berger,2001-05-23,ofek.berger@gmail.com,057-4954027,Ashdod
463826483,Rotem,Yosef,Guttman,2008-03-08,rotem.guttman@checkpoints.com,053-4603871,Jerusalem
973831149,Neta,Bat,Lapid,1977-08-07,neta.lapid@hotmail.com,059-1460719,Rehovot
570610190,Orly,Leah,Levi,1999-06-11,orly.levi@walla.co.il,055-1753765,Eilat
245305858,Ori,,Spector,1992-08-09,ori.spector1@gmail.com,059-7843963,Herzeliya
241717728,Eitan,,David,1957-01-15,eitan.david@hotmail.com,056-6241708,Petah-Tikva
398184750,Daniel,Sarah,Navon,1999-08-26,daniel.navon@teva.com,056-7739804,Tel Aviv - Yafo
598938941,Shlomo,Sarah,Malka,2004-07-07,shlomo.malka@teva.com,059-5069067,Jerusalem
801054222,Kim,,Sharon,1967-11-21,kim.sharon@teva.com,056-4025709,Herzeliya
704291384,Limor,Yosef,Yarkoni,1953-07-09,limor.yarkoni@gmail.com,055-3529744,Tel Aviv - Yafo
534194513,Oren,,Schwartz,1966-04-08,oren.schwartz@teva.com,053-4105750,Herzeliya
303737181,Rivka,Michael,Sharon,1995-05-07,rivka.sharon@hotmail.com,053-2827994,Beer-Sheva
585475732,Kim,Yosef,Golan,1954-02-04,kim.golan@walla.co.il,052-4349050,Eilat
723773461,Yosef,Leah,Friedman,2005-12-20,yosef.friedman@gmail.com,058-1233122,Beer-Sheva
292706547,Noam,Michael,Ramon,1951-10-27,noam.ramon@gmail.com,056-4504904,Jerusalem
718346849,Tali,,Yarkoni,1964-07-30,tali.yarkoni@teva.com,054-1783391,Jerusalem
752528296,Iris,Leah,Netanyahu,1941-10-26,iris.netanyahu@checkpoints.com,058-5383410,Tel Aviv - Yafo
161052896,Coral,Yosef,Melamed,1990-03-02,coral.melamed@hotmail.com,053-7141505,Beer-Sheva
747509325,Avigail,Ben,Ramon,1945-09-11,avigail.ramon1@gmail.com,053-4158010,Tel Aviv - Yafo
851558567,Osnat,,Marciano,1939-09-21,osnat.marciano@checkpoints.com,055-7051292,Rehovot
736914051,Kobi,Bat,Ben-Gurion,1972-10-04,kobi.ben-gurion@checkpoints.com,055-5693936,Herzeliya
363210711,Itai,,Gur,1980-12-28,itai.gur@gmail.com,054-8859645,Nahariya
285382022,Shalom,,Porat,1937-04-02,shalom.porat@gmail.com,052-3018182,Ashdod
127610022,Rami,,Asulin,1939-04-16,rami.asulin@walla.co.il,052-5202096,Beer-Sheva
542175041,Roni,Yosef,Lavi,1946-11-20,roni.lavi@gmail.com,056-5817353,Haifa
438832950,Dorit,,Malka,1965-11-29,dorit.malka@walla.co.il,058-6139630,Haifa
686871163,Ben,,Shani,2002-07-03,ben.shani@hotmail.com,056-9002247,Petah-Tikva
601813883,Avi,Leah,Kramer,1974-06-20,avi.kramer1@checkpoints.com,059-7201610,Herzeliya
262366266,Gadi,Yosef,Oz,1995-02-06,gadi.oz@gmail.com,057-6579361,Jerusalem
951014648,Bar,,Hoffman,1958-04-08,bar.hoffman@teva.com,050-3730883,Eilat
767830655,Avigail,Michael,Hoffman,1975-08-27,avigail.hoffman1@gmail.com,054-7226975,Beer-Sheva
220540412,Agam,,Shaham,1979-12-30,agam.shaham@checkpoints.com,059-7173230,Eilat
736030551,Inbal,,Gur,1974-04-07,inbal.gur@gmail.com,059-6953915,Rehovot
416320987,Ofek,,Shamir,1940-09-25,ofek.shamir@gmail.com,054-4792069,Ashdod
844354973,Rami,,Arad,1941-11-07,rami.arad@teva.com,056-4408380,Eilat
913542414,Osnat,,Begin,1956-05-04,osnat.begin@gmail.com,056-9144065,Beer-Sheva
974064817,Rami,Bat,Tamir,1944-10-03,rami.tamir@checkpoints.com,056-8642608,Rehovot
165216900,Tali,Bat,Gur,1946-07-30,tali.gur@checkpoints.com,051-4958094,Nahariya
148607240,Eitan,Ben,Avraham,1937-02-03,eitan.avraham@checkpoints.com,054-6306707,Tel Aviv - Yafo
183422073,May,Michael,Spector,1980-11-15,may.spector@gmail.com,050-1532193,Jerusalem
273094105,Yael,,Levine,1988-05-24,yael.levine@gmail.com,055-7711721,Nahariya
442276253,Ronit,Bat,Dotan,1990-06-08,ronit.dotan1@gmail.com,050-7685130,Ashdod
400874942,Shani,,Gal,1981-09-15,shani.gal@hotmail.com,050-6955880,Beer-Sheva
500229779,Oren,,Asulin,1961-08-19,oren.asulin@hotmail.com,052-7257365,Eilat
475781035,Hadar,,Ronen,1987-12-09,hadar.ronen@gmail.com,058-6700790,Beer-Sheva
384442592,Tali,,Hadad,1971-08-25,tali.hadad@walla.co.il,057-2958000,Nahariya
166510828,Gadi,,Eshkol,1957-07-27,gadi.eshkol@walla.co.il,050-9351753,Nahariya
468315237,Ariel,Yosef,Peled,1966-12-07,ariel.peled1@gmail.com,050-7476407,Jerusalem
785417263,Rami,,Turgeman,1991-08-27,rami.turgeman@gmail.com,051-3779247,Petah-Tikva
779002036,Yaakov,,Ben-Ari,1959-11-01,yaakov.ben-ari@teva.com,056-1098049,Petah-Tikva
705101930,Michal,Ben,Harari,1999-01-27,michal.harari@hotmail.com,055-4811517,Herzeliya
928376480,Itai,,Ben-Ari,1986-10-07,itai.ben-ari@checkpoints.com,054-7677578,Beer-Sheva
691836897,Ariel,,Tal,1948-06-25,ariel.tal@teva.com,054-9535367,Jerusalem
523566997,Shir,,Agbaria,1952-05-27,shir.agbaria@gmail.com,050-4561220,Herzeliya
338183376,Yitzhak,,Cohen,1982-04-15,yitzhak.cohen@walla.co.il,055-3226837,Petah-Tikva
263466034,Maya,Sarah,Levi,1946-07-18,maya.levi1@gmail.com,059-8267193,Petah-Tikva
860354247,Hila,,Livne,1994-09-13,hila.livne@hotmail.com,052-6054732,Eilat
616269641,Shira,,Gur,1991-07-12,shira.gur@gmail.com,053-7916726,Haifa
436443559,Dudi,,Oz,1979-01-07,dudi.oz@gmail.com,051-5630104,Tel Aviv - Yafo
392852792,Coral,Leah,Avraham,2008-02-11,coral.avraham@walla.co.il,057-5776639,Ashdod
498603750,Linoy,,Zilber,1955-04-04,linoy.zilber@teva.com,059-1086551,Jerusalem
613815494,Kim,Michael,Netanyahu,1953-08-30,kim.netanyahu1@gmail.com,052-2582033,Tel Aviv - Yafo
944272227,Anat,Bat,Hoffman,1999-07-12,anat.hoffman@hotmail.com,059-9062585,Herzeliya
278406216,Inbal,,Turgeman,2003-01-22,inbal.turgeman@walla.co.il,058-4536267,Herzeliya
237105872,Osnat,Bat,Deutsch,1945-12-07,osnat.deutsch@gmail.com,052-1340917,Eilat
536705644,Tali,,Feldman,1979-10-14,tali.feldman@gmail.com,059-1230341,Ashdod
104073509,Dana,,Yadin,1981-05-05,dana.yadin@walla.co.il,051-7718495,Jerusalem
347170923,Lihi,,Yosef,1994-08-30,lihi.yosef@teva.com,054-1556043,Jerusalem
105894520,Dudi,,David,2004-06-22,dudi.david@gmail.com,054-1155409,Haifa
242553088,Hila,,Cohen,1947-08-16,hila.cohen@gmail.com,050-1792462,Beer-Sheva
503549168,David,Ben,Ronen,1991-09-26,david.ronen2@gmail.com,054-4265102,Jerusalem
342799160,Rivka,Bat,Kramer,1983-04-09,rivka.kramer@walla.co.il,052-6560390,Nahariya
746184794,Motti,,Shaham,1957-10-29,motti.shaham@walla.co.il,058-8047559,Haifa
737116186,Daniel,,Gal,1936-11-06,daniel.gal@hotmail.com,056-3321838,Ashdod
133063336,Ariel,,Shani,1959-04-30,ariel.shani@checkpoints.com,059-3915939,Eilat
756181717,Sivan,Ben,Yosef,1969-07-11,sivan.yosef@teva.com,055-6831873,Jerusalem
312113863,Hila,,David,1981-09-03,hila.david@hotmail.com,056-5950433,Rehovot
212396196,Linoy,,Harel,1999-03-26,linoy.harel@gmail.com,053-7244950,Beer-Sheva
625636384,Tomers,,Gabay,1980-03-08,tomers.gabay@gmail.com,059-5224095,Ashdod
583473272,Omer,,Gur,2002-11-19,omer.gur@gmail.com,053-4382922,Rehovot
441062291,Gal,,Elbaz,1974-03-08,gal.elbaz@walla.co.il,051-2569890,Herzeliya
341729222,Sivan,,Levi,1989-10-21,sivan.levi@gmail.com,051-7388896,Tel Aviv - Yafo
154363139,Tali,Michael,Kramer,2005-02-12,tali.kramer@gmail.com,054-3339823,Ashdod
439398864,Inbal,,Porat,1993-04-08,inbal.porat@walla.co.il,053-7150168,Petah-Tikva
853328487,Anat,Sarah,Heller,1970-06-14,anat.heller@checkpoints.com,056-2336407,Petah-Tikva
628399915,David,,Vaknin,1964-06-06,david.vaknin@gmail.com,051-6367140,Rehovot
847101553,Mor,Ben,Porat,1992-04-23,mor.porat@gmail.com,052-9685956,Ashdod
656542264,Sarah,Yosef,Rubin,2001-05-25,sarah.rubin@gmail.com,053-5744725,Rehovot
306210702,Yitzhak,Yosef,Sela,1949-11-08,yitzhak.sela@gmail.com,058-3373713,Haifa
812210181,Gal,,Azoulay,1947-09-08,gal.azoulay@checkpoints.com,058-2355282,Petah-Tikva
882483426,May,Sarah,Ramon,1958-11-09,may.ramon@hotmail.com,059-3122302,Beer-Sheva
532515198,Kobi,,Altman,1985-06-13,kobi.altman@gmail.com,050-6487803,Eilat
441134747,Avraham,,Porat,1970-09-15,avraham.porat@gmail.com,056-8548494,Tel Aviv - Yafo
220019455,Sivan,,Kraus,1948-05-17,sivan.kraus@hotmail.com,059-9444405,Herzeliya
177364722,Yuval,,Silberman,1981-10-28,yuval.silberman@hotmail.com,051-5708215,Petah-Tikva
573583767,Ofek,,Porat,1954-04-05,ofek.porat@hotmail.com,058-6675376,Tel Aviv - Yafo
861557368,Motti,,Rabin,2003-03-26,motti.rabin@gmail.com,059-2098404,Herzeliya
638937996,Stav,,Asulin,1937-04-30,stav.asulin@gmail.com,053-5480554,Tel Aviv - Yafo
150851564,Omer,,Rabin,1964-04-22,omer.rabin@gmail.com,055-8674310,Haifa
680739320,Shalom,,Elbaz,1971-10-27,shalom.elbaz@walla.co.il,054-7982248,Petah-Tikva
750014320,Rachel,,Grosman,1974-10-02,rachel.grosman@gmail.com,059-9577427,Ashdod
375856115,Amit,,Harari,2006-01-10,amit.harari@gmail.com,058-8799106,Haifa
385124760,Oren,,Shani,1988-06-30,oren.shani1@gmail.com,053-5753744,Rehovot
691766456,Gal,,Tal,2006-04-29,gal.tal@gmail.com,050-1127290,Tel Aviv - Yafo
770171592,Dana,,Barkat,1950-07-22,dana.barkat@walla.co.il,057-4344185,Ashdod
929436862,Dan,Leah,Altman,1996-04-01,dan.altman@checkpoints.com,058-5519664,Petah-Tikva
217507948,Avigail,,Hadad,1950-03-30,avigail.hadad@gmail.com,056-1309432,Haifa
692573768,Mor,Sarah,Harel,1962-08-18,mor.harel@walla.co.il,057-6305196,Ashdod
797232719,Neta,,Rubin,1960-12-25,neta.rubin@hotmail.com,058-1776264,Tel Aviv - Yafo
511236897,Neta,Ben,Shani,1937-02-05,neta.shani@checkpoints.com,050-3854779,Ashdod
909452659,Anat,,Malka,1979-06-14,anat.malka@gmail.com,058-6713819,Ashdod
151316479,Amit,Sarah,Tal,1953-08-20,amit.tal@gmail.com,056-5801564,Jerusalem
571651908,Shani,,Rabin,1985-06-26,shani.rabin@checkpoints.com,057-8814225,Petah-Tikva
983109984,Yaakov,Ben,Goldberg,1958-04-19,yaakov.goldberg@checkpoints.com,052-9095711,Jerusalem
505223131,Motti,,Sharon,1992-11-08,motti.sharon@gmail.com,059-2701515,Rehovot
523595626,Yaron,,Olmert,1968-05-03,yaron.olmert@hotmail.com,053-1924232,Haifa
697597802,Guy,Yosef,Peled,1959-10-08,guy.peled@gmail.com,057-9796451,Nahariya
141322649,Ori,,Arad,1997-08-15,ori.arad@gmail.com,050-8451865,Jerusalem
652070760,Rivka,,Deutsch,1995-09-03,rivka.deutsch@walla.co.il,051-1044523,Herzeliya
807454667,Sivan,,Barkat,1945-11-26,sivan.barkat@hotmail.com,053-6175339,Nahariya
643461341,Mor,,Tamir,1971-12-31,mor.tamir@gmail.com,055-7739613,Ashdod
277609124,Coral,,Lapid,1981-01-30,coral.lapid@walla.co.il,051-8850887,Eilat
669430765,Yuval,,Bar-On,1964-11-18,yuval.bar-on@hotmail.com,056-5156065,Eilat
477237553,May,Bat,Goldberg,2000-11-25,may.goldberg1@gmail.com,057-8869035,Jerusalem
185358612,Anat,,Hadad,1960-06-17,anat.hadad@gmail.com,055-1013638,Petah-Tikva
853474937,Noa,Bat,Schwartz,1936-10-20,noa.schwartz@hotmail.com,055-9685967,Nahariya
179745055,Alon,Sarah,Olmert,1962-03-05,alon.olmert@checkpoints.com,051-9346998,Nahariya
896194996,Roy,,Marciano,2003-10-02,roy.marciano@checkpoints.com,056-8890050,Petah-Tikva
170190909,Erez,Bat,Shaham,1955-04-21,erez.shaham@hotmail.com,058-2717170,Jerusalem
892999145,Dor,,Malka,1951-07-08,dor.malka@teva.com,050-9929604,Herzeliya
251112366,Shira,Michael,Harari,1988-01-04,shira.harari1@gmail.com,053-1750663,Ashdod
582907492,Noga,,Hadad,1997-10-31,noga.hadad@hotmail.com,057-2781968,Rehovot
973412840,Ronit,,Shaham,1962-07-06,ronit.shaham@gmail.com,058-4868238,Nahariya
226461455,Niv,,Feldman,1944-08-01,niv.feldman@gmail.com,053-5363901,Rehovot
995265446,Ofek,,Guttman,2002-02-18,ofek.guttman@gmail.com,054-9222083,Beer-Sheva
164158443,Michael,,Avraham,1962-10-21,michael.avraham@gmail.com,053-4701591,Beer-Sheva
186852621,Eitan,,Peled,1954-02-01,eitan.peled@walla.co.il,054-5278542,Herzeliya
261097679,Eyal,,Golan,1969-06-14,eyal.golan@walla.co.il,053-8531277,Eilat
682393685,Linoy,Ben,Saban,1970-01-21,linoy.saban@walla.co.il,057-2721947,Haifa
362824985,Tali,,Gal,1959-03-30,tali.gal@checkpoints.com,051-7959103,Rehovot
611076097,Sivan,Leah,Yosef,1940-06-04,sivan.yosef@checkpoints.com,052-8267921,Eilat
786607861,Omer,Leah,Oz,1977-04-25,omer.oz@hotmail.com,050-5495873,Ashdod
492600465,Ronit,Ben,Bar-On,1995-10-08,ronit.bar-on@teva.com,054-1997616,Haifa
996190390,Niv,Ben,Arad,1938-01-26,niv.arad@teva.com,054-1791301,Nahariya
674654412,Stav,Bat,Eitan,1998-11-11,stav.eitan@teva.com,052-6627393,Rehovot
933744259,Sivan,Yosef,Tamir,1986-12-19,sivan.tamir@teva.com,054-9429195,Nahariya
474613497,Ron,Leah,Cohen,1938-06-28,ron.cohen@teva.com,057-3785111,Ashdod
599650432,Leah,,Begin,1946-04-22,leah.begin@checkpoints.com,057-4561861,Rehovot
673648498,Yuval,,Asulin,1998-02-25,yuval.asulin@hotmail.com,051-1280969,Beer-Sheva
806167314,Tomers,Ben,Sela,1991-12-07,tomers.sela@teva.com,051-1466436,Ashdod
504432743,Erez,Bat,Harel,2008-03-01,erez.harel@gmail.com,051-1228051,Nahariya
940447212,Tali,,Stern,1961-02-11,tali.stern@checkpoints.com,052-2745621,Haifa
461951028,Adi,,Bareket,1950-04-21,adi.bareket@walla.co.il,058-8050615,Ashdod
828210040,Erez,Ben,Cohen,2006-10-21,erez.cohen@gmail.com,056-9658113,Jerusalem
485665189,Omer,,Eshkol,1937-11-09,omer.eshkol@gmail.com,055-1919455,Ashdod
549882254,Hila,,Shapira,1942-03-10,hila.shapira@checkpoints.com,053-4379879,Herzeliya
618762082,Yaakov,Ben,Begin,1970-12-12,yaakov.begin@gmail.com,050-3300508,Nahariya
847844168,Ben,Ben,Vaknin,1995-07-15,ben.vaknin@hotmail.com,056-8841535,Rehovot
925932926,Adam,Leah,Segal,1987-06-04,adam.segal1@teva.com,052-6809810,Eilat
534476023,Noam,Leah,Nir,1996-11-19,noam.nir@checkpoints.com,057-1013251,Rehovot
769735041,Eyal,,Stern,1978-05-22,eyal.stern@teva.com,058-8792231,Petah-Tikva
329465398,Tomers,Sarah,Azoulay,1940-03-29,tomers.azoulay@gmail.com,057-1554292,Beer-Sheva
785009171,Daniel,,Ben-Gurion,1950-01-18,daniel.ben-gurion@gmail.com,051-1707045,Ashdod
894823233,Mor,,fuchs,1955-11-06,mor.fuchs@gmail.com,058-5825742,Eilat
354853219,Roy,,Melamed,1985-03-20,roy.melamed@walla.co.il,058-2456683,Ashdod
635305741,Sigal,Yosef,Tamir,1963-02-06,sigal.tamir@teva.com,056-7342783,Tel Aviv - Yafo
517511266,Dor,,Liberman,1943-06-21,dor.liberman@gmail.com,053-4274208,Eilat
693383813,Tamar,,Malka,2004-06-19,tamar.malka@teva.com,051-8836347,Nahariya
549291808,Israel,,Barkat,1945-08-08,israel.barkat@gmail.com,053-1418887,Haifa
533692838,Alon,,Levine,1977-07-21,alon.levine@gmail.com,054-7877727,Ashdod
432326451,Shani,,Friedman,1990-04-01,shani.friedman@walla.co.il,055-7742794,Beer-Sheva
196998361,Gal,,Ben-Gurion,1984-02-19,gal.ben-gurion@hotmail.com,057-5621076,Eilat
942344227,Gadi,, Dayan,2004-08-12,gadi. dayan@checkpoints.com,054-9504682,Jerusalem
500305956,Yitzhak,Sarah,Lazar,1969-03-21,yitzhak.lazar@hotmail.com,059-8149941,Jerusalem
372100563,Limor,Leah,Vaknin,2005-03-12,limor.vaknin@teva.com,058-3988926,Petah-Tikva
772473150,Sapir,,Sela,2001-01-21,sapir.sela@walla.co.il,059-3938263,Haifa
907768257,Iris,,Sela,1944-08-08,iris.sela@checkpoints.com,050-9591365,Herzeliya
274060773,Ben,,Harari,1966-01-12,ben.harari@gmail.com,055-7247357,Tel Aviv - Yafo
325645279,Stav,,Azoulay,2001-10-07,stav.azoulay@checkpoints.com,059-7408682,Haifa
463399018,Guy,,Gabay,1950-02-23,guy.gabay@walla.co.il,055-8362511,Petah-Tikva
412376218,Michal,Leah,Malka,1947-12-26,michal.malka@gmail.com,059-5218555,Herzeliya
487547131,Tal,,Turgeman,1971-04-27,tal.turgeman@gmail.com,053-3937561,Beer-Sheva
588999585,Ilan,,Yosef,1947-11-30,ilan.yosef@gmail.com,051-9715234,Rehovot
603994720,Shlomo,Ben,Hoffman,1995-07-26,shlomo.hoffman@hotmail.com,057-4000017,Ashdod
194323820,Leah,,Klein,1961-11-13,leah.klein@gmail.com,059-5282909,Beer-Sheva
891470252,Rotem,,Feldman,1994-02-21,rotem.feldman@gmail.com,050-7603324,Beer-Sheva
473958504,Noga,Leah,Feldman,1989-02-13,noga.feldman@walla.co.il,052-5180886,Petah-Tikva
243929050,Iris,, Dayan,1995-05-03,iris. dayan@gmail.com,058-3593080,Herzeliya
733407461,Maya,,Shaham,1974-02-25,maya.shaham@teva.com,052-9108938,Jerusalem
683686993,Stav,,Hadad,1959-11-16,stav.hadad@walla.co.il,053-6363727,Nahariya
301857323,Yuval,,Katz,1993-02-16,yuval.katz@checkpoints.com,056-7222693,Jerusalem
835407652,Adam,Leah,Marciano,1947-02-28,adam.marciano1@gmail.com,059-5457329,Beer-Sheva
282416247,Eitan,,Sela,1982-10-20,eitan.sela@walla.co.il,050-5075172,Petah-Tikva
976714322,Erez,,Kramer,1957-02-23,erez.kramer@gmail.com,051-2797610,Haifa
217759328,Yaron,Yosef,Zilber,1991-09-23,yaron.zilber@teva.com,050-2002548,Beer-Sheva
217712959,Shahar,Leah,Grosman,1953-01-15,shahar.grosman@gmail.com,059-6110611,Petah-Tikva
912536208,Tamar,,Green,1944-11-13,tamar.green@gmail.com,052-5234664,Ashdod
216725275,Maya,Yosef,Katz,1990-02-28,maya.katz@checkpoints.com,059-8175158,Petah-Tikva
921206700,Meital,,Omer,1967-10-02,meital.omer@checkpoints.com,057-7381891,Nahariya
506641042,Motti,,Liberman,1998-06-14,motti.liberman@gmail.com,059-4292497,Nahariya
265428525,Shani,,Barkat,1965-06-05,shani.barkat@gmail.com,051-4194008,Tel Aviv - Yafo
380879901,Shani,,Turgeman,1996-03-25,shani.turgeman@checkpoints.com,054-4187253,Eilat
962320366,Agam,Yosef,Ben-Gurion,1997-07-12,agam.ben-gurion1@teva.com,053-8009750,Herzeliya
930609278,Iris,Ben,Sela,1969-10-05,iris.sela@gmail.com,058-4424397,Herzeliya
940557990,Tal,,Sarusi,1969-05-26,tal.sarusi@checkpoints.com,059-5363184,Petah-Tikva
267981445,Sarah,,Olmert,1978-06-22,sarah.olmert@gmail.com,051-1860044,Ashdod
269952106,Oren,,Oz,1957-05-15,oren.oz@hotmail.com,052-5711628,Haifa
793253913,Yaakov,,Ben-Gurion,1962-07-31,yaakov.ben-gurion@gmail.com,056-3000417,Ashdod
801583698,Meital,Ben,Eshkol,1962-01-22,meital.eshkol1@hotmail.com,059-7606171,Rehovot
640379460,Shir,,Katz,1986-03-04,shir.katz@gmail.com,058-1927880,Eilat
734735642,Amit,,Porat,1959-07-03,amit.porat@gmail.com,059-9803793,Beer-Sheva
861686594,Roy,,Dotan,1999-12-27,roy.dotan1@gmail.com,058-1849198,Jerusalem
695087494,Leah,,Eshkol,1990-06-27,leah.eshkol@hotmail.com,051-6146836,Nahariya
239788822,Inbal,Yosef,Lavi,2008-02-09,inbal.lavi@checkpoints.com,052-3522254,Jerusalem
489744900,Rivka,,Tal,1955-08-15,rivka.tal@gmail.com,052-3558189,Haifa
358948216,Iris,,Shaham,1994-11-25,iris.shaham@checkpoints.com,059-8924476,Haifa
409719545,Erez,,Peres,1986-05-16,erez.peres@gmail.com,055-1289401,Rehovot
798309110,Gal,,Lazar,1951-05-27,gal.lazar@gmail.com,054-1780828,Ashdod
348221585,Tomers,,Guttman,1947-11-22,tomers.guttman@gmail.com,053-6345694,Rehovot
541946241,Tomers,,Yadin,1958-06-10,tomers.yadin@gmail.com,052-2139420,Rehovot
667114480,Noa,,Asulin,1973-05-01,noa.asulin1@gmail.com,055-3614526,Tel Aviv - Yafo
890180889,Roy,Leah,Heller,1956-10-14,roy.heller@checkpoints.com,054-1678317,Haifa
903331765,Yitzhak,Yosef,Shaham,1966-04-11,yitzhak.shaham@walla.co.il,051-2482204,Tel Aviv - Yafo
205427668,Gal,,Turgeman,2004-09-20,gal.turgeman@hotmail.com,052-3332019,Beer-Sheva
186413111,Yuval,,Peretz,1942-02-22,yuval.peretz@hotmail.com,056-3164003,Beer-Sheva
675758040,Tal,,Liberman,1963-09-20,tal.liberman@gmail.com,056-3212574,Beer-Sheva
429602005,Avigail,,Omer,1950-01-31,avigail.omer@gmail.com,054-6067274,Jerusalem
729164153,Neta,,Agbaria,2006-02-05,neta.agbaria@walla.co.il,058-4193626,Beer-Sheva
739100369,Guy,,Nir,1936-08-12,guy.nir@checkpoints.com,057-3339655,Rehovot
329581177,May,,Shaham,1960-11-16,may.shaham@gmail.com,058-1831221,Petah-Tikva
526412409,Orly,Bat,Asulin,1949-08-24,orly.asulin@gmail.com,056-4445366,Nahariya
146213761,Eli,Yosef,Katz,1988-02-02,eli.katz@walla.co.il,058-3849813,Beer-Sheva
651403145,Yitzhak,,Kraus,1997-04-24,yitzhak.kraus@gmail.com,056-8900527,Tel Aviv - Yafo
527865252,Roni,Yosef,Friedman,1965-02-15,roni.friedman2@gmail.com,055-5064868,Petah-Tikva
878502187,Adi,,Weiss,1943-01-05,adi.weiss@gmail.com,050-5946098,Petah-Tikva
172201706,Yaakov,,Tzur,1990-12-07,yaakov.tzur@walla.co.il,059-2045519,Eilat
700399849,Yitzhak,,Sarusi,1949-02-05,yitzhak.sarusi@checkpoints.com,058-7880964,Herzeliya
559742949,Shani,,Stern,1975-11-23,shani.stern@checkpoints.com,056-6041114,Eilat
687402600,Shalom,Ben,Shamir,1948-08-31,shalom.shamir1@gmail.com,055-5062106,Nahariya
419186440,Ilan,,Vaknin,1980-01-02,ilan.vaknin@gmail.com,058-4960525,Beer-Sheva
134729037,Dana,,Golan,1991-09-18,dana.golan@walla.co.il,055-4366201,Petah-Tikva
961728511,Ilan,,Tal,1962-01-21,ilan.tal@teva.com,057-6971073,Rehovot
323374716,Eitan,,Zamir,1945-03-29,eitan.zamir@gmail.com,053-3423453,Petah-Tikva
323485361,Shira,,Peres,1964-02-25,shira.peres@walla.co.il,057-9646375,Petah-Tikva
931857152,Idan,,Biton,1999-10-05,idan.biton@teva.com,051-2251930,Petah-Tikva
300045809,Rachel,,Friedman,1958-05-20,rachel.friedman@gmail.com,058-4841816,Ashdod
900281701,Sigal,, Dayan,1972-09-05,sigal. dayan@checkpoints.com,053-3078483,Ashdod
722208563,Gal,Yosef,Harel,1959-01-30,gal.harel@walla.co.il,050-1287978,Beer-Sheva
677505439,Sapir,,Peles,1994-12-04,sapir.peles@gmail.com,059-8947433,Petah-Tikva
362011221,Shlomo,,Green,1986-04-13,shlomo.green@gmail.com,053-6898358,Nahariya
163471204,Shlomo,Ben,Tamir,2007-02-14,shlomo.tamir1@gmail.com,051-1840347,Herzeliya
109587483,Avigail,,Asulin,1957-05-24,avigail.asulin@walla.co.il,059-6947733,Herzeliya
127566504,Shahar,Ben,Yarkoni,1953-05-16,shahar.yarkoni@hotmail.com,058-6221351,Herzeliya
748827568,Linoy,,Eshkol,1945-01-13,linoy.eshkol@checkpoints.com,058-1163595,Haifa
349432284,Dudi,,Nir,1962-10-27,dudi.nir@gmail.com,051-7133590,Nahariya
281858337,Maya,,Oz,1983-06-29,maya.oz@walla.co.il,053-9172605,Haifa
119008393,Mor,, Dayan,1975-12-13,mor. dayan@teva.com,056-2142777,Nahariya
143629073,Lior,,Friedman,1951-10-29,lior.friedman@gmail.com,052-6747852,Eilat
504450012,Idan,,Schwartz,1964-07-31,idan.schwartz@walla.co.il,052-3217301,Nahariya
751874207,Tal,,Levine,1963-09-15,tal.levine@gmail.com,057-8686593,Beer-Sheva
321201427,Inbal,Michael,Zilber,1976-06-01,inbal.zilber@hotmail.com,051-8067994,Herzeliya
320578170,Tali,Ben,Geva,1940-01-12,tali.geva@checkpoints.com,052-9583739,Beer-Sheva
488745257,Ronit,Bat,Klein,1978-01-12,ronit.klein1@walla.co.il,052-5568846,Jerusalem
415275816,Tamar,,Biton,1945-05-21,tamar.biton@hotmail.com,059-1502502,Haifa
219632102,Ron,,Zamir,1987-09-30,ron.zamir@checkpoints.com,057-6471196,Beer-Sheva
647771720,May,Michael,fuchs,1961-02-07,may.fuchs@gmail.com,059-6824003,Nahariya
611774663,Adam,,Berger,1937-10-02,adam.berger@walla.co.il,059-9123017,Beer-Sheva
873411963,Yuval,,Peles,1945-06-27,yuval.peles@walla.co.il,055-5445370,Beer-Sheva
635615033,Erez,,Segal,1949-09-09,erez.segal@gmail.com,059-5225708,Nahariya
581055301,Kim,Leah,Ben-Ari,1998-01-14,kim.ben-ari@walla.co.il,051-1002083,Haifa
851484925,Hadar,,Spector,1950-08-06,hadar.spector@gmail.com,050-1843854,Beer-Sheva
623569756,Ofek,Michael,Shamir,1995-04-02,ofek.shamir1@gmail.com,051-2677739,Jerusalem
626337599,Neta,,Berger,1981-08-09,neta.berger2@gmail.com,050-9972311,Rehovot
505633907,Erez,,Asulin,2003-02-07,erez.asulin@walla.co.il,050-9300967,Jerusalem
874141851,Eitan,Leah,Malka,2008-06-30,eitan.malka@hotmail.com,050-2512324,Rehovot
323770694,Meital,,Navon,1947-05-12,meital.navon@gmail.com,055-3345834,Petah-Tikva
530388246,Amit,,Tal,2004-11-14,amit.tal1@gmail.com,051-9074526,Ashdod
558371809,Eden,,Sela,1968-01-19,eden.sela@hotmail.com,051-1284616,Nahariya
242315967,Moshe,,Shani,1957-03-11,moshe.shani@gmail.com,058-3714390,Herzeliya
420190383,Dor,,Levi,1943-06-25,dor.levi@teva.com,051-2585134,Nahariya
216289056,Sarah,,Shaham,1980-02-29,sarah.shaham@gmail.com,054-4070722,Petah-Tikva
477676893,Avi,Michael,Netanyahu,1937-05-12,avi.netanyahu1@gmail.com,056-9955855,Herzeliya
312844186,Alon,,Omer,1975-01-14,alon.omer@checkpoints.com,059-4662083,Nahariya
804506638,Maya,,Cohen,1979-08-03,maya.cohen@gmail.com,056-1486349,Nahariya
645292496,Avigail,,Peres,1985-12-09,avigail.peres@gmail.com,054-4176926,Tel Aviv - Yafo
194035572,Omer,Ben,Dotan,1961-03-09,omer.dotan@gmail.com,050-9163207,Rehovot
535311635,Nir,,Saban,1957-06-03,nir.saban@gmail.com,054-1229356,Ashdod
531215273,Itai,Yosef,Green,1941-11-07,itai.green@gmail.com,050-3930739,Herzeliya
692850574,Sarah,,Altman,1944-02-11,sarah.altman@walla.co.il,058-3507938,Petah-Tikva
769302242,Inbal,, Dayan,1968-11-24,inbal. dayan@walla.co.il,057-9774640,Nahariya
584211376,Tali,,Hoffman,1989-12-16,tali.hoffman@gmail.com,051-3786524,Herzeliya
105145752,Amit,Yosef,Netanyahu,1943-09-06,amit.netanyahu@teva.com,052-4375106,Eilat
938978117,Yosef,,Blau,1985-09-05,yosef.blau@walla.co.il,059-7504477,Ashdod
505120634,Ron,,Katz,1961-04-22,ron.katz@gmail.com,058-7668242,Petah-Tikva
626407531,Dor,,Tzur,1996-05-12,dor.tzur@gmail.com,059-2594906,Haifa
430968376,Bar,,Ramon,1993-11-09,bar.ramon@gmail.com,059-7397920,Eilat
223783808,Shir,Bat,Ben-David,1958-05-08,shir.ben-david@walla.co.il,058-4793915,Jerusalem
306291843,May,Yosef,Azoulay,1939-09-06,may.azoulay1@hotmail.com,051-5172178,Haifa
176206908,Ben,,Friedman,2004-03-17,ben.friedman@walla.co.il,055-8730166,Eilat
108450634,Tamar,,Kramer,1950-10-27,tamar.kramer@hotmail.com,054-2081470,Haifa
848138230,Lihi,Ben,Tal,1945-03-13,lihi.tal@gmail.com,057-7368207,Haifa
587067525,Iris,Sarah,Katz,1976-06-02,iris.katz1@gmail.com,056-7658259,Herzeliya
301397238,Guy,,Peretz,1969-01-23,guy.peretz@checkpoints.com,057-4673070,Nahariya
798983708,Adi,,Malka,1948-05-04,adi.malka@walla.co.il,057-1679239,Tel Aviv - Yafo
168320536,Rami,,Gabay,1976-06-12,rami.gabay@walla.co.il,054-9659351,Tel Aviv - Yafo
578022774,Noga,Bat,Saban,2003-11-27,noga.saban@hotmail.com,050-3915623,Tel Aviv - Yafo
559411299,Roni,Sarah,Ohayon,1952-07-23,roni.ohayon@teva.com,057-2670621,Jerusalem
919510652,Nir,,Barkat,1941-08-29,nir.barkat@walla.co.il,052-5199098,Tel Aviv - Yafo
177038829,Ronit,Yosef,Shani,1957-03-26,ronit.shani@walla.co.il,052-5710650,Beer-Sheva
581793105,Rivka,,Zamir,1948-12-13,rivka.zamir@checkpoints.com,056-6318901,Petah-Tikva
700879851,Shahar,Ben,Schwartz,1998-12-15,shahar.schwartz@gmail.com,052-2063507,Beer-Sheva
143658230,Rotem,Bat,Arad,1969-12-27,rotem.arad1@teva.com,056-5151044,Haifa
831390196,Sarah,,Rubin,1953-01-29,sarah.rubin@walla.co.il,058-8505948,Nahariya
266325487,Maya,Leah,Aharon,1968-09-30,maya.aharon@gmail.com,053-8119889,Ashdod
248687971,Itai,Yosef,Sharon,1988-02-01,itai.sharon@teva.com,055-2058799,Tel Aviv - Yafo
573341537,Meital,Michael,Peled,1965-01-26,meital.peled@checkpoints.com,055-7862224,Ashdod
457841583,Osnat,,Tal,1983-03-10,osnat.tal@gmail.com,051-8519457,Tel Aviv - Yafo
830891060,Erez,,Geva,1942-07-08,erez.geva@teva.com,057-3113386,Eilat
510093882,Sarah,Bat,Ben-Gurion,1979-08-28,sarah.ben-gurion@checkpoints.com,053-1590364,Tel Aviv - Yafo
371313456,Israel,,Tzur,1969-06-05,israel.tzur@checkpoints.com,056-8049798,Tel Aviv - Yafo
935902911,Yuval,Yosef,Turgeman,1984-11-09,yuval.turgeman@walla.co.il,052-8815940,Eilat
316129429,Oren,Bat,Levi,1999-03-19,oren.levi1@gmail.com,057-7161185,Eilat
839405023,Shani,Yosef,Arad,1973-10-14,shani.arad@walla.co.il,057-6905028,Eilat
782557849,Michael,,Klein,1962-09-29,michael.klein@gmail.com,055-3555994,Nahariya
797021348,Niv,,Peled,1937-02-20,niv.peled@teva.com,056-3097032,Beer-Sheva
649466462,Shlomo,,Sharon,1945-10-10,shlomo.sharon@hotmail.com,056-9143872,Ashdod
589850915,Noga,,Ben-David,1975-11-18,noga.ben-david@gmail.com,051-1030744,Jerusalem
479838554,Niv,,Silberman,1987-06-01,niv.silberman@hotmail.com,059-6494676,Haifa
708631996,Mor,Ben,Ronen,1938-06-14,mor.ronen1@checkpoints.com,050-9917855,Rehovot
361082512,Guy,Yosef,Shamir,1973-07-19,guy.shamir@checkpoints.com,055-4774588,Ashdod
334203632,Adi,Bat,Avraham,1961-12-10,adi.avraham@gmail.com,050-7700194,Beer-Sheva
399802009,Shahar,,Golan,1981-12-17,shahar.golan@walla.co.il,051-6847131,Herzeliya
852243095,Itai,Leah,Melamed,1994-04-11,itai.melamed@hotmail.com,055-5765645,Eilat
572593504,Agam,Yosef,Azoulay,1951-09-13,agam.azoulay@hotmail.com,050-3115886,Beer-Sheva
334909540,Oren,,Lazar,2002-04-06,oren.lazar@teva.com,051-4930343,Nahariya
428764262,Eden,,Oz,1979-10-11,eden.oz@gmail.com,057-2678919,Haifa
634550494,Noa,Sarah,Berger,1997-07-31,noa.berger@walla.co.il,054-5990188,Jerusalem
321607898,Orly,,Frank,1954-01-19,orly.frank@gmail.com,050-1538600,Rehovot
150424649,Leah,Michael,Yosef,2003-10-19,leah.yosef@walla.co.il,053-4637964,Beer-Sheva
121018334,Israel,,Begin,1972-02-10,israel.begin@gmail.com,056-2251116,Nahariya
974882527,Stav,,Turgeman,2001-07-28,stav.turgeman@checkpoints.com,059-5891880,Herzeliya
928064381,Adam,,Porat,1943-05-14,adam.porat@walla.co.il,052-2758529,Nahariya
109482523,Alon,Yosef,Hoffman,1978-06-26,alon.hoffman@gmail.com,053-9527260,Petah-Tikva
372168579,Itai,Bat,Porat,1993-12-17,itai.porat@teva.com,056-4050506,Jerusalem
923110497,Yaakov,,Netanyahu,1941-01-12,yaakov.netanyahu@walla.co.il,055-6138646,Herzeliya
806201582,Adi,,Oz,1960-04-08,adi.oz@checkpoints.com,052-8945759,Tel Aviv - Yafo
694113476,Shani,Bat,Koren,2000-06-26,shani.koren@teva.com,059-8742722,Haifa
647597293,Tal,,Bar-On,1994-11-20,tal.bar-on@checkpoints.com,050-9717186,Haifa
661590132,Moshe,,Turgeman,1989-03-24,moshe.turgeman@checkpoints.com,059-9943983,Eilat
150353048,Stav,,Tzur,1940-03-11,stav.tzur@gmail.com,058-3635644,Ashdod
866216457,Niv,,Shaham,1980-09-06,niv.shaham@hotmail.com,058-8200072,Tel Aviv - Yafo
165298701,Dana,Ben,Elbaz,1960-12-08,dana.elbaz@hotmail.com,056-9702862,Nahariya
690986532,Ori,Yosef,Saban,1977-12-26,ori.saban@gmail.com,051-1333628,Tel Aviv - Yafo
750258695,Lihi,Leah,Levine,1936-08-08,lihi.levine@teva.com,053-3952423,Jerusalem
420872948,Rotem,,Begin,1940-03-24,rotem.begin@hotmail.com,054-2793199,Nahariya
967755740,Orly,,Peles,1959-12-17,orly.peles@teva.com,059-9157978,Tel Aviv - Yafo
513782159,Dan,Sarah,Sarusi,2007-09-10,dan.sarusi@teva.com,056-2824405,Petah-Tikva
126836228,Shahar,,Levine,1951-03-03,shahar.levine@checkpoints.com,051-2835994,Beer-Sheva
648231077,Dor,Ben,Porat,1981-11-22,dor.porat@gmail.com,056-4650568,Herzeliya
459755272,Noga,,Goldberg,1961-06-21,noga.goldberg@gmail.com,051-5731897,Herzeliya
701980886,Shani,,Peles,1979-11-18,shani.peles@walla.co.il,056-9040866,Beer-Sheva
386518684,Nir,,Blau,1968-06-03,nir.blau@gmail.com,053-2383637,Beer-Sheva
372272738,Niv,,Sela,1994-12-30,niv.sela@checkpoints.com,056-2420639,Nahariya
380624105,Hadar,,Weiss,2003-03-05,hadar.weiss@checkpoints.com,059-8357626,Petah-Tikva
631698712,Avigail,Leah,Rubin,1950-07-16,avigail.rubin@teva.com,051-6588232,Nahariya
177178731,Gadi,,Deutsch,1940-01-14,gadi.deutsch@teva.com,051-8443613,Herzeliya
976092359,Michael,,Green,1937-09-24,michael.green@checkpoints.com,057-9915405,Herzeliya
506760231,Eitan,,Katz,1944-03-27,eitan.katz@gmail.com,058-9189697,Petah-Tikva
694002676,Noga,,Silberman,1944-10-21,noga.silberman@gmail.com,052-1742086,Eilat
877661457,Yael,,Shamir,1958-03-25,yael.shamir@teva.com,051-4927079,Nahariya
852303438,Sigal,,Sharon,1998-10-18,sigal.sharon@hotmail.com,050-5718489,Ashdod
404228193,Osnat,Michael,Dahan,1954-02-16,osnat.dahan@teva.com,057-2712296,Jerusalem
237696313,Michal,,Rabin,1940-11-11,michal.rabin@checkpoints.com,054-2982195,Eilat
221531538,Iris,,Ben-Gurion,1958-12-18,iris.ben-gurion@walla.co.il,057-4385523,Nahariya
437505832,Ori,,fuchs,1958-05-02,ori.fuchs@teva.com,055-3331423,Herzeliya
827265203,Chaim,,Feldman,1940-04-07,chaim.feldman@hotmail.com,057-3990262,Nahariya
937836386,Daniel,,Ben-Ari,1954-12-13,daniel.ben-ari@gmail.com,058-3834711,Nahariya
247708774,Ariel,Leah,Agbaria,1984-10-01,ariel.agbaria@checkpoints.com,054-7918480,Petah-Tikva
210504160,Linoy,,Lazar,1949-07-02,linoy.lazar@walla.co.il,056-5492678,Herzeliya
846638173,May,Sarah,Hadad,1956-04-09,may.hadad@walla.co.il,054-4537542,Petah-Tikva
227987436,Agam,,Eitan,2004-08-15,agam.eitan@hotmail.com,053-9677614,Nahariya
868509440,Coral,Yosef,Vaknin,1975-03-28,coral.vaknin@walla.co.il,057-4322305,Eilat
112841317,Michal,Yosef,Spector,1993-09-27,michal.spector@gmail.com,057-6535463,Rehovot
885360213,May,Michael,Saban,1970-12-31,may.saban@teva.com,057-7292605,Ashdod
980125088,Gadi,,David,1996-09-29,gadi.david@gmail.com,051-3828115,Petah-Tikva
822061207,Tomers,,Sela,1991-09-16,tomers.sela@gmail.com,055-4586128,Rehovot
477631866,Shalom,,Asulin,1949-09-08,shalom.asulin@teva.com,053-9625394,Haifa
520365524,Guy,Bat,Tal,1951-01-24,guy.tal@walla.co.il,051-8441258,Ashdod
518714890,Tomers,,Tal,2005-01-31,tomers.tal@gmail.com,055-7886640,Rehovot
510874500,Avi,,Shaham,1975-05-08,avi.shaham@checkpoints.com,055-1820906,Tel Aviv - Yafo
787036119,Neta,,Porat,1957-06-27,neta.porat@walla.co.il,058-2287782,Nahariya
251209457,Lior,Yosef,Agbaria,1998-11-29,lior.agbaria@walla.co.il,056-3581378,Beer-Sheva
506519885,Gadi,,Mizrachi,1970-06-17,gadi.mizrachi@gmail.com,054-8936104,Beer-Sheva
807464668,Gil,,Zilber,1947-12-16,gil.zilber@walla.co.il,057-8257976,Haifa
983251091,Lihi,Sarah,Cohen,1987-11-15,lihi.cohen1@gmail.com,057-5628500,Beer-Sheva
678399850,Ben,Michael,Friedman,2007-10-12,ben.friedman@checkpoints.com,056-7031580,Eilat
105583549,Noa,,Zilber,1979-11-22,noa.zilber@checkpoints.com,057-6516881,Herzeliya
738165585,Eli,,Agbaria,1967-05-28,eli.agbaria1@checkpoints.com,059-5688047,Herzeliya
782888724,Shlomo,,Heller,1948-07-14,shlomo.heller@gmail.com,058-2277785,Eilat
943666640,Moshe,,Peled,1938-06-30,moshe.peled@gmail.com,059-5995557,Petah-Tikva
799273293,Yuval,,Hoffman,2000-01-15,yuval.hoffman@checkpoints.com,057-7093709,Nahariya
539358740,Linoy,,Vaknin,1949-08-07,linoy.vaknin@hotmail.com,056-4104997,Beer-Sheva
234819379,Hadar,,Yarkoni,1938-03-07,hadar.yarkoni@gmail.com,054-3459951,Beer-Sheva
373185169,Anat,,Asulin,2002-10-17,anat.asulin@walla.co.il,058-7737206,Herzeliya
200869794,Lior,,Peles,1983-12-15,lior.peles@walla.co.il,055-8554881,Eilat
804317946,David,Leah,Peles,1971-11-07,david.peles1@gmail.com,056-1628324,Haifa
104011896,Eden,,Lapid,1954-07-13,eden.lapid@teva.com,059-9333417,Herzeliya
669386399,Noam,Ben,Marciano,1960-03-09,noam.marciano@teva.com,058-4129137,Rehovot
908056525,Michal,,Klein,1976-01-22,michal.klein1@walla.co.il,055-8101257,Nahariya
871389379,Zohar,Leah,Nir,1985-07-22,zohar.nir@hotmail.com,057-4552888,Petah-Tikva
599544553,Avi,,Eshkol,1977-11-30,avi.eshkol@walla.co.il,055-4423485,Nahariya
168184164,Dana,Sarah,Golan,1950-10-14,dana.golan@gmail.com,055-9544822,Tel Aviv - Yafo
901560681,Tomers,Yosef,Dotan,1967-09-10,tomers.dotan@teva.com,052-8464691,Nahariya
175641606,Avraham,Sarah,Avraham,1987-08-10,avraham.avraham@teva.com,054-5555845,Nahariya
277501576,Shalom,,Tzur,1987-08-03,shalom.tzur@checkpoints.com,051-1389259,Eilat
115806422,Yosef,Michael,Levi,1945-12-04,yosef.levi@teva.com,059-7504661,Nahariya
966203898,Roy,,Bareket,2001-01-31,roy.bareket1@hotmail.com,058-4522040,Haifa
145027330,Dudi,,Shani,1955-03-05,dudi.shani@gmail.com,056-6427192,Nahariya
552066309,Idan,,Hoffman,1990-08-27,idan.hoffman@walla.co.il,057-2237328,Herzeliya
309354626,Zohar,Yosef,Kramer,1996-07-11,zohar.kramer@teva.com,051-8819211,Eilat
658648266,Tomers,,Harel,1948-02-16,tomers.harel@teva.com,051-5519280,Petah-Tikva
506528951,Israel,,Asulin,1938-10-12,israel.asulin@hotmail.com,050-3271332,Herzeliya
823755617,Adam,,Lapid,1961-03-03,adam.lapid@gmail.com,053-1585387,Nahariya
702527506,Gadi,,Lapid,1994-08-04,gadi.lapid@gmail.com,053-7160650,Haifa
575183614,Coral,Michael,Livne,1981-06-17,coral.livne1@hotmail.com,057-9103785,Eilat
491879838,Linoy,,Levi,1946-10-07,linoy.levi@gmail.com,058-5692751,Jerusalem
142404007,Gil,,Ben-Ari,2004-10-08,gil.ben-ari1@gmail.com,053-5139947,Beer-Sheva
799185573,Shahar,,Deutsch,1986-10-02,shahar.deutsch@checkpoints.com,057-9991244,Haifa
996254140,Orly,,Lazar,1979-10-18,orly.lazar@checkpoints.com,059-6039167,Herzeliya
299468308,Michael,,Marciano,1967-07-22,michael.marciano@teva.com,059-6602206,Ashdod
522076692,Nir,Bat,Green,1939-06-23,nir.green@checkpoints.com,054-5724641,Tel Aviv - Yafo
181929334,Ori,,Olmert,1992-06-17,ori.olmert@checkpoints.com,050-6328041,Petah-Tikva
612279466,Tomers,,David,1958-10-07,tomers.david@hotmail.com,057-6219166,Petah-Tikva
298275930,Orly,,Yadin,1946-09-06,orly.yadin@hotmail.com,051-8843378,Haifa
245539623,Dana,,Arad,1955-07-08,dana.arad@gmail.com,052-6764533,Nahariya
579947467,Shira,,David,2000-12-04,shira.david@teva.com,051-4032314,Beer-Sheva
365568871,Ilan,,Melamed,1998-01-13,ilan.melamed@gmail.com,056-8950490,Jerusalem
321183480,Stav,Leah,Vaknin,1964-10-11,stav.vaknin@teva.com,058-1276116,Rehovot
882912604,Ronit,,Silberman,1988-12-06,ronit.silberman1@gmail.com,054-6924064,Beer-Sheva
729871163,Inbal,,Altman,1960-05-21,inbal.altman@teva.com,051-2065089,Beer-Sheva
559806241,Avi,Ben,Gabay,1939-02-03,avi.gabay1@gmail.com,057-3286637,Jerusalem
971759399,Rivka,,Koren,2007-01-30,rivka.koren@gmail.com,058-1101542,Nahariya
130871112,Itai,,Eitan,1964-02-22,itai.eitan@gmail.com,058-9026129,Beer-Sheva
669841268,Shalom,, Dayan,1989-10-24,shalom. dayan@checkpoints.com,051-4770174,Petah-Tikva
507965514,Sapir,Sarah,Frank,1951-05-13,sapir.frank@checkpoints.com,059-9795876,Beer-Sheva
491687145,Shir,, Dayan,1945-09-03,shir. dayan@gmail.com,050-8864520,Jerusalem
652079052,Guy,,Olmert,2006-05-10,guy.olmert@walla.co.il,052-2425955,Haifa
543183746,Coral,,Peled,1985-12-10,coral.peled@hotmail.com,056-5031332,Rehovot
637881695,Eitan,Ben,Oz,1998-03-05,eitan.oz@hotmail.com,056-1152962,Nahariya
166488816,Motti,Yosef,Koren,1973-11-26,motti.koren@walla.co.il,055-1928439,Eilat
962804934,Michael,Ben,Nir,1984-07-25,michael.nir@gmail.com,059-9509124,Herzeliya
846618217,Ron,,Dotan,1976-09-24,ron.dotan@gmail.com,057-8006376,Tel Aviv - Yafo
395473080,Yitzhak,Sarah,Bar-On,1983-06-10,yitzhak.bar-on@hotmail.com,055-9968331,Tel Aviv - Yafo
772177822,Zohar,,Frank,1961-01-24,zohar.frank@hotmail.com,052-4200075,Herzeliya
121132751,Ilan,,Deutsch,2003-02-02,ilan.deutsch@gmail.com,050-6600068,Herzeliya
641592521,Noam,,Elbaz,1956-08-29,noam.elbaz@teva.com,051-3609008,Haifa
389449335,Ilan,,Friedman,1961-03-18,ilan.friedman@hotmail.com,051-2019987,Petah-Tikva
421410887,Yitzhak,,Ben-Gurion,1941-04-07,yitzhak.ben-gurion@checkpoints.com,059-4399716,Jerusalem
675136482,Hadar,,Zamir,1960-06-11,hadar.zamir@hotmail.com,055-7750687,Herzeliya
669515722,Gal,Bat,Peres,1946-04-24,gal.peres1@teva.com,056-4646635,Rehovot
536717009,Rami,,Silberman,1945-09-18,rami.silberman@gmail.com,051-7974472,Herzeliya
810808252,Guy,,Oz,1990-06-15,guy.oz@gmail.com,059-8782576,Jerusalem
899136949,Ofek,,Avraham,1944-09-15,ofek.avraham@teva.com,058-7746066,Eilat
300666162,Tal,,Ben-Gurion,1949-11-14,tal.ben-gurion@gmail.com,059-6741463,Haifa
355456603,Amit,Sarah,Bar-On,1952-01-24,amit.bar-on@walla.co.il,053-6426913,Jerusalem
804530075,Dudi,Yosef,Turgeman,1987-06-03,dudi.turgeman@checkpoints.com,057-2236397,Ashdod
468601690,Gadi,,Altman,1958-08-22,gadi.altman@gmail.com,057-5548993,Jerusalem
581525882,Shahar,,Peled,2002-06-21,shahar.peled1@gmail.com,055-4151280,Rehovot
799014780,Asaf,Yosef,Frank,1997-02-01,asaf.frank1@hotmail.com,051-6531671,Nahariya
368374768,Niv,,Netanyahu,1963-04-10,niv.netanyahu@hotmail.com,053-1763563,Beer-Sheva
819757473,Ori,,Begin,1971-09-20,ori.begin@teva.com,050-7930670,Petah-Tikva
189567929,Lihi,,Altman,2001-03-25,lihi.altman@teva.com,053-6764262,Ashdod
222152428,Ilan,,Lapid,1955-09-07,ilan.lapid@gmail.com,051-9447145,Jerusalem
968626871,Sarah,Leah,Goldberg,1968-02-17,sarah.goldberg@hotmail.com,056-4594472,Eilat
147245986,Niv,,Rubin,1962-07-10,niv.rubin@hotmail.com,059-1702792,Herzeliya
334507917,Alon,,Shapira,1964-01-25,alon.shapira@gmail.com,059-9051475,Petah-Tikva
621288088,Erez,,Gal,2004-08-28,erez.gal@gmail.com,052-4000758,Tel Aviv - Yafo
811923578,Oren,Leah,Ben-Ari,1988-09-27,oren.ben-ari1@teva.com,057-1568416,Haifa
728820470,Erez,,Shani,2007-02-28,erez.shani@gmail.com,055-6473884,Beer-Sheva
103326955,Shlomo,,Gur,1984-03-12,shlomo.gur@teva.com,052-7042773,Haifa
555296853,Maya,,Mizrachi,2001-12-27,maya.mizrachi@walla.co.il,059-6581697,Eilat
947060674,Hadar,,Frank,1970-11-05,hadar.frank@gmail.com,050-1871649,Ashdod
621668136,Ori,Yosef,Klein,1960-11-20,ori.klein@gmail.com,055-1852767,Petah-Tikva
666561942,Erez,,Tamir,1953-03-29,erez.tamir@hotmail.com,057-6710519,Tel Aviv - Yafo
176690916,Shani,,Frank,1967-12-18,shani.frank@checkpoints.com,059-8384987,Ashdod
129875906,Neta,,Ohayon,1963-11-23,neta.ohayon@hotmail.com,059-5712030,Petah-Tikva
139101260,Ofek,,Friedman,1943-04-11,ofek.friedman@teva.com,058-9150397,Jerusalem
973720056,Rachel,Michael,Gal,1958-09-29,rachel.gal@checkpoints.com,054-4411609,Tel Aviv - Yafo
752920285,Niv,Leah,Rubin,1998-01-08,niv.rubin@gmail.com,053-9782632,Petah-Tikva
825054282,Rami,Michael,Navon,1984-06-05,rami.navon@hotmail.com,058-1924806,Beer-Sheva
267780923,May,Sarah,Melamed,1952-03-27,may.melamed@hotmail.com,054-3298783,Petah-Tikva
986134672,Tali,Bat,Sela,2007-11-06,tali.sela@checkpoints.com,050-5520081,Tel Aviv - Yafo
994168687,Coral,,Ronen,1984-02-11,coral.ronen@teva.com,054-1419493,Rehovot
299257122,Tali,Leah,Guttman,1986-10-10,tali.guttman@gmail.com,055-9002728,Jerusalem
107698618,Rotem,Bat,David,1979-02-17,rotem.david@teva.com,052-7549524,Herzeliya
350574576,Iris,,Stern,2002-01-15,iris.stern@checkpoints.com,057-3610095,Tel Aviv - Yafo
254577147,Roni,Ben,Guttman,1996-05-15,roni.guttman1@teva.com,054-1795207,Beer-Sheva
346255163,Agam,,Zamir,1986-07-13,agam.zamir@walla.co.il,053-4794036,Nahariya
582348577,Shahar,Yosef,Deutsch,1976-01-14,shahar.deutsch@gmail.com,053-5094422,Herzeliya
754994454,Limor,Yosef,Zamir,1966-12-07,limor.zamir1@teva.com,055-1585101,Beer-Sheva
751542089,Sarah,,Stern,1981-04-15,sarah.stern@gmail.com,053-8218081,Herzeliya
183222943,Tamar,Bat,Koren,1965-03-26,tamar.koren@checkpoints.com,050-5626076,Eilat
374774329,Ofek,,Eshkol,1974-05-21,ofek.eshkol@gmail.com,051-4261382,Herzeliya
713738690,Anat,,Peretz,1959-12-21,anat.peretz@gmail.com,058-4839423,Tel Aviv - Yafo
674260473,Adam,Sarah,Yosef,2002-03-30,adam.yosef1@teva.com,050-9489213,Ashdod
691521057,Sarah,Bat,Friedman,1940-11-15,sarah.friedman1@gmail.com,056-4605448,Jerusalem
698982500,Neta,Ben,Yadin,1994-09-03,neta.yadin1@gmail.com,052-8561088,Petah-Tikva
607916505,Gadi,,Livne,1966-07-12,gadi.livne@walla.co.il,051-1963127,Herzeliya
846377837,David,Leah,Tzur,1958-08-30,david.tzur@checkpoints.com,053-3834776,Herzeliya
858762120,Adi,,Azoulay,1990-03-04,adi.azoulay@teva.com,058-4615112,Tel Aviv - Yafo
285548687,Bar,Ben,Turgeman,2005-06-29,bar.turgeman@checkpoints.com,051-9111066,Petah-Tikva
883339639,Oren,,Mizrachi,1940-03-27,oren.mizrachi@hotmail.com,059-6813673,Rehovot
432001992,Orly,Leah,Aharon,1982-01-22,orly.aharon@walla.co.il,057-2825529,Tel Aviv - Yafo
631779779,Rami,,Harel,1971-06-04,rami.harel@hotmail.com,057-9339211,Eilat
228550349,Itai,,Spector,2004-02-01,itai.spector@gmail.com,054-4239977,Eilat
529564619,Niv,,Avraham,1944-06-26,niv.avraham@hotmail.com,057-3168955,Ashdod
697837604,Idan,,Bareket,1998-12-03,idan.bareket@checkpoints.com,053-2245337,Jerusalem
582215014,Ilan,,Shapira,1964-10-04,ilan.shapira@gmail.com,056-3312574,Haifa
805233463,Guy,,Sharon,1953-03-27,guy.sharon@teva.com,052-7362407,Rehovot
103590453,Amit,,Asulin,1980-05-11,amit.asulin@checkpoints.com,059-5339566,Petah-Tikva
714486190,Osnat,,Asulin,1976-01-03,osnat.asulin@teva.com,056-6136524,Eilat
999676949,Hila,,Koren,1993-11-09,hila.koren@walla.co.il,054-1797879,Eilat
836185377,Eitan,Ben,Shani,1942-07-13,eitan.shani1@gmail.com,059-8037060,Tel Aviv - Yafo
230692709,Yael,Michael,Tamir,1937-09-04,yael.tamir@walla.co.il,059-7257888,Rehovot
129308228,Tal,,Barkat,1969-09-27,tal.barkat@gmail.com,059-7524471,Jerusalem
698890059,Michal,,Shamir,2004-08-18,michal.shamir@gmail.com,053-7335846,Haifa
471113746,Bar,,Nir,1983-04-14,bar.nir@hotmail.com,051-1909573,Beer-Sheva
122154038,Ben,Sarah,Koren,1968-07-11,ben.koren@teva.com,052-6942146,Eilat
891839199,Lior,Bat,Frank,1950-02-09,lior.frank@checkpoints.com,052-9620116,Ashdod
253291498,Ronit,,Ramon,1989-12-20,ronit.ramon@gmail.com,055-1625617,Petah-Tikva
605933391,Alon,,Rabin,2006-07-26,alon.rabin@hotmail.com,056-6431841,Ashdod
384344824,Roy,Leah,Klein,1954-01-27,roy.klein@walla.co.il,056-3449800,Nahariya
296169231,Coral,,Kramer,1951-12-12,coral.kramer@walla.co.il,053-5019528,Ashdod
133879247,Ben,,Liberman,1979-07-07,ben.liberman@checkpoints.com,056-9095724,Herzeliya
675097846,Avigail,,Koren,2008-03-18,avigail.koren@teva.com,050-9012977,Petah-Tikva
161497569,Sapir,,Arad,1991-06-01,sapir.arad@teva.com,051-7384051,Rehovot
218845382,Orly,,David,1967-03-03,orly.david@gmail.com,056-3539588,Jerusalem
879350957,Eden,,Silberman,1993-09-08,eden.silberman@gmail.com,056-3970134,Herzeliya
439919920,Idan,Bat,Ben-Gurion,2005-03-05,idan.ben-gurion@checkpoints.com,051-2607958,Ashdod
701631538,Israel,Michael,Tal,1972-09-05,israel.tal@gmail.com,051-5485531,Jerusalem
196377903,Israel,,Ohayon,1954-07-26,israel.ohayon@teva.com,059-3819192,Tel Aviv - Yafo
624967087,Ben,,Shamir,1952-10-11,ben.shamir@walla.co.il,055-4212014,Jerusalem
592389952,Eli,,Levi,1986-11-19,eli.levi@gmail.com,053-9967944,Beer-Sheva
867178533,Neta,,Harel,1976-06-24,neta.harel1@gmail.com,057-4840113,Eilat
223177754,Tali,,Liberman,1981-09-01,tali.liberman@walla.co.il,056-6768329,Haifa
249230485,Oren,,Ramon,1977-11-12,oren.ramon@gmail.com,053-7781106,Eilat
696658201,Gal,Bat,Friedman,1978-01-29,gal.friedman@walla.co.il,059-9827647,Haifa
381272614,Gadi,Yosef,Vaknin,1936-09-11,gadi.vaknin@gmail.com,058-6454866,Herzeliya
403160603,Avigail,,Sarusi,1997-04-18,avigail.sarusi@hotmail.com,059-9078520,Tel Aviv - Yafo
708772205,Zohar,Ben,Ohayon,1999-07-15,zohar.ohayon1@teva.com,058-6319916,Eilat
938957412,Eitan,,Gal,1946-11-10,eitan.gal@hotmail.com,056-6818274,Tel Aviv - Yafo
904093254,Israel,,Levi,2000-07-02,israel.levi@gmail.com,053-2236397,Haifa
665234176,Yaakov,,fuchs,1995-10-12,yaakov.fuchs@hotmail.com,059-6092783,Petah-Tikva
908217382,Rotem,,Turgeman,1938-08-13,rotem.turgeman@gmail.com,052-7805620,Nahariya
515243386,Noa,,Biton,1986-10-15,noa.biton@hotmail.com,056-4740903,Beer-Sheva
924262145,Dan,Ben,Ramon,1964-07-04,dan.ramon@teva.com,056-3410944,Beer-Sheva
497819359,Ariel,,Liberman,1993-05-07,ariel.liberman@teva.com,055-4297469,Haifa
198172598,Amit,,Nir,1942-07-09,amit.nir@gmail.com,059-5046782,Nahariya
184281207,Dudi,,Avraham,1942-05-08,dudi.avraham@checkpoints.com,051-2558779,Haifa
650333372,Tamar,Ben,Sharon,1943-08-11,tamar.sharon@walla.co.il,052-4730527,Petah-Tikva
716477571,Sigal,,Feldman,1972-11-12,sigal.feldman@hotmail.com,059-1722494,Eilat
996996560,Eitan,,Green,1962-08-24,eitan.green1@gmail.com,055-5412435,Haifa
735357228,Dor,,Harel,1959-05-13,dor.harel1@gmail.com,054-2192098,Nahariya
985180924,Avraham,Michael,Koren,1954-04-01,avraham.koren@gmail.com,059-8808232,Ashdod
378554937,Ron,,Yadin,1995-10-06,ron.yadin@gmail.com,057-4627289,Eilat
818129354,Tali,Michael,Shapira,1984-06-13,tali.shapira@walla.co.il,054-3591066,Eilat
407311235,Ariel,Leah,Tal,1957-10-13,ariel.tal@gmail.com,054-3570595,Herzeliya
784059639,Dudi,Leah,Geva,1965-08-11,dudi.geva@checkpoints.com,058-1630390,Ashdod
947103195,Noa,,Rubin,1988-11-16,noa.rubin1@gmail.com,055-1138519,Rehovot
120984702,May,,Dahan,1973-02-12,may.dahan@hotmail.com,056-5299456,Rehovot
539025825,Shira,,Vaknin,1943-12-31,shira.vaknin@gmail.com,057-1162227,Beer-Sheva
492470234,Chaim,Michael,Rabin,1938-06-16,chaim.rabin@gmail.com,057-9180182,Herzeliya
604503980,Eyal,Bat,Berger,1987-03-21,eyal.berger@checkpoints.com,055-9397518,Ashdod
506613755,Neta,,Shapira,2004-01-17,neta.shapira@hotmail.com,051-2407817,Nahariya
563095963,Sarah,,Netanyahu,1973-09-23,sarah.netanyahu@checkpoints.com,052-7268098,Jerusalem
571005835,Zohar,,Spector,1967-12-16,zohar.spector@gmail.com,051-4536783,Beer-Sheva
629937343,Yitzhak,,Rubin,2007-03-07,yitzhak.rubin@gmail.com,050-9102462,Beer-Sheva
876343760,Shira,Ben,Kraus,1952-12-17,shira.kraus@hotmail.com,055-9624312,Ashdod
280242344,Tamar,Ben,Marciano,1952-02-26,tamar.marciano1@gmail.com,053-9095139,Jerusalem
560993285,Coral,,Sela,1998-04-23,coral.sela@gmail.com,057-7428679,Petah-Tikva
336062754,Shahar,,Klein,1985-05-30,shahar.klein@teva.com,054-4143726,Nahariya
436374115,Amit,,Begin,1946-09-03,amit.begin@walla.co.il,056-7187197,Petah-Tikva
893082767,Niv,,Ohayon,1988-07-13,niv.ohayon@teva.com,050-7879353,Jerusalem
573796951,Ben,Leah,Marciano,1952-04-23,ben.marciano@checkpoints.com,051-5431550,Haifa
272526890,Eyal,Ben,Silberman,1980-08-06,eyal.silberman@checkpoints.com,053-4919852,Tel Aviv - Yafo
783929402,Avraham,,Altman,1987-09-27,avraham.altman@gmail.com,055-1502479,Petah-Tikva
571994862,Lior,,Grosman,1964-08-16,lior.grosman@gmail.com,054-6795707,Ashdod
555114038,Iris,Yosef,Melamed,1965-05-26,iris.melamed@teva.com,054-9667463,Jerusalem
463295654,Eden,Sarah,Rabin,1997-05-02,eden.rabin@walla.co.il,057-5142573,Ashdod
993793902,Mor,Bat,Green,1975-06-06,mor.green@hotmail.com,053-8691525,Ashdod
271800125,Noa,,Melamed,1983-04-14,noa.melamed@gmail.com,051-6867807,Jerusalem
759141315,Neta,,Zilber,1961-04-05,neta.zilber@checkpoints.com,056-1740927,Petah-Tikva
439947706,Neta,,Azoulay,1948-07-24,neta.azoulay@gmail.com,053-5792078,Nahariya
882294265,Guy,Yosef,Ben-Gurion,1966-04-08,guy.ben-gurion@gmail.com,055-1508681,Jerusalem
757174454,Guy,,Peles,1962-06-03,guy.peles@gmail.com,059-7101759,Rehovot
290685229,Anat,,Eitan,2007-08-10,anat.eitan@gmail.com,054-5543538,Petah-Tikva
100472616,Shani,,Hadad,2001-12-26,shani.hadad@checkpoints.com,051-3944480,Herzeliya
479003469,Bar,Sarah,Yosef,1991-05-21,bar.yosef@teva.com,055-5025499,Tel Aviv - Yafo
882958769,Ori,Sarah,Cohen,1971-10-11,ori.cohen1@hotmail.com,050-1327546,Petah-Tikva
493035788,David,,Bareket,1963-03-27,david.bareket@teva.com,058-5113743,Petah-Tikva
579613962,Shani,Ben,Ben-David,2001-06-10,shani.ben-david@teva.com,050-7811376,Tel Aviv - Yafo
618150502,Yaakov,,Altman,1983-07-23,yaakov.altman@gmail.com,055-6915554,Beer-Sheva
722129071,Inbal,,Agbaria,1937-12-27,inbal.agbaria@teva.com,052-3720846,Haifa
552529274,Mor,Sarah,Weiss,2006-03-17,mor.weiss@gmail.com,057-1897555,Herzeliya
574935162,Lior,,Netanyahu,1964-05-26,lior.netanyahu@gmail.com,054-4523957,Herzeliya
204212370,Shlomo,,Blau,1980-11-22,shlomo.blau@gmail.com,056-2812462,Eilat
456630117,Chaim,Michael,Segal,2005-03-03,chaim.segal2@gmail.com,058-4318715,Petah-Tikva
181655403,Rami,,Shamir,1954-06-09,rami.shamir@teva.com,053-7184350,Ashdod
610807502,Limor,Leah,Marciano,2000-06-04,limor.marciano@walla.co.il,051-8365677,Herzeliya
694990423,Alon,Sarah,Spector,1998-09-14,alon.spector1@gmail.com,052-1268651,Tel Aviv - Yafo
361090913,Dorit,,Asulin,1990-05-21,dorit.asulin@walla.co.il,052-9112529,Herzeliya
839214030,Israel,Leah,Navon,2006-04-03,israel.navon@walla.co.il,055-9626398,Beer-Sheva
923063923,Noam,Ben,Spector,1944-09-29,noam.spector@checkpoints.com,052-5831049,Tel Aviv - Yafo
916641411,Alon,Yosef,Lazar,2007-10-26,alon.lazar@hotmail.com,052-8890534,Eilat
484654673,Sivan,,Peles,1958-02-25,sivan.peles@walla.co.il,055-6953547,Haifa
863532799,Motti,Sarah,Liberman,1949-09-09,motti.liberman1@gmail.com,058-7740487,Jerusalem
490315809,Dana,,Zamir,1988-02-06,dana.zamir@gmail.com,055-9672969,Rehovot
922161018,Moshe,,Vaknin,1958-10-05,moshe.vaknin@walla.co.il,050-2779334,Tel Aviv - Yafo
768795988,Shalom,Leah,Cohen,1939-10-31,shalom.cohen1@gmail.com,051-9995236,Nahariya
520968082,Shlomo,,Sarusi,2004-09-02,shlomo.sarusi@walla.co.il,052-2888053,Petah-Tikva
925467916,Yitzhak,,Levine,1955-05-22,yitzhak.levine@teva.com,058-5186100,Petah-Tikva
988020622,David,Bat,Tzur,1994-12-15,david.tzur1@gmail.com,051-4078515,Eilat
799368697,May,Michael,Marciano,1951-09-01,may.marciano@checkpoints.com,052-8712239,Ashdod
969335626,Ilan,,Zamir,1976-04-13,ilan.zamir@gmail.com,052-5468187,Haifa
483635977,Yaron,,Rubin,1993-01-01,yaron.rubin@gmail.com,059-3978311,Nahariya
213477093,Oren,,Blau,1961-12-24,oren.blau@hotmail.com,052-9671807,Beer-Sheva
241993394,Tamar,,Melamed,1997-01-08,tamar.melamed@gmail.com,054-4798807,Beer-Sheva
564304067,Rotem,Bat,Hadad,1943-09-11,rotem.hadad@hotmail.com,058-9690136,Petah-Tikva
840242546,Limor,Ben,Lazar,1961-10-25,limor.lazar@walla.co.il,052-4077478,Rehovot
958855277,Sigal,,Rubin,1954-10-04,sigal.rubin@gmail.com,050-7973619,Rehovot
498823308,Kobi,, Dayan,1958-10-09,kobi. dayan@gmail.com,051-8304204,Haifa
837071250,Linoy,Michael,Yadin,1952-01-07,linoy.yadin@teva.com,053-9615516,Petah-Tikva
920981206,Mor,,Geva,1977-03-21,mor.geva@checkpoints.com,053-9762300,Petah-Tikva
711339285,Tomers,,Harari,1969-11-15,tomers.harari@gmail.com,051-4382477,Beer-Sheva
871939864,Ben,,Altman,1997-08-25,ben.altman@checkpoints.com,055-9406310,Rehovot
492875803,Linoy,Michael,Yarkoni,1945-01-14,linoy.yarkoni@hotmail.com,057-1960209,Eilat
579756051,Eitan,,Navon,2004-09-16,eitan.navon@gmail.com,050-8325940,Ashdod
883525303,Shir,,Zilber,1952-02-02,shir.zilber@teva.com,055-5605837,Tel Aviv - Yafo
976960132,Tali,,Eitan,1977-04-25,tali.eitan@teva.com,053-5515323,Rehovot
163854821,Daniel,Ben,Livne,1958-05-04,daniel.livne2@gmail.com,053-1896484,Beer-Sheva
374956137,Erez,,Mizrachi,1995-12-19,erez.mizrachi1@gmail.com,053-1323597,Tel Aviv - Yafo
358969705,Ronit,,Begin,1952-12-17,ronit.begin@hotmail.com,051-7117682,Petah-Tikva
758608678,Hila,,Mizrachi,1980-03-09,hila.mizrachi@gmail.com,054-3101592,Herzeliya
658220222,Linoy,Michael,Eshkol,1975-06-27,linoy.eshkol@gmail.com,052-7948165,Petah-Tikva
476930979,Michal,,Oz,1959-06-02,michal.oz@teva.com,056-2020070,Rehovot
830783912,Yuval,,Lazar,1990-11-23,yuval.lazar@gmail.com,056-8543794,Jerusalem
654560313,Dan,Yosef,Melamed,1959-07-14,dan.melamed@walla.co.il,053-7531786,Haifa
176110337,Rotem,,Blau,1985-06-19,rotem.blau@gmail.com,055-9851536,Petah-Tikva
700827627,Linoy,Yosef,Peled,1974-07-17,linoy.peled@gmail.com,057-5039983,Petah-Tikva
291632499,Inbal,,Dahan,1946-04-29,inbal.dahan@walla.co.il,051-4822793,Tel Aviv - Yafo
724425924,Rami,,Ohayon,1958-03-06,rami.ohayon@hotmail.com,059-4881787,Haifa
684506112,Rivka,,Dahan,1966-12-29,rivka.dahan@hotmail.com,052-7954055,Nahariya
952286037,Noam,,Friedman,1947-06-16,noam.friedman@gmail.com,052-6789684,Nahariya
420529560,Amit,Michael,Gur,1975-05-31,amit.gur@hotmail.com,059-2820953,Beer-Sheva
756399682,Shahar,Bat, Dayan,2003-09-14,shahar. dayan1@teva.com,055-3501080,Ashdod
647902880,Shir,,Cohen,1976-09-14,shir.cohen@gmail.com,054-1602545,Herzeliya
126070611,Ron,,Segal,1989-12-23,ron.segal@gmail.com,053-5573260,Beer-Sheva
757547165,Noam,,Koren,1958-02-05,noam.koren@hotmail.com,054-5598147,Eilat
154401996,Eitan,Leah,Green,1987-11-19,eitan.green2@gmail.com,052-7850590,Beer-Sheva
737044587,Linoy,,Saban,2007-09-24,linoy.saban1@gmail.com,050-8476458,Nahariya
748714848,Agam,,Melamed,2005-04-29,agam.melamed@gmail.com,058-2657856,Ashdod
383767970,Avigail,,Malka,1966-09-11,avigail.malka@gmail.com,057-3630647,Jerusalem
471371747,Eyal,,Gur,1991-05-07,eyal.gur@gmail.com,051-8877484,Rehovot
122878610,Tal,Yosef,Bareket,2002-09-26,tal.bareket@hotmail.com,058-2304936,Tel Aviv - Yafo
989417017,Zohar,Michael,Shani,1996-06-18,zohar.shani@gmail.com,054-4584159,Tel Aviv - Yafo
309621416,Tamar,Ben,Harari,1972-10-04,tamar.harari1@checkpoints.com,055-5214361,Beer-Sheva
328741339,Noam,,Frank,1950-05-16,noam.frank@teva.com,051-8981363,Jerusalem
416383261,Osnat,,Gal,1953-03-14,osnat.gal@gmail.com,055-7909290,Ashdod
750159477,Shalom,,Harari,1997-12-01,shalom.harari@hotmail.com,054-1877716,Petah-Tikva
366397871,Niv,,Yosef,1989-10-22,niv.yosef1@gmail.com,057-4252562,Rehovot
387814353,May,,Agbaria,1942-12-09,may.agbaria@gmail.com,059-2797124,Rehovot
413484832,May,,Lapid,1951-02-03,may.lapid@teva.com,059-8771218,Tel Aviv - Yafo
882727018,Yosef,Leah,Avraham,1983-10-21,yosef.avraham@hotmail.com,051-4348807,Jerusalem
595909986,Roni,Yosef,Kraus,1982-09-04,roni.kraus@checkpoints.com,053-6871256,Herzeliya
789313844,Ori,,Ben-David,1937-12-05,ori.ben-david@hotmail.com,053-1276315,Beer-Sheva
774173891,Mor,,Guttman,1980-10-30,mor.guttman@teva.com,053-5859883,Ashdod
942857974,Eitan,,Peres,1963-09-25,eitan.peres@checkpoints.com,054-3474153,Eilat
993556827,Tali,,Spector,2003-01-10,tali.spector@gmail.com,054-8841911,Nahariya
439250495,Hadar,Yosef,Altman,1937-08-25,hadar.altman@teva.com,050-1295764,Beer-Sheva
286971658,Iris,Bat,Tamir,1981-08-26,iris.tamir1@gmail.com,051-2402500,Tel Aviv - Yafo
332350112,Niv,,Aharon,1978-02-18,niv.aharon@checkpoints.com,059-5803719,Ashdod
113132572,Idan,Yosef,Shani,1992-01-09,idan.shani@teva.com,053-7436443,Herzeliya
996297879,Ilan,,Begin,1967-01-27,ilan.begin@teva.com,059-9025805,Beer-Sheva
940324185,Dorit,,Olmert,1941-01-18,dorit.olmert@teva.com,055-8536907,Petah-Tikva
442893914,Coral,,Avraham,1938-08-08,coral.avraham@gmail.com,053-7665020,Ashdod
266460275,Tomers,,Heller,1975-12-24,tomers.heller@gmail.com,058-8620886,Nahariya
710177671,Sarah,Bat,Livne,1981-02-28,sarah.livne@checkpoints.com,050-5118151,Rehovot
622587669,Stav,,Katz,2004-03-30,stav.katz@walla.co.il,051-5063303,Eilat
389997740,Dudi,Bat,Dahan,1962-08-07,dudi.dahan@hotmail.com,050-9270476,Jerusalem
793291600,Shani,,Gabay,1964-01-23,shani.gabay@checkpoints.com,057-4056347,Tel Aviv - Yafo
654992577,Orly,Leah,Begin,1986-06-14,orly.begin@gmail.com,050-7537227,Rehovot
587421503,Ronit,,Zamir,1970-06-01,ronit.zamir@gmail.com,055-8209183,Eilat
646319081,Sigal,Michael,Lazar,1948-04-10,sigal.lazar@walla.co.il,052-7970423,Herzeliya
983068353,Omer,,Arad,1942-09-05,omer.arad@gmail.com,056-2336569,Herzeliya
717017299,Itai,Ben,Rabin,2008-04-24,itai.rabin@walla.co.il,055-7988024,Eilat
229619904,Linoy,,Silberman,1940-10-21,linoy.silberman@checkpoints.com,050-1362563,Herzeliya
412633307,Dorit,,Bar-On,1973-02-01,dorit.bar-on@gmail.com,054-4686254,Beer-Sheva
357844584,Rivka,Michael,Malka,1969-12-26,rivka.malka@gmail.com,055-6576940,Petah-Tikva
209361354,Adam,Sarah,Arad,1983-10-15,adam.arad@checkpoints.com,059-4299716,Tel Aviv - Yafo
396725572,Shalom,Michael,Koren,1971-07-25,shalom.koren@walla.co.il,054-9822828,Tel Aviv - Yafo
546476815,Stav,Sarah,Arad,1991-06-03,stav.arad1@gmail.com,052-5305097,Rehovot
103628278,Dan,,Begin,1942-01-20,dan.begin@checkpoints.com,052-7086692,Herzeliya
284387071,Shir,Sarah, Dayan,1959-02-23,shir. dayan@hotmail.com,057-6657828,Herzeliya
226432767,Alon,,Tamir,1996-11-19,alon.tamir@checkpoints.com,058-8809454,Herzeliya
513436721,Kobi,,Eshkol,2007-03-19,kobi.eshkol@hotmail.com,055-7583059,Nahariya
671648231,Orly,,Olmert,1996-07-19,orly.olmert@checkpoints.com,058-8557899,Rehovot
975653145,Osnat,,Kramer,1974-05-06,osnat.kramer@walla.co.il,057-4635468,Beer-Sheva
233974096,Stav,,Yosef,1936-12-17,stav.yosef@walla.co.il,059-7395543,Eilat
863908812,Dudi,,Cohen,1944-09-15,dudi.cohen@gmail.com,051-7281477,Haifa
546921971,Leah,Bat,Katz,1975-08-17,leah.katz@teva.com,058-3812159,Ashdod
740497805,Rami,Bat,Levine,1954-01-25,rami.levine@gmail.com,052-5783571,Herzeliya
922788960,Dorit,,Peled,1999-01-14,dorit.peled@checkpoints.com,055-6730784,Beer-Sheva
783805003,Shani,,Kramer,1982-12-05,shani.kramer@gmail.com,052-2331676,Nahariya
628711664,Shalom,Bat,Segal,1984-07-09,shalom.segal1@hotmail.com,053-3834748,Jerusalem
944131926,Stav,,Agbaria,1958-03-26,stav.agbaria@gmail.com,055-7600274,Eilat
401980802,Inbal,,Tamir,1969-12-12,inbal.tamir@checkpoints.com,052-5685733,Eilat
881874447,Gil,Leah,Tal,1986-01-05,gil.tal@gmail.com,059-2134593,Eilat
220926620,Omer,,Barkat,1962-09-21,omer.barkat@teva.com,056-8631975,Jerusalem
737214192,Stav,,Gal,2006-02-25,stav.gal@hotmail.com,056-1005149,Ashdod
193253240,Dana,,Marciano,1996-10-11,dana.marciano@gmail.com,058-9918748,Ashdod
160374141,Motti,Sarah,Peles,1998-01-11,motti.peles@hotmail.com,055-5961035,Eilat
461082175,Michael,,Spector,2007-03-01,michael.spector@gmail.com,052-5101222,Herzeliya
647306968,Yosef,,Zamir,1984-09-18,yosef.zamir@walla.co.il,055-5656001,Petah-Tikva
803371163,Leah,,Marciano,1962-07-15,leah.marciano@gmail.com,052-4997494,Petah-Tikva
126906314,Dan,,Mizrachi,1950-07-02,dan.mizrachi@walla.co.il,052-8202649,Tel Aviv - Yafo
225101281,Shira,,Melamed,1954-06-01,shira.melamed@walla.co.il,050-8720488,Eilat
198952021,Anat,,Koren,1983-09-13,anat.koren@hotmail.com,054-3344065,Nahariya
427809069,Rami,,Sela,1988-04-02,rami.sela@checkpoints.com,059-1430610,Nahariya
584148796,Yitzhak,,Hadad,1992-08-20,yitzhak.hadad@teva.com,058-1635832,Beer-Sheva
116000369,Roni,Sarah,Omer,1998-10-03,roni.omer@checkpoints.com,054-9581538,Eilat
319113300,Tal,,Lazar,1945-11-12,tal.lazar@walla.co.il,051-5945961,Nahariya
536999216,Gadi,Leah,Zamir,2008-06-13,gadi.zamir@walla.co.il,059-1874921,Eilat
681757932,Yael,,Peretz,1964-02-24,yael.peretz@gmail.com,053-7088039,Nahariya
514020849,Avraham,,Klein,1975-01-01,avraham.klein@gmail.com,052-9575589,Tel Aviv - Yafo
143130802,Yosef,,Turgeman,2002-09-17,yosef.turgeman@gmail.com,051-3456225,Haifa
815272060,Eyal,,Sarusi,1976-04-13,eyal.sarusi@teva.com,051-2920750,Tel Aviv - Yafo
613423081,Shahar,Sarah,Sarusi,1976-01-17,shahar.sarusi@walla.co.il,057-9908278,Eilat
246329172,Dor,,Silberman,1964-07-12,dor.silberman@checkpoints.com,052-5236090,Petah-Tikva
376751127,Dorit,,Ronen,1968-11-20,dorit.ronen@walla.co.il,054-5378086,Haifa
797649153,Noam,,Goldberg,1945-12-15,noam.goldberg@checkpoints.com,057-6526724,Eilat
375100859,Tomers,,Koren,1954-11-16,tomers.koren@hotmail.com,057-7988055,Jerusalem
669040026,Leah,,Melamed,1944-11-04,leah.melamed@gmail.com,050-3233988,Nahariya
819327451,Avi,,Lapid,1987-06-23,avi.lapid@gmail.com,053-9006562,Haifa
634578683,Inbal,Michael,Gur,1957-07-19,inbal.gur@walla.co.il,054-3293446,Beer-Sheva
603207878,Lihi,,Netanyahu,1969-08-29,lihi.netanyahu@teva.com,059-5913625,Haifa
659028503,David,Leah, Dayan,2002-05-12,david. dayan@checkpoints.com,050-4916284,Herzeliya
378937957,Rotem,,Heller,1988-07-30,rotem.heller@teva.com,053-5492388,Beer-Sheva
210899936,Ben,Yosef,Dahan,1996-06-25,ben.dahan@hotmail.com,053-6581596,Herzeliya
436339875,May,,Friedman,1984-06-28,may.friedman@hotmail.com,053-2933774,Haifa
140088633,Yuval,Michael,Livne,1978-01-31,yuval.livne1@hotmail.com,058-4138947,Eilat
481142398,Amit,Bat,Begin,1977-04-19,amit.begin1@walla.co.il,055-6824379,Beer-Sheva
887903635,Adi,Bat,Lapid,1964-01-28,adi.lapid@teva.com,055-5713379,Beer-Sheva
641518040,Rami,,Cohen,1963-06-09,rami.cohen@gmail.com,052-6509885,Nahariya
244426148,Gal,Michael,Livne,1964-03-16,gal.livne1@gmail.com,054-1550141,Eilat
589469038,Kobi,,Feldman,1987-07-07,kobi.feldman@checkpoints.com,053-1904217,Rehovot
522445055,Gal,Michael,Green,1938-11-10,gal.green@checkpoints.com,052-4875833,Rehovot
872287093,Agam,Sarah,Geva,1994-01-16,agam.geva1@checkpoints.com,052-1614818,Herzeliya
672436232,Eli,,Aharon,1955-09-29,eli.aharon@hotmail.com,056-8078603,Eilat
558526652,Maya,,Tzur,1980-06-27,maya.tzur@hotmail.com,053-7104016,Haifa
207096768,Eitan,,Ohayon,1994-02-23,eitan.ohayon@teva.com,057-1094211,Beer-Sheva
207612324,Yaron,,Grosman,1988-04-29,yaron.grosman@checkpoints.com,055-8466345,Jerusalem
498429881,May,,Nir,1953-11-25,may.nir@gmail.com,052-8971740,Beer-Sheva
113320672,Michal,,Stern,1997-12-18,michal.stern@checkpoints.com,058-1582404,Nahariya
376121532,Amit,,Malka,1963-10-18,amit.malka@hotmail.com,053-1459706,Tel Aviv - Yafo
936814470,Rami,Yosef,Malka,1949-10-24,rami.malka@gmail.com,050-1291688,Ashdod
344395013,Lior,Sarah,Shapira,1998-11-01,lior.shapira@gmail.com,058-7851268,Petah-Tikva
246107896,Eli,,Gabay,1987-08-17,eli.gabay@gmail.com,051-5430552,Ashdod
451376864,Rivka,,Geva,2008-02-24,rivka.geva@hotmail.com,057-7229997,Eilat
319452849,Inbal,,Gabay,1967-12-09,inbal.gabay@walla.co.il,052-4541336,Beer-Sheva
598703316,Orly,Yosef,Frank,1996-11-12,orly.frank@checkpoints.com,053-1584140,Nahariya
215314451,Gal,Ben,Zamir,1976-10-25,gal.zamir@checkpoints.com,059-3078695,Herzeliya
977375944,Alon,,Peretz,1972-12-18,alon.peretz@gmail.com,056-1317164,Herzeliya
128549989,Inbal,Michael,Nir,2000-03-24,inbal.nir@checkpoints.com,058-4408334,Eilat
711501074,Coral,Leah,Shani,1995-10-15,coral.shani@hotmail.com,053-3435196,Eilat
780091681,Tali,Yosef,Livne,1980-04-11,tali.livne1@gmail.com,056-6044074,Haifa
353270831,Ilan,Bat,Green,1982-06-16,ilan.green@gmail.com,052-3935348,Rehovot
526027449,Noga,Bat,Hoffman,1961-10-05,noga.hoffman@checkpoints.com,059-5703523,Petah-Tikva
118134635,Orly,,Rubin,1943-12-21,orly.rubin@checkpoints.com,051-4684535,Haifa
235617948,Gadi,Michael,Yadin,1946-02-09,gadi.yadin@teva.com,051-6342196,Petah-Tikva
606740857,Sarah,,Berger,1991-06-08,sarah.berger@gmail.com,059-4980001,Jerusalem
531773420,Neta,Ben,Schwartz,1987-01-18,neta.schwartz1@gmail.com,054-7811559,Beer-Sheva
948843100,David,Ben,Avraham,1982-04-21,david.avraham@teva.com,055-6140208,Ashdod
332400659,Omer,,Ramon,1971-09-28,omer.ramon@teva.com,051-9444522,Nahariya
171817330,Asaf,,Shamir,1973-03-05,asaf.shamir@gmail.com,055-2230556,Haifa
966404206,Leah,Leah,Guttman,1991-04-16,leah.guttman@gmail.com,052-5312068,Tel Aviv - Yafo
210937437,Yosef,Ben,Eshkol,1937-09-21,yosef.eshkol@checkpoints.com,055-5768369,Tel Aviv - Yafo
286450108,Moshe,,Aharon,1958-08-10,moshe.aharon@hotmail.com,056-4268071,Jerusalem
729647822,Stav,Bat,Friedman,1984-06-01,stav.friedman@hotmail.com,055-4218345,Eilat
805581849,David,Bat,Levi,1970-06-08,david.levi@gmail.com,051-6891316,Tel Aviv - Yafo
524770786,May,,Netanyahu,1984-12-11,may.netanyahu@walla.co.il,053-5882896,Tel Aviv - Yafo
775033281,Sarah,Leah,Lazar,1961-06-07,sarah.lazar1@gmail.com,050-7732392,Beer-Sheva
983585973,Israel,Ben,Bar-On,1963-03-27,israel.bar-on2@gmail.com,056-6317123,Tel Aviv - Yafo
177174679,Zohar,,Tamir,1978-09-06,zohar.tamir@checkpoints.com,050-3703627,Herzeliya
785024085,Guy,,Geva,1974-11-15,guy.geva@walla.co.il,052-9601297,Haifa
375786148,Amit,,Liberman,1939-11-10,amit.liberman@gmail.com,051-4484407,Haifa
863626738,Ben,,Netanyahu,1947-02-09,ben.netanyahu@hotmail.com,054-7160189,Herzeliya
335654714,Avraham,,Goldberg,1971-08-28,avraham.goldberg@gmail.com,050-9488773,Beer-Sheva
784528657,Oren,, Dayan,1961-07-29,oren. dayan@gmail.com,055-6458896,Ashdod
710427852,Gadi,,Heller,2005-05-07,gadi.heller@gmail.com,059-2524099,Haifa
334663101,Omer,Sarah,Malka,1978-10-26,omer.malka@gmail.com,056-6411134,Ashdod
517076435,Lior,Sarah,Levi,1995-12-25,lior.levi1@checkpoints.com,059-3876201,Rehovot
644020307,Lior,,Ben-Gurion,1961-10-28,lior.ben-gurion1@gmail.com,051-6942862,Herzeliya
778042621,Noam,,Peled,1969-03-08,noam.peled@teva.com,058-2288137,Rehovot
261960105,May,Leah,Ronen,2006-03-30,may.ronen@gmail.com,051-6543080,Jerusalem
475547595,Yael,Yosef,Navon,2004-08-17,yael.navon@gmail.com,056-9624964,Nahariya
757130127,Sarah,,Goldberg,1982-12-15,sarah.goldberg1@gmail.com,058-2768994,Petah-Tikva
468114150,Dorit,Yosef,Gur,1942-03-08,dorit.gur@gmail.com,054-2183245,Herzeliya
553492325,Avraham,,Harari,1950-08-25,avraham.harari@hotmail.com,054-1480316,Jerusalem
748826767,Iris,,Weiss,1986-09-07,iris.weiss@gmail.com,055-1207821,Eilat
823286212,Inbal,Leah,Navon,1995-12-21,inbal.navon@walla.co.il,057-3366600,Rehovot
889818731,Yael,,Sharon,1983-10-26,yael.sharon@checkpoints.com,057-5515363,Rehovot
797673541,Michal,,Peles,2003-04-05,michal.peles@gmail.com,055-3389077,Rehovot
250730791,Shlomo,Ben,Segal,1966-02-15,shlomo.segal@hotmail.com,054-5473954,Jerusalem
606192370,David,Bat,Avraham,2000-02-18,david.avraham@checkpoints.com,055-4832390,Nahariya
534508891,Guy,,fuchs,2002-03-08,guy.fuchs@gmail.com,058-7973577,Nahariya
124069325,Avigail,Bat,Feldman,1952-07-20,avigail.feldman1@gmail.com,051-2459194,Jerusalem
138511981,Eyal,,Berger,1965-09-14,eyal.berger@gmail.com,051-3573793,Rehovot
674328089,Sarah,,Azoulay,1947-05-24,sarah.azoulay@walla.co.il,058-4081926,Tel Aviv - Yafo
387561269,Yosef,,Katz,1959-08-04,yosef.katz@gmail.com,057-5697288,Nahariya
474850283,Meital,,Kramer,1979-03-19,meital.kramer@gmail.com,053-8336337,Tel Aviv - Yafo
243642533,Shani,Bat,Tal,1951-03-08,shani.tal@gmail.com,054-7749471,Jerusalem
666458653,Leah,,Katz,1957-10-23,leah.katz@hotmail.com,056-4792225,Herzeliya
827212118,Inbal,Yosef,Cohen,1961-06-02,inbal.cohen@hotmail.com,057-8348262,Jerusalem
168293851,Hadar,Yosef,Yadin,1966-07-31,hadar.yadin@checkpoints.com,055-2295947,Beer-Sheva
546443197,Ben,Ben,Sharon,1987-03-05,ben.sharon@teva.com,057-8860951,Herzeliya
549585734,Dana,,Peles,1948-08-10,dana.peles@hotmail.com,055-5595865,Rehovot
458963194,Stav,Bat,Ben-Gurion,1983-08-06,stav.ben-gurion@walla.co.il,052-7151184,Rehovot
260836288,Adi,,Tzur,1942-01-16,adi.tzur@gmail.com,058-8440917,Ashdod
103841632,Meital,Bat,Netanyahu,1987-09-03,meital.netanyahu@checkpoints.com,057-8178950,Ashdod
577334543,Chaim,, Dayan,1983-01-31,chaim. dayan@gmail.com,055-3984414,Jerusalem
234693805,Yael,Bat,Green,1941-07-09,yael.green@gmail.com,055-6310272,Rehovot
211201675,Asaf,,Turgeman,1948-03-05,asaf.turgeman@hotmail.com,056-1364396,Rehovot
427905549,Ilan,,Asulin,1959-10-29,ilan.asulin@gmail.com,057-6420853,Petah-Tikva
384388547,Shani,,Segal,1969-08-02,shani.segal@walla.co.il,051-2267674,Ashdod
531376690,Shlomo,,Gabay,1993-06-20,shlomo.gabay@checkpoints.com,057-5356116,Tel Aviv - Yafo
516730373,Shlomo,Bat,Yosef,1984-07-28,shlomo.yosef@checkpoints.com,057-3033399,Petah-Tikva
840335432,Gil,,Malka,1957-03-12,gil.malka@gmail.com,054-1720718,Petah-Tikva
588637313,Tomers,Michael,Azoulay,1975-04-03,tomers.azoulay1@teva.com,056-2009253,Haifa
433250212,Yitzhak,Leah,Green,1953-01-16,yitzhak.green@walla.co.il,053-2060647,Ashdod
824467115,Gadi,,Berger,1954-08-06,gadi.berger@checkpoints.com,057-2621783,Petah-Tikva
676212430,Avraham,Ben,Bareket,1938-04-19,avraham.bareket@gmail.com,053-1659121,Jerusalem
411434845,Roni,Michael,Ben-Ari,1965-05-30,roni.ben-ari@gmail.com,051-1994831,Eilat
155288714,Itai,,Livne,1939-10-26,itai.livne@gmail.com,055-7681458,Haifa
501258496,Noam,,Ramon,1990-02-15,noam.ramon@hotmail.com,058-6853412,Petah-Tikva
109788042,Yaron,Sarah,Gabay,1974-01-28,yaron.gabay1@gmail.com,051-7178732,Nahariya
548423261,Michal,,Agbaria,1997-11-23,michal.agbaria@teva.com,054-1583400,Haifa
913040830,Meital,Ben,Ronen,1974-03-11,meital.ronen@teva.com,055-3753212,Rehovot
371521068,Sapir,Yosef,Agbaria,1996-10-03,sapir.agbaria@hotmail.com,056-5218548,Ashdod
187028071,Kim,Yosef,Bareket,1942-12-06,kim.bareket@checkpoints.com,058-9632974,Haifa
427624969,Rivka,Michael,Lavi,1936-11-05,rivka.lavi@walla.co.il,054-3219310,Rehovot
417249919,Guy,,Ben-Ari,1953-07-23,guy.ben-ari1@gmail.com,055-2822442,Herzeliya
119797531,Agam,,Omer,1952-01-23,agam.omer1@gmail.com,057-2903267,Eilat
891399539,Avigail,Michael,Dahan,1944-11-16,avigail.dahan1@gmail.com,056-8095734,Petah-Tikva
235254802,Yaron,,Ramon,1942-04-27,yaron.ramon@hotmail.com,059-4811152,Jerusalem
234083409,Dudi,,Sarusi,1949-12-04,dudi.sarusi1@checkpoints.com,052-5038690,Herzeliya
277174525,Agam,,Turgeman,1944-03-26,agam.turgeman@gmail.com,057-2603608,Nahariya
426162598,Omer,Michael,Ramon,2001-10-22,omer.ramon@walla.co.il,058-7459926,Haifa
156697650,Orly,Sarah,Navon,1948-05-06,orly.navon@walla.co.il,053-3537697,Petah-Tikva
714788736,Erez,,Lavi,1976-06-24,erez.lavi@walla.co.il,052-9596362,Ashdod
327441564,Gadi,,Lavi,1979-12-21,gadi.lavi@hotmail.com,053-5316212,Jerusalem
812748709,Sivan,,Golan,1965-02-01,sivan.golan@walla.co.il,059-2532133,Jerusalem
987902626,Rami,Ben,Saban,1973-02-15,rami.saban@walla.co.il,056-5446243,Herzeliya
538998771,Shahar,,Kramer,1952-11-18,shahar.kramer@checkpoints.com,054-7679530,Eilat
878078074,Rachel,Sarah,Gabay,1995-08-19,rachel.gabay@checkpoints.com,059-1591144,Nahariya
783216131,Avigail,Ben,Tzur,1956-12-14,avigail.tzur@hotmail.com,058-7612863,Rehovot
745013478,Bar,,Rubin,1957-07-14,bar.rubin@gmail.com,054-3963824,Beer-Sheva
644384622,Lior,,Saban,1969-09-23,lior.saban@gmail.com,055-7581003,Nahariya
485879630,Sarah,,Kramer,1983-01-28,sarah.kramer@gmail.com,052-8921049,Rehovot
738234660,Yaakov,,Shamir,1993-07-11,yaakov.shamir@walla.co.il,054-5601307,Jerusalem
825685404,May,Yosef,Peled,1939-01-13,may.peled1@gmail.com,057-8685056,Ashdod
321263246,Yosef,Yosef,Bareket,2004-06-28,yosef.bareket1@gmail.com,051-8102053,Herzeliya
789443171,Yitzhak,,Sharon,2002-02-06,yitzhak.sharon@teva.com,057-8837227,Beer-Sheva
590321107,Rivka,,Gal,1944-04-23,rivka.gal@gmail.com,053-3022638,Eilat
230294634,Chaim,Leah,Vaknin,1965-01-31,chaim.vaknin@gmail.com,051-2676810,Nahariya
597005129,Sapir,Ben,Hadad,1991-04-13,sapir.hadad@gmail.com,058-6547342,Nahariya
161923070,Eitan,,Mizrachi,1968-09-29,eitan.mizrachi@teva.com,052-5085470,Jerusalem
946083527,Stav,Michael,Eshkol,1983-10-17,stav.eshkol1@gmail.com,058-1661990,Ashdod
853586829,Ofek,,Marciano,1973-05-23,ofek.marciano@gmail.com,053-6293395,Nahariya
542146703,Bar,,Shaham,1971-10-04,bar.shaham@gmail.com,050-7698174,Tel Aviv - Yafo
432259390,Noga,Ben,Sharon,1951-12-24,noga.sharon@teva.com,056-4751157,Nahariya
193513267,Hadar,,Yadin,1975-12-17,hadar.yadin@walla.co.il,055-7684118,Herzeliya
463672335,Michael,Leah,Guttman,1982-09-17,michael.guttman@hotmail.com,055-3532978,Ashdod
364193034,Ariel,,Rabin,1992-04-06,ariel.rabin@teva.com,056-8325434,Petah-Tikva
862045822,Kim,,Hadad,1971-04-16,kim.hadad1@gmail.com,055-1025738,Herzeliya
610391036,Asaf,,Gur,1971-12-24,asaf.gur@teva.com,053-6020415,Haifa
687977599,Ofek,Leah,Stern,1942-02-28,ofek.stern@teva.com,058-5018807,Herzeliya
326782556,Ron,Ben,Yosef,1962-12-04,ron.yosef@teva.com,052-1086278,Rehovot
552612655,Dana,,Shamir,1996-05-03,dana.shamir@hotmail.com,057-4232327,Petah-Tikva
645929922,Kim,,Malka,1978-03-07,kim.malka@walla.co.il,051-6230518,Rehovot
351464412,Roni,Ben,Frank,1990-12-29,roni.frank1@gmail.com,055-3802385,Nahariya
131087578,Daniel,,Heller,1964-12-05,daniel.heller@gmail.com,053-9849633,Jerusalem
281856872,Motti,,Eshkol,1971-01-10,motti.eshkol@checkpoints.com,059-2582817,Beer-Sheva
364694868,Gil,,Berger,1958-11-04,gil.berger@hotmail.com,054-3582391,Ashdod
552667013,Yael,,Silberman,1972-09-19,yael.silberman@walla.co.il,051-5294538,Beer-Sheva
699111959,Sapir,Bat,Friedman,1964-08-15,sapir.friedman1@gmail.com,052-7057105,Eilat
282426743,Eden,,fuchs,1999-11-23,eden.fuchs@gmail.com,059-6328101,Nahariya
867100761,Yael,Yosef,Klein,1968-11-12,yael.klein1@gmail.com,052-5500590,Nahariya
953904422,Michal,Leah,Sarusi,1939-05-09,michal.sarusi@teva.com,059-8141749,Tel Aviv - Yafo
972081213,Yaron,,Shaham,1945-11-09,yaron.shaham@teva.com,058-4231111,Eilat
426121682,Eitan,,Tzur,1962-04-20,eitan.tzur@gmail.com,051-3275501,Jerusalem
870653634,Niv,,Lavi,1994-11-27,niv.lavi@hotmail.com,058-8605838,Ashdod
128787553,Sigal,,Ronen,1968-12-08,sigal.ronen@hotmail.com,058-7803527,Jerusalem
786503268,Dor,Sarah,Frank,2004-03-20,dor.frank@gmail.com,058-4482371,Petah-Tikva
986142301,Sapir,,Ronen,2007-04-25,sapir.ronen@walla.co.il,059-1508672,Jerusalem
872157639,Shlomo,,Altman,1991-11-30,shlomo.altman@gmail.com,059-1131328,Rehovot
704896492,Itai,,Klein,1999-04-20,itai.klein@hotmail.com,059-9805405,Tel Aviv - Yafo
168366074,Moshe,,Katz,1937-04-12,moshe.katz@gmail.com,058-1824672,Eilat
802884459,Roy,,Peres,1965-10-09,roy.peres@hotmail.com,059-9518048,Ashdod
370408749,Ariel,Michael,Ohayon,1942-08-03,ariel.ohayon1@gmail.com,058-6804917,Rehovot
970026832,Rami,Sarah,Peres,1955-09-05,rami.peres@teva.com,050-3611048,Nahariya
246323445,Ilan,,Gabay,1960-08-17,ilan.gabay@gmail.com,051-9795619,Beer-Sheva
104526542,Yitzhak,,Shaham,1937-01-12,yitzhak.shaham@gmail.com,057-5153512,Ashdod
803576068,Asaf,,fuchs,2004-12-04,asaf.fuchs@hotmail.com,056-2207993,Nahariya
229912760,Rachel,,Harari,1944-11-19,rachel.harari@walla.co.il,057-8333905,Jerusalem
810558519,Shlomo,,Navon,1968-10-15,shlomo.navon@walla.co.il,051-3774263,Petah-Tikva
135437295,Lihi,,Nir,1995-05-15,lihi.nir@hotmail.com,053-8487816,Eilat
729920183,Anat,,Nir,2003-11-06,anat.nir@checkpoints.com,054-9151954,Ashdod
616749218,Kobi,,Saban,1939-11-07,kobi.saban@gmail.com,058-3212189,Eilat
722036738,Michal,,Tamir,1984-06-26,michal.tamir@walla.co.il,051-4443433,Rehovot
258099413,Oren,,Agbaria,1965-03-08,oren.agbaria@gmail.com,051-1044481,Herzeliya
698802563,Linoy,Bat,Liberman,1988-03-05,linoy.liberman@checkpoints.com,054-3457562,Nahariya
544973047,Michal,,Avraham,2007-05-28,michal.avraham@gmail.com,058-6656977,Tel Aviv - Yafo
583685698,Orly,,Shaham,1952-11-20,orly.shaham@gmail.com,055-9262901,Ashdod
896465683,Noam,Sarah,Guttman,1948-04-26,noam.guttman@gmail.com,052-1951694,Petah-Tikva
506970784,Avigail,,Marciano,1996-12-21,avigail.marciano@walla.co.il,054-2138431,Jerusalem
548992699,Yuval,,Ben-Ari,1987-11-02,yuval.ben-ari@gmail.com,056-6039069,Nahariya
274913532,Avraham,,Blau,1940-06-27,avraham.blau@gmail.com,058-7971019,Jerusalem
957650195,Coral,Yosef,Shamir,1960-01-07,coral.shamir1@gmail.com,050-7790649,Nahariya
909697981,Neta,,Netanyahu,1981-01-27,neta.netanyahu@gmail.com,057-4128262,Herzeliya
168317017,Yuval,,Biton,1955-02-27,yuval.biton@checkpoints.com,056-5384412,Ashdod
369808397,Mor,,Gal,1954-03-26,mor.gal@teva.com,054-9768406,Tel Aviv - Yafo
450017647,Dan,,Agbaria,2000-09-28,dan.agbaria@hotmail.com,057-9764581,Beer-Sheva
902194482,Shir,,Ben-Gurion,1938-10-06,shir.ben-gurion@gmail.com,054-5097699,Haifa
975142357,Orly,,Katz,1965-11-20,orly.katz@gmail.com,052-9131198,Petah-Tikva
121812942,Shira,Michael,Malka,1976-01-07,shira.malka@walla.co.il,055-9014296,Rehovot
711163910,Israel,Sarah,Harel,1977-07-29,israel.harel1@gmail.com,054-6973915,Rehovot
789663835,Gal,,Grosman,1970-02-04,gal.grosman@walla.co.il,058-1690496,Jerusalem
414345444,Amit,Ben,Harel,2008-04-22,amit.harel@teva.com,054-9273851,Rehovot
712733906,Yaakov,,Geva,1993-10-07,yaakov.geva@gmail.com,053-7408677,Jerusalem
295296398,Shir,,Goldberg,1979-08-05,shir.goldberg@gmail.com,059-7574863,Ashdod
637171103,Shalom,,Lapid,1939-09-02,shalom.lapid@teva.com,051-1179315,Tel Aviv - Yafo
772822947,Noga,,Levi,1997-04-17,noga.levi@gmail.com,058-3889514,Jerusalem
524889024,Sarah,,Shamir,1968-08-26,sarah.shamir@hotmail.com,059-4416288,Beer-Sheva
518754721,Maya,,Feldman,1949-03-11,maya.feldman@checkpoints.com,052-7857417,Nahariya
489233160,Neta,,Yarkoni,1989-01-18,neta.yarkoni@checkpoints.com,058-5958491,Ashdod
364193687,Michal,,Zilber,1976-06-13,michal.zilber@teva.com,051-4843686,Nahariya
160762430,Sigal,Yosef,Rabin,1996-02-05,sigal.rabin@checkpoints.com,057-8383898,Haifa
781148312,Shani,Bat,Azoulay,1979-05-03,shani.azoulay@teva.com,056-5648081,Ashdod
227615405,Iris,,Turgeman,1965-11-13,iris.turgeman@gmail.com,059-1132709,Tel Aviv - Yafo
337342016,Yosef,Sarah,Sela,1970-04-16,yosef.sela1@gmail.com,052-1278371,Eilat
245821906,Osnat,Leah,Sarusi,1960-03-14,osnat.sarusi@walla.co.il,055-9252530,Haifa
628023258,Michal,,Friedman,1954-10-16,michal.friedman@teva.com,051-8587241,Herzeliya
844171847,Osnat,,Sharon,2007-03-14,osnat.sharon@gmail.com,057-7437638,Rehovot
840811804,Mor,Michael,Goldberg,1992-07-31,mor.goldberg@walla.co.il,053-7218568,Nahariya
606244019,Erez,Ben,Altman,1988-05-02,erez.altman@gmail.com,056-1098141,Beer-Sheva
677488378,Dudi,Sarah,Stern,1947-12-28,dudi.stern@gmail.com,059-1390322,Herzeliya
389441897,Niv,Ben,Lavi,1992-01-23,niv.lavi@checkpoints.com,054-2607906,Haifa
776199499,Sivan,,Shani,1947-02-11,sivan.shani@checkpoints.com,059-6260634,Eilat
776247273,Sivan,,Feldman,1999-11-23,sivan.feldman@gmail.com,058-7189228,Herzeliya
813164436,Ronit,Leah,Cohen,2003-08-13,ronit.cohen@gmail.com,051-8660050,Petah-Tikva
803233801,Asaf,Ben,Shaham,1937-11-18,asaf.shaham@hotmail.com,057-8373744,Eilat
169704417,Zohar,,Peretz,1955-12-06,zohar.peretz@walla.co.il,053-4660070,Eilat
960067458,Omer,Leah,Turgeman,1965-04-07,omer.turgeman@walla.co.il,059-3830571,Herzeliya
464259545,Rotem,Leah,Harel,2003-06-18,rotem.harel@gmail.com,053-4435699,Ashdod
882430230,Yaron,,Feldman,1989-01-26,yaron.feldman@checkpoints.com,055-8232028,Petah-Tikva
641420271,Neta,,Arad,1977-10-01,neta.arad@walla.co.il,051-5422040,Rehovot
101148079,Lior,Leah,Ohayon,1947-10-01,lior.ohayon1@gmail.com,059-8265343,Ashdod
316427113,Moshe,Ben,Porat,1961-10-27,moshe.porat2@gmail.com,050-9324676,Tel Aviv - Yafo
576497110,Roni,Leah,Yarkoni,1972-09-12,roni.yarkoni1@gmail.com,050-3139850,Ashdod
615902408,Gadi,Sarah,Shamir,1986-09-27,gadi.shamir@walla.co.il,057-8004945,Beer-Sheva
398455359,Idan,,Livne,1979-11-20,idan.livne@gmail.com,053-1557968,Tel Aviv - Yafo
475466065,Sivan,,Guttman,1961-04-30,sivan.guttman@hotmail.com,051-5752949,Rehovot
165813718,Rivka,Bat,Golan,1976-02-08,rivka.golan@teva.com,054-1609052,Beer-Sheva
373444074,Rami,Bat,Spector,1969-02-05,rami.spector@gmail.com,053-1421774,Herzeliya
308524093,Bar,,Hadad,1969-03-27,bar.hadad@walla.co.il,051-4886279,Herzeliya
811220129,Israel,,Rabin,1970-08-29,israel.rabin@checkpoints.com,055-7589338,Beer-Sheva
893328051,Coral,Yosef,Sarusi,1946-06-30,coral.sarusi1@gmail.com,059-2215260,Beer-Sheva
724307579,Dana,,Cohen,2004-11-17,dana.cohen@checkpoints.com,058-8067720,Rehovot
184563828,Avraham,Leah,Harel,1969-10-02,avraham.harel1@gmail.com,050-5767271,Nahariya
310332785,Yaron,,Bareket,2003-11-28,yaron.bareket@checkpoints.com,055-1109896,Petah-Tikva
951315676,Avigail,Sarah,Segal,1979-10-24,avigail.segal@gmail.com,052-1914999,Jerusalem
456897078,Gal,,Marciano,1957-09-18,gal.marciano@gmail.com,052-1047641,Ashdod
497409080,Noa,,Klein,1977-06-01,noa.klein@gmail.com,053-5990839,Nahariya
641031864,Gadi,,Dahan,1949-04-30,gadi.dahan@teva.com,057-3409409,Eilat
458095230,Mor,Bat,Cohen,1959-08-13,mor.cohen@hotmail.com,059-6427762,Tel Aviv - Yafo
106313393,Osnat,Ben,Weiss,1940-06-22,osnat.weiss1@checkpoints.com,055-2961827,Beer-Sheva
236971258,Ariel,Sarah,Peles,1976-05-13,ariel.peles@walla.co.il,057-1146014,Haifa
857087502,Dorit,Michael,Berger,1950-12-17,dorit.berger@hotmail.com,051-5065537,Rehovot
409234444,Idan,,Begin,1956-05-02,idan.begin@gmail.com,057-2779906,Tel Aviv - Yafo
513054406,Kobi,,Kramer,1968-06-18,kobi.kramer@gmail.com,055-9695484,Jerusalem
192437430,Stav,,Rabin,1969-11-13,stav.rabin@gmail.com,058-1797582,Ashdod
745554662,Noa,,Green,1944-08-23,noa.green@gmail.com,053-2016036,Jerusalem
603567557,Yuval,,Levi,1945-10-28,yuval.levi@teva.com,052-2523546,Jerusalem
250811908,Dana,,Katz,1988-03-30,dana.katz@hotmail.com,056-4591441,Nahariya
464084181,Ron,Michael,Stern,1968-05-20,ron.stern@gmail.com,053-5558296,Tel Aviv - Yafo
566885266,Yuval,Sarah,Weiss,1987-05-14,yuval.weiss@checkpoints.com,057-4368143,Tel Aviv - Yafo
850841652,Gadi,Bat,Barkat,2005-09-18,gadi.barkat@walla.co.il,058-2245586,Haifa
468769743,Idan,Yosef,Shaham,1951-03-31,idan.shaham@gmail.com,052-3358412,Rehovot
995374740,Yitzhak,,Bareket,2000-01-04,yitzhak.bareket@gmail.com,052-5199869,Herzeliya
691036214,Mor,Michael,Gabay,1941-11-02,mor.gabay@checkpoints.com,058-4073788,Jerusalem
167220145,Guy,,Yarkoni,1981-07-01,guy.yarkoni@gmail.com,058-8821114,Jerusalem
845384626,Daniel,Michael,Hadad,1995-07-02,daniel.hadad@hotmail.com,053-6589290,Nahariya
774696968,Rivka,,Zilber,2003-03-13,rivka.zilber@teva.com,056-1215991,Beer-Sheva
108521525,Yaron,,Rabin,1968-03-13,yaron.rabin@checkpoints.com,059-6574492,Beer-Sheva
418610823,Guy,,Ben-Gurion,1972-06-09,guy.ben-gurion1@gmail.com,058-7060263,Herzeliya
890850807,May,,Harari,1968-10-16,may.harari@gmail.com,054-5618091,Eilat
145212665,Osnat,Yosef,Guttman,1993-09-12,osnat.guttman@teva.com,051-6950791,Rehovot
539097265,Alon,,Peled,1992-06-16,alon.peled@walla.co.il,059-7053959,Petah-Tikva
804299626,Eli,Ben,Stern,1948-06-04,eli.stern@walla.co.il,054-8505308,Beer-Sheva
388922178,Avi,,Liberman,1957-04-02,avi.liberman@walla.co.il,054-2708619,Beer-Sheva
758364596,Maya,Bat,Biton,1974-05-28,maya.biton2@gmail.com,056-1685856,Ashdod
170537781,Omer,,Peres,1960-03-15,omer.peres@gmail.com,057-1652733,Haifa
474990961,Agam,,Hoffman,2005-08-28,agam.hoffman@gmail.com,058-4888586,Herzeliya
534170075,Yosef,Bat,Gur,1944-11-08,yosef.gur@hotmail.com,059-6809139,Tel Aviv - Yafo
161080466,Anat,Ben,Vaknin,1973-08-26,anat.vaknin1@gmail.com,058-8786276,Beer-Sheva
262496244,Yaakov,Bat,Silberman,1995-05-11,yaakov.silberman@teva.com,053-3277042,Ashdod
186415458,Agam,, Dayan,1954-10-08,agam. dayan@gmail.com,054-7437488,Rehovot
838354052,Itai,,Grosman,1986-10-02,itai.grosman@gmail.com,051-7132502,Rehovot
557252751,Limor,,Segal,1946-08-03,limor.segal@hotmail.com,051-3057851,Ashdod
748989188,Eli,,Altman,2001-02-26,eli.altman@gmail.com,057-3891793,Jerusalem
415439223,Avigail,,Saban,1970-04-26,avigail.saban@gmail.com,058-1037810,Ashdod
639886389,Yaron,Bat,Turgeman,1969-04-03,yaron.turgeman@hotmail.com,053-1753468,Herzeliya
432148298,Gil,,Tamir,1939-10-31,gil.tamir@gmail.com,053-5778821,Rehovot
338530601,Noam,,Shamir,1991-08-27,noam.shamir@gmail.com,054-1031387,Tel Aviv - Yafo
785468586,Anat,,Agbaria,1953-05-25,anat.agbaria@gmail.com,058-7972438,Nahariya
485271764,Guy,,Spector,2004-01-25,guy.spector@gmail.com,055-3673453,Ashdod
140201932,Niv,,Bareket,2007-12-30,niv.bareket@gmail.com,056-2284492,Jerusalem
188875549,Adam,Sarah,Friedman,1977-02-06,adam.friedman1@gmail.com,051-4764494,Herzeliya
118808514,Gadi,Ben,Silberman,2005-09-03,gadi.silberman@teva.com,059-2640436,Nahariya
899576685,Daniel,Leah,Netanyahu,1967-08-08,daniel.netanyahu1@teva.com,050-9987169,Ashdod
997471401,Nir,,Hoffman,1985-02-27,nir.hoffman@walla.co.il,056-9067620,Herzeliya
906685316,Chaim,Bat,Eshkol,2005-04-08,chaim.eshkol@teva.com,053-9285013,Rehovot
406475689,Linoy,,Biton,1971-08-19,linoy.biton@checkpoints.com,055-4934669,Petah-Tikva
979681446,Orly,Bat,Goldberg,1964-02-20,orly.goldberg@checkpoints.com,054-5786921,Jerusalem
587144686,Adam,Ben,Bar-On,1944-05-10,adam.bar-on@teva.com,058-9289362,Tel Aviv - Yafo
145831002,Shani,Leah,Gal,1984-12-29,shani.gal1@hotmail.com,051-4162189,Nahariya
735018099,Shahar,,Malka,1983-05-15,shahar.malka@hotmail.com,056-7963701,Petah-Tikva
731331952,Ron,,Shamir,1987-12-02,ron.shamir@gmail.com,053-6001613,Jerusalem
954431256,Tamar,Leah,Malka,1963-03-19,tamar.malka@gmail.com,055-2720354,Petah-Tikva
842909732,Coral,,Levine,1995-09-29,coral.levine@gmail.com,054-9699199,Ashdod
303923492,Meital,,Goldberg,1973-07-13,meital.goldberg@checkpoints.com,052-2977758,Jerusalem
185677476,Sapir,,Shani,1943-07-01,sapir.shani@walla.co.il,051-8467052,Eilat
423450329,Shlomo,,Harari,1992-08-01,shlomo.harari1@gmail.com,054-3650448,Herzeliya
568825024,Itai,,Guttman,1980-02-04,itai.guttman@walla.co.il,055-2085907,Ashdod
502216987,Tomers,,Peretz,1961-07-18,tomers.peretz@checkpoints.com,054-8641223,Tel Aviv - Yafo
410305363,Niv,Leah,Avraham,1937-04-24,niv.avraham@checkpoints.com,055-1272719,Ashdod
370436957,Avi,,Levine,1942-09-03,avi.levine@gmail.com,057-8709180,Eilat
535417628,Avraham,,Friedman,1996-02-28,avraham.friedman@teva.com,052-3799165,Herzeliya
531699688,Sapir,,Begin,1979-08-15,sapir.begin@gmail.com,056-7593752,Rehovot
344128873,Avraham,,Saban,1964-01-29,avraham.saban@teva.com,052-2936402,Beer-Sheva
905064492,Maya,Leah,Segal,1948-01-30,maya.segal@hotmail.com,056-2124815,Ashdod
565445457,Yaakov,,Cohen,2007-11-07,yaakov.cohen@teva.com,054-1955752,Eilat
615622491,Sarah,Michael,Asulin,2007-08-21,sarah.asulin1@gmail.com,057-2398045,Herzeliya
738658360,Ariel,Leah,Ramon,1997-10-01,ariel.ramon@gmail.com,055-9446568,Eilat
997408968,Yitzhak,Michael,Lavi,1937-07-22,yitzhak.lavi@checkpoints.com,056-9681942,Nahariya
761156984,Shalom,,Avraham,1963-07-11,shalom.avraham2@hotmail.com,056-6463777,Rehovot
391330526,Sigal,,Deutsch,1947-06-22,sigal.deutsch@gmail.com,050-9096465,Beer-Sheva
527390623,Maya,,Shapira,1994-02-26,maya.shapira@gmail.com,055-8293367,Beer-Sheva
301719293,Maya,,Blau,1980-05-05,maya.blau@gmail.com,050-1019519,Beer-Sheva
198989825,Shira,,Eitan,1960-07-31,shira.eitan@teva.com,052-5739004,Herzeliya
301620576,Gadi,Yosef,Navon,1965-07-04,gadi.navon@checkpoints.com,052-3650921,Petah-Tikva
316576077,Gil,Sarah,Geva,1980-03-17,gil.geva1@teva.com,054-3655771,Haifa
286856015,Kim,Sarah,Melamed,1988-10-29,kim.melamed@gmail.com,057-1292583,Ashdod
760549075,Shalom,,Biton,1994-06-02,shalom.biton@gmail.com,054-3778273,Ashdod
707785976,Shir,Yosef,Barkat,1987-05-09,shir.barkat@teva.com,052-5663859,Beer-Sheva
889630141,Chaim,Michael,Silberman,1963-01-27,chaim.silberman1@hotmail.com,052-9412290,Tel Aviv - Yafo
868352514,Sivan,Leah,Stern,1985-05-29,sivan.stern@checkpoints.com,053-9878512,Ashdod
751398732,Roy,,Omer,1995-02-24,roy.omer@walla.co.il,058-5205500,Nahariya
117824208,Shir,,Koren,1995-04-26,shir.koren@checkpoints.com,059-5991033,Haifa
542361036,Leah,,Weiss,1972-08-21,leah.weiss@walla.co.il,058-9744135,Herzeliya
758624495,Hadar,Leah,Avraham,2001-05-19,hadar.avraham@gmail.com,050-1582034,Rehovot
716082496,Ron,Yosef,Elbaz,1939-06-20,ron.elbaz@teva.com,058-3545973,Haifa
346486830,Tomers,,Klein,2005-05-13,tomers.klein@hotmail.com,057-1940266,Beer-Sheva
962828909,Ariel,Bat,Olmert,1984-07-11,ariel.olmert1@gmail.com,053-8584564,Petah-Tikva
872554861,Omer,Sarah,Sharon,1961-05-29,omer.sharon@gmail.com,057-1942175,Tel Aviv - Yafo
514279949,Gal,,Klein,1991-08-31,gal.klein@checkpoints.com,059-9085343,Haifa
807763978,Eli,,Dahan,1936-09-01,eli.dahan@gmail.com,052-8388255,Ashdod
841303664,Adam,Ben,Eshkol,1965-12-19,adam.eshkol1@gmail.com,057-2075147,Eilat
229468041,Ron,Bat,Friedman,1938-06-27,ron.friedman@walla.co.il,053-6828906,Jerusalem
818638492,Dudi,,Gabay,1963-10-03,dudi.gabay@gmail.com,056-3122622,Beer-Sheva
406736381,Itai,,Ronen,1965-05-10,itai.ronen@checkpoints.com,050-2707106,Ashdod
608141127,Adi,,Nir,1982-05-23,adi.nir@gmail.com,053-8941925,Petah-Tikva
777707005,Ron,Bat,Kraus,1959-01-22,ron.kraus1@gmail.com,050-7264313,Rehovot
217106864,Noga,,Melamed,1964-12-02,noga.melamed@teva.com,059-1474979,Petah-Tikva
642356499,Israel,Yosef,Berger,1966-07-13,israel.berger@checkpoints.com,059-4006187,Petah-Tikva
860827353,Leah,,Harel,1988-03-13,leah.harel@hotmail.com,052-4241263,Beer-Sheva
696004254,Ariel,,Cohen,1954-08-12,ariel.cohen@gmail.com,054-7683907,Eilat
647780763,Gal,,Levine,1961-12-20,gal.levine@gmail.com,051-5968538,Tel Aviv - Yafo
756136627,Niv,,Sharon,1944-11-30,niv.sharon@teva.com,055-7180000,Petah-Tikva
517570148,Nir,,Guttman,1985-07-15,nir.guttman@teva.com,051-5491532,Rehovot
173376873,Mor,,Elbaz,1941-10-24,mor.elbaz@walla.co.il,053-6860006,Haifa
407036850,Rivka,Michael,Feldman,2005-11-10,rivka.feldman@gmail.com,057-8584868,Rehovot
887331255,Leah,,Nir,1938-09-29,leah.nir@gmail.com,055-3143688,Nahariya
607373846,Adam,Bat,Asulin,2006-12-13,adam.asulin@gmail.com,054-8168967,Herzeliya
688819235,Limor,,Harari,1968-12-02,limor.harari@checkpoints.com,054-8411044,Rehovot
982862719,Eden,,Klein,1969-06-19,eden.klein@gmail.com,052-8690958,Jerusalem
921431164,Sivan,Sarah,Vaknin,1952-07-04,sivan.vaknin@gmail.com,057-7946419,Nahariya
403379404,Rachel,,Altman,1937-01-31,rachel.altman@gmail.com,054-3030482,Ashdod
550819030,Shani,,Netanyahu,1961-07-19,shani.netanyahu@hotmail.com,055-4504416,Ashdod
773752090,Gadi,,Saban,1941-02-15,gadi.saban@gmail.com,054-7719589,Haifa
110169965,Sigal,,Peres,2001-10-04,sigal.peres@walla.co.il,054-8009371,Rehovot
396604095,Limor,,Levine,1960-10-16,limor.levine@walla.co.il,052-6063842,Eilat
241945960,Eli,,Bareket,1957-07-31,eli.bareket@checkpoints.com,054-4797602,Haifa
175927367,Noa,Sarah,Tamir,2003-01-17,noa.tamir1@gmail.com,050-7173577,Petah-Tikva
886994576,Gadi,,Nir,1955-11-30,gadi.nir@gmail.com,055-7780531,Jerusalem
638643698,Yosef,Michael,Marciano,1975-11-28,yosef.marciano@gmail.com,052-7283023,Haifa
665314712,Moshe,,Geva,1953-03-22,moshe.geva@walla.co.il,053-1001662,Nahariya
